item,article,sentence_id,tag,sti_tag,keyword_names_cancer,note,tagged_by,text
p0001,ashley-montagu-resolution,s0196,K,X,no,general infection-benefit intro; infections point stands without cancer,cancer-tagger-1,"Scientific studies have identified several health benefits associated with male circumcision, particularly in reducing the risk of certain infections."
p0002,ashley-montagu-resolution,s0197,K,H,no,HIV,cancer-tagger-1,Randomized controlled trials in Africa demonstrated that voluntary medical male circumcision reduces the risk of heterosexual HIV acquisition in men by approximately 60%. [3]
p0003,ashley-montagu-resolution,s0198,K,X,yes,UTI/HPV/HSV-2 points remain without penile cancer,cancer-tagger-1,"Systematic reviews confirm additional protections against urinary tract infections in infancy, human papillomavirus, herpes simplex virus type 2, and penile cancer, with relative risk reductions ranging from 30% to 60% for these conditions. [41]"
p0004,ashley-montagu-resolution,s0199,K,X,no,"""these benefits"" include HIV, UTI etc.; recommendation is HIV-driven",cancer-tagger-1,"These benefits are endorsed by major health organizations, including the World Health Organization and Centers for Disease Control and Prevention, which recommend male circumcision as a public health intervention in high-HIV-prevalence settings."
p0005,ashley-montagu-resolution,s0201,K,X,no,complication rates,cancer-tagger-1,"Complications from male circumcision are infrequent, especially when performed neonatally by trained providers."
p0006,ashley-montagu-resolution,s0222,K,X,yes,UTI and STI points remain without cancer,cancer-tagger-1,"Proponents invoke John Stuart Mill's harm principle, noting male circumcision's net health benefits—reduced urinary tract infections, penile cancer, and STIs per meta-analyses—outweigh speculative autonomy violations, unlike FGM's universally condemned harms, and argue state bans erode multicultural tolerance without empirical evidence of widespread regret among circumcised adults."
p0007,brit-milah,s0211,K,H,no,HIV,cancer-tagger-1,Randomized controlled trials (RCTs) in sub-Saharan Africa have demonstrated that male circumcision reduces the risk of heterosexual HIV acquisition by 50-60% in men.
p0008,brit-milah,s0212,K,H,no,HIV trials,cancer-tagger-1,"Three major RCTs conducted between 2005 and 2007—one in South Africa showing 60% efficacy, one in Kenya with 53%, and one in Uganda with 51%—provided high-quality evidence prompting World Health Organization recommendations for voluntary medical male circumcision in high-prevalence settings. [101] [102]"
p0009,brit-milah,s0213,K,H,no,"HPV as infection, no cancer point",cancer-tagger-1,"Observational data and meta-analyses further indicate protective effects against human papillomavirus (HPV) and herpes simplex virus type 2 (HSV-2), with reductions of 30-35% for HPV and similar for HSV-2, though evidence for bacterial STIs like chlamydia and gonorrhea is weaker or absent. [103]"
p0010,brit-milah,s0215,C,X,yes,,cancer-tagger-1,"Circumcision performed in childhood or adolescence substantially lowers the incidence of invasive penile cancer, a rare malignancy linked primarily to chronic inflammation and HPV persistence under the foreskin."
p0011,brit-milah,s0216,C,X,yes,,cancer-tagger-1,"A systematic review and meta-analysis of 34 studies reported an odds ratio of 0.33 for penile cancer in circumcised versus uncircumcised men, with the strongest protection (odds ratio 0.12) when circumcision occurs before puberty. [104]"
p0012,brit-milah,s0218,K,X,no,phimosis/balanitis,cancer-tagger-1,"Additional benefits include decreased rates of phimosis (foreskin adhesions or tightening) and balanitis (foreskin inflammation), conditions that affect up to 10% of uncircumcised males and often require later intervention."
p0013,brit-milah,s0219,K,X,no,phimosis/balanitis,cancer-tagger-1,"Cohort studies show circumcision eliminates these risks almost entirely, with adult balanitis rates dropping by over 90% post-procedure. [106] [107]"
p0014,brit-milah,s0289,K,X,no,"generic preventive benefits, include non-cancer ones",cancer-tagger-1,"Medical bodies have evaluated neonatal circumcision through empirical lenses, generally concluding preventive benefits exceed procedural risks when performed competently, though without mandating it universally."
p0015,brit-milah,s0290,K,X,yes,UTI and HIV/STI points remain without cancer,cancer-tagger-1,"The American Academy of Pediatrics (AAP) 2012 policy, based on systematic review of studies, found benefits—including reduced urinary tract infections (by 90% in first year), penile cancer, and heterosexual HIV/STI acquisition—outweigh rare complications (0.2-0.6% rate, mostly minor bleeding or infection), justifying access but deferring to parental decision without routine endorsement due to non-universal applicability. [126] [108]"
p0016,brit-milah,s0291,K,X,no,"HIV, balanitis",cancer-tagger-1,"The U.S. Centers for Disease Control and Prevention (CDC) 2014 recommendations, informed by meta-analyses, advised providers counsel parents on newborn circumcision's net benefits for HIV prevention (50-60% reduction in acquisition risk per randomized trials in adults, extrapolated to infants) and other outcomes like balanitis avoidance, emphasizing informed consent amid cultural/religious contexts while noting low absolute risks in sterile settings. [151] [152]"
p0017,brit-shalom-naming-ceremony,s0103,K,X,yes,UTI point remains without cancer,cancer-tagger-1,"In contrast, medical bodies like the American Academy of Pediatrics (AAP) maintain that evidence from randomized trials and meta-analyses shows benefits outweigh risks, including a 90% reduction in penile cancer and approximately 90% lower UTI incidence (10-fold reduction) in the first year, positioning circumcision as a net positive for public health when performed neonatally under sterile conditions. [32]"
p0018,circumcision,s0038,K,H,no,HIV,cancer-tagger-1,"Voluntary medical male circumcision (VMMC) for adolescent boys and men in high-HIV-prevalence areas, backed by randomized trials demonstrating 50–60% risk reduction, is recommended by the WHO for public health, though debated in low-prevalence settings due to modest absolute benefits. [20]"
p0019,circumcision,s0162,K,H,no,HIV recommendation,cancer-tagger-1,"The World Health Organization and Centers for Disease Control and Prevention recommend it as an additional strategy in high-prevalence areas, with over 27 million procedures since 2007. [2] [91]"
p0020,circumcision,s0165,K,H,no,HSV-2/HPV as infections,cancer-tagger-1,"These trials and follow-up analyses also indicated reductions in other sexually transmitted infections, including herpes simplex virus type 2 (28–34%) and high-risk human papillomavirus (about 35%). [93] [94]"
p0021,circumcision,s0166,K,H,yes,HPV prevalence/transmission point remains; cervical cancer is a hedged add-on (borderline C),cancer-tagger-1,"Observational meta-analyses support lower HPV prevalence, faster clearance in circumcised men, and reduced transmission to female partners, potentially lowering cervical cancer risk. [95] [96]"
p0022,circumcision,s0183,C,X,yes,,cancer-tagger-1,"Penile cancer is rare (about 1 in 100,000 in developed countries) and mostly affects uncircumcised males, with near-zero rates in populations with universal neonatal circumcision, such as Israel (0.1–0.3 per 100,000). [108]"
p0023,circumcision,s0186,K,X,no,phimosis,cancer-tagger-1,"Circumcision also prevents pathological phimosis, which affects approximately 1% of uncircumcised males aged 16 or older [110] and involves non-retractable foreskin leading to scarring, infections, and ischemic injury; foreskin removal resolves it without recurrence. [111]"
p0024,circumcision,s0187,K,X,no,paraphimosis,cancer-tagger-1,"It eliminates paraphimosis, an emergency where the foreskin traps behind the glans, causing edema and vascular compromise. [112]"
p0025,circumcision,s0188,K,X,yes,balanoposthitis reduction is a benefit in itself; cancer link is secondary (borderline C),cancer-tagger-1,"These benefits extend to reducing balanoposthitis (glans and foreskin inflammation), which raises penile cancer risk (OR 3.82, 95% CI 1.61–9.06) through epithelial disruption and microbial overgrowth in uncircumcised men. [106]"
p0026,circumcision,s0191,K,X,no,sexual function,cancer-tagger-1,"Systematic reviews of high-quality studies, including randomized trials and prospective cohorts, indicate that medical male circumcision has no significant adverse effect on sexual function, penile sensitivity, sensation, or satisfaction—including pleasure during vaginal or anal penetration."
p0027,circumcision,s0213,K,H,no,HIV,cancer-tagger-1,"These efforts have delivered over 27 million procedures, aiding population-level HIV incidence declines. [2]"
p0028,circumcision,s0214,K,H,no,HIV infections averted,cancer-tagger-1,"Models project that scaling VMMC, combined with other strategies, could avert up to 3.4 million new infections by 2025."
p0029,circumcision,s0216,K,H,no,"HPV/HSV-2 as infections, no cancer point",cancer-tagger-1,"Beyond HIV, circumcision links to lower community-level prevalence of other sexually transmitted infections (STIs), including high-risk human papillomavirus (HPV) and herpes simplex virus type 2 (HSV-2). [124] [103]"
p0030,circumcision,s0217,K,H,no,genital ulcers/HIV,cancer-tagger-1,"In high-risk groups, circumcised men experience fewer genital ulcers—a HIV transmission cofactor—providing indirect benefits to partners via reduced viral reservoirs. [103]"
p0031,circumcision,s0324,K,X,no,UTI,cancer-tagger-1,"Neonatal procedures reduce urinary tract infections in the first year by about tenfold, from roughly 1% in uncircumcised infants to 0.1-0.2% in circumcised ones, per meta-analyses of observational studies. [197]"
p0032,circumcision,s0325,K,X,no,hygiene/UTI advantages,cancer-tagger-1,These advantages prove especially useful in settings with limited hygiene access.
p0033,circumcision,s0328,K,H,no,HIV,cancer-tagger-1,"Randomized trials in sub-Saharan Africa found voluntary medical male circumcision cuts heterosexual HIV acquisition in men by 50-60%, leading to World Health Organization scale-up in high-prevalence areas and averting millions of infections since 2007. [2] [91]"
p0034,circumcision,s0329,K,H,no,HSV-2/HPV as infections,cancer-tagger-1,"The U.S. Centers for Disease Control and Prevention recommends informing patients of these results, including trial data showing 28-34% reductions in herpes simplex virus type 2 and 30-35% in human papillomavirus, though syphilis and other STI evidence varies. [77]"
p0035,circumcision,s0331,C,X,yes,,cancer-tagger-1,"Penile cancer remains rare (about 1 in 100,000 in developed countries) but occurs three to twenty-two times more often in uncircumcised men, linked to chronic inflammation, poor hygiene, and persistent oncogenic human papillomavirus under the foreskin, according to meta-analyses. [4] [106]"
p0036,circumcision,s0332,K,X,no,"""these protections"" include HIV, STI, UTI",cancer-tagger-1,"The American Academy of Pediatrics' 2012 policy concludes that newborn benefits, including these protections, exceed risks, with complications at 0.2-3%—mainly minor bleeding or infection—and neonatal timing reducing anesthesia needs versus later surgeries. [75] [199]"
p0037,circumcision,s0369,K,X,yes,UTI and STI/HIV points remain without cancer,cancer-tagger-1,"In the United States, the American Academy of Pediatrics (AAP) 2012 policy states that newborn male circumcision's benefits—reduced risks of urinary tract infections, penile cancer, and certain STIs including HIV—outweigh risks, but not enough for routine recommendation; decisions rest with informed parents. [75]"
p0038,circumcision,s0370,K,H,no,"HIV, HSV-2, HPV as infections",cancer-tagger-1,"The Centers for Disease Control and Prevention (CDC) advises informing uncircumcised males and parents of benefits, including 50-60% HIV risk reduction from the same trials, plus lower risks for herpes simplex virus type 2 and human papillomavirus."
p0039,circumcision,s0439,K,H,no,HIV,cancer-tagger-1,Randomized controlled trials (RCTs) show voluntary medical male circumcision reduces heterosexual HIV acquisition by about 60% in high-prevalence areas.
p0040,circumcision,s0440,K,H,no,HIV trials,cancer-tagger-1,"Three major African trials with over 10,000 participants confirmed this, with efficacy sustained up to 24 months and no rise in risk behaviors. [87] [90] [2]"
p0041,circumcision,s0441,K,X,yes,UTI and STI points remain without cancer,cancer-tagger-1,"Other benefits include 90% fewer urinary tract infections in infancy per meta-analyses, plus reduced penile cancer and some STIs like herpes simplex virus type 2, though STI evidence is observational and less robust. [77] [197]"
p0042,circumcision,s0442,K,H,no,HIV-driven WHO recommendation,cancer-tagger-1,"These support WHO recommendations for circumcision where HIV prevalence exceeds 15% among heterosexual men, averting millions of infections since 2007."
p0043,circumcision,s0444,K,X,no,complication rates,cancer-tagger-1,"Neonatal circumcision complications are low: systematic reviews report 0.2-1.5% adverse events, mostly minor like bleeding or infection, with severe issues under 0.01% by trained providers. [45] [43]"
p0044,circumcision-and-hiv,s0076,K,H,no,HIV mechanism,cancer-tagger-1,"These cellular and mucosal features contribute to the observed 50-60% reduction in HIV acquisition risk among circumcised heterosexual men in randomized trials, as the foreskin represents a primary entry site enriched for viral targets and deficient in protective barriers. [43] [44]"
p0045,circumcision-and-hiv,s0077,K,H,no,HIV mechanism,cancer-tagger-1,"Experimental models confirm that foreskin-derived tissues exhibit higher HIV infectivity than keratinized penile skin, underscoring the causal role of these factors independent of behavioral confounders."
p0046,circumcision-and-hiv,s0084,K,H,no,HIV mechanism,cancer-tagger-1,"Circumcision alters these dynamics by excising the foreskin, thereby eliminating approximately 50-70% of the penile mucosal surface area vulnerable to HIV ingress during penile-vaginal intercourse. [41]"
p0047,circumcision-and-hiv,s0085,K,H,no,HIV mechanism,cancer-tagger-1,"Post-circumcision, the exposed glans penis and coronal sulcus undergo adaptive keratinization, thickening the epithelial layer and reducing permeability to viral particles, as evidenced by increased transepithelial resistance and decreased HIV penetration in keratinized versus mucosal tissues. [49]"
p0048,circumcision-and-law,s0376,K,X,yes,HIV and UTI points remain without cancer,cancer-tagger-1,"Courts reference policy statements from the American Academy of Pediatrics (AAP), which in 2012 concluded preventive health benefits—reduced penile cancer (lifetime risk drop from 1 in 100,000 to near zero), HIV acquisition (60% relative reduction in heterosexual transmission), and urinary tract infections—outweigh risks but do not warrant universal policy. [196] [197]"
p0049,circumcision-controversies,s0002,K,X,yes,UTI and HIV points remain without cancer,cancer-tagger-1,"Proponents, often citing systematic reviews, argue that neonatal circumcision reduces risks of urinary tract infections, penile cancer, and heterosexual HIV acquisition, with bodies like the American Academy of Pediatrics concluding in 2012 that benefits outweigh risks, though not sufficiently to recommend universal adoption. [3] [4]"
p0050,circumcision-controversies,s0037,K,X,no,UTI,cancer-tagger-1,"The American Academy of Pediatrics (AAP) 2012 policy statement identifies this as a specific benefit, noting the number needed to treat (NNT) is 111 to prevent one UTI in normal boys under one year, dropping to 11 for those with recurrent UTIs. [3]"
p0051,circumcision-controversies,s0038,K,X,no,UTI,cancer-tagger-1,"This protective effect persists across age groups, with uncircumcised males facing a 9.9-fold higher risk in infancy, 6.6-fold from ages 1-16, and 3.4-fold beyond age 16."
p0052,circumcision-controversies,s0040,C,X,yes,,cancer-tagger-1,"Penile cancer, though rare (incidence ~1 in 100,000 in developed countries), shows substantially lower rates in circumcised populations, particularly when performed in childhood or adolescence."
p0053,circumcision-controversies,s0041,C,X,yes,,cancer-tagger-1,"A 2011 systematic review and meta-analysis of case-control studies found men circumcised neonatally or in youth had an odds ratio of 0.33 (95% CI 0.13-0.83) for invasive penile cancer compared to uncircumcised men, attributing part of the effect to reduced human papillomavirus (HPV) persistence and chronic inflammation. [34]"
p0054,circumcision-controversies,s0042,C,X,no,"""the risk"" refers to penile cancer",cancer-tagger-1,"Neonatal circumcision nearly eliminates the risk in high-prevalence settings, as supported by epidemiological data linking uncircumcised status to higher incidence via phimosis and poor hygiene."
p0055,circumcision-controversies,s0044,K,H,no,HIV,cancer-tagger-1,"Three randomized controlled trials (RCTs) in Africa—ANRS 1265 (South Africa, 2005), and studies in Kenya (Bailey et al., 2007) and Uganda (Gray et al., 2007)—demonstrated that adult male circumcision reduces heterosexual HIV acquisition by 50-60% over 24-30 months follow-up, with hazard ratios ranging from 0.40 to 0.47. [36]"
p0056,circumcision-controversies,s0045,K,H,no,HIV,cancer-tagger-1,"The World Health Organization (WHO) endorses voluntary medical male circumcision based on these RCTs, estimating it averts ~3.4 million HIV infections in eastern and southern Africa since 2007. [37]"
p0057,circumcision-controversies,s0046,K,H,no,HPV/HSV-2 acquisition as infections,cancer-tagger-1,"Similar RCTs show 25-35% reductions in high-risk HPV acquisition and 24-34% for herpes simplex virus type 2 (HSV-2), mediated by removal of the foreskin's inner mucosa, which harbors higher viral loads. [38]"
p0058,circumcision-controversies,s0047,K,H,no,HPV/HSV-2 infections,cancer-tagger-1,"Meta-analyses confirm these effects, with circumcision linked to lower odds of prevalent and incident HPV (OR ~0.70-0.80) and HSV-2 infections."
p0059,circumcision-controversies,s0049,K,X,no,balanitis/phimosis,cancer-tagger-1,"Circumcision also lowers risks of inflammatory conditions like balanitis (OR 0.32, 95% CI 0.20-0.52) and pathologic phimosis, which affects up to 10% of uncircumcised boys by adolescence and predisposes to adhesions and infections. [40]"
p0060,circumcision-controversies,s0050,K,X,no,"""these benefits"" are HPV/HSV-2/balanitis/phimosis",cancer-tagger-1,"Longitudinal data indicate these benefits stem from improved hygiene and keratinization of the glans, reducing smegma accumulation and bacterial colonization under the foreskin."
p0061,circumcision-controversies,s0209,N,X,no,"about evidence quality of anti documentaries, not a cancer-prevention point",cancer-tagger-1,"These films, released in the late 2000s and 2010s, contributed to broader media discussions on consent and harm, though empirical support for long-term claims often relies on anecdotal evidence rather than large-scale controlled studies."
p0062,circumcision-controversies,s0211,K,X,yes,UTI and HIV points remain without cancer,cancer-tagger-1,"The American Academy of Pediatrics (AAP) issued a 2012 policy statement concluding that the health benefits of newborn male circumcision outweigh the risks, though not sufficiently to recommend it universally for all families; this position emphasizes systematic evaluation of evidence on prevention of urinary tract infections, penile cancer, and heterosexual HIV acquisition. [3]"
p0063,circumcision-controversies,s0212,K,H,no,HIV,cancer-tagger-1,"The World Health Organization (WHO) has endorsed voluntary medical male circumcision since 2007 as an efficacious intervention reducing HIV acquisition risk by approximately 60% in heterosexual men in high-prevalence settings, based on randomized controlled trials in Africa, with ongoing implementation in 15 priority countries. [77]"
p0064,circumcision-controversies,s0213,K,X,no,generic medical benefits incl. non-cancer ones,cancer-tagger-1,"The American Urological Association (AUA) maintains that neonatal circumcision offers potential medical benefits alongside risks, advising parents to weigh these through informed discussion with providers."
p0065,circumcision-in-africa,s0221,K,H,no,HIV cost-effectiveness,cancer-tagger-1,"VMMC's cost-effectiveness is highest in moderate-to-high incidence areas (>1% annual risk), contributing to UNAIDS 95-95-95 targets when coverage reaches 90% in men aged 15-49."
p0066,circumcision-in-africa,s0223,K,H,no,STIs,cancer-tagger-1,"Voluntary medical male circumcision (VMMC) programs in Africa, informed by randomized controlled trials (RCTs) in Kenya, Uganda, and South Africa, have demonstrated reductions in the acquisition of other sexually transmitted infections (STIs) beyond HIV."
p0067,circumcision-in-africa,s0224,K,H,no,HSV-2/HPV as infections; cancer point is in the next sentence,cancer-tagger-1,These trials reported that circumcision lowers the risk of herpes simplex virus type 2 (HSV-2) infection by 24% to 34% and high-risk human papillomavirus (HPV) strains by 32% to 35% in heterosexual men. [104] [105]
p0068,circumcision-in-africa,s0225,K,H,no,STI mechanism,cancer-tagger-1,"Such findings stem from secondary analyses of the same RCTs that established HIV efficacy, attributing protection to the removal of the foreskin, which harbors pathogens and micro-tears facilitating transmission."
p0069,circumcision-in-africa,s0227,C,H,yes,HPV reduction offered for cervical cancer in partners (rule 2),cancer-tagger-1,"These STI reductions extend indirect benefits to female partners through decreased HPV transmission, a primary cause of cervical cancer, which imposes a heavy burden in sub-Saharan Africa where screening and vaccination coverage remain limited."
p0070,circumcision-in-africa,s0228,C,H,yes,,cancer-tagger-1,"Observational data and meta-analyses link male circumcision to a 30% to 40% lower odds of cervical cancer in female partners, based on studies across multiple regions including Africa. [107]"
p0071,circumcision-in-africa,s0229,K,X,no,balanitis/phimosis,cancer-tagger-1,"Additionally, circumcision mitigates risks of non-sexually transmitted conditions such as balanitis and phimosis, which are more prevalent in uncircumcised males due to smegma accumulation and poor hygiene in resource-limited settings."
p0072,circumcision-in-africa,s0231,C,X,yes,,cancer-tagger-1,"Though penile cancer is rare overall (incidence <1 per 100,000 in Africa), circumcision nearly eliminates this risk by removing susceptible tissue, as evidenced by epidemiological reviews showing near-zero rates among circumcised populations. [108]"
p0073,circumcision-in-africa,s0232,K,X,no,UTI,cancer-tagger-1,"Urinary tract infections (UTIs) in infancy are reduced by up to 90% with neonatal circumcision, but this benefit is less directly applicable to adolescent and adult VMMC; however, lifetime protection persists in high-prevalence environments. [109]"
p0074,circumcision-in-africa,s0233,K,X,yes,STI and HIV points remain without cancer,cancer-tagger-1,"These advantages contribute to the overall public health rationale for VMMC, enhancing cost-effectiveness models that incorporate averted STI and cancer cases alongside HIV prevention."
p0075,circumcision-surgical-procedure,s0004,K,X,yes,UTI and HIV/STI points remain without cancer,cancer-tagger-1,"Empirical evidence from systematic reviews indicates preventive benefits, such as a 90-100% reduction in urinary tract infections during infancy, decreased incidence of penile cancer, and lowered heterosexual transmission of HIV and other sexually transmitted infections. [3] [4]"
p0076,circumcision-surgical-procedure,s0005,K,X,no,complication rates,cancer-tagger-1,"Complication rates in neonatal settings are low, typically under 0.5-1%, encompassing minor issues like bleeding or infection, though severe outcomes such as excessive skin removal or necrosis occur rarely when performed by trained providers. [3] [5]"
p0077,circumcision-surgical-procedure,s0035,K,X,no,UTI,cancer-tagger-1,"This protective effect stems from the removal of the foreskin, which can harbor bacteria under suboptimal hygiene conditions, as evidenced by cohort studies showing a 10-fold lower incidence in circumcised versus uncircumcised infants. [16]"
p0078,circumcision-surgical-procedure,s0036,K,X,no,UTI,cancer-tagger-1,"The benefit persists into later childhood, with a 6.6-fold risk reduction observed in boys aged 1-16 years."
p0079,circumcision-surgical-procedure,s0038,C,X,yes,,cancer-tagger-1,"In adulthood, circumcision substantially lowers the incidence of invasive penile cancer, with systematic reviews and meta-analyses reporting odds ratios as low as 0.33 for men circumcised in childhood or adolescence compared to uncircumcised men. [17]"
p0080,circumcision-surgical-procedure,s0039,C,X,yes,mechanism offered for penile cancer outcome (rule 4),cancer-tagger-1,"This reduction is attributed to decreased chronic inflammation, phimosis-related issues, and human papillomavirus (HPV) persistence under the foreskin, conditions that facilitate carcinogenesis; penile cancer remains rare overall, with annual U.S. incidence rates of 1 in 100,000 uncircumcised men versus near-zero in circumcised populations. [17]"
p0081,circumcision-surgical-procedure,s0041,K,H,no,HIV,cancer-tagger-1,"Randomized controlled trials (RCTs) conducted in sub-Saharan Africa demonstrate that adult male circumcision reduces heterosexual HIV acquisition by 50-60%, with three major trials (involving over 10,000 participants) showing sustained efficacy over 5-6 years of follow-up. [19]"
p0082,circumcision-surgical-procedure,s0042,K,H,no,HIV,cancer-tagger-1,"Meta-analyses confirm this effect, attributing it to the foreskin's vulnerability to microtears and epithelial disruption during intercourse, which increases HIV entry points; the protective estimate holds in high-prevalence settings but requires consideration of behavioral and epidemiological context for generalizability. [20] [19]"
p0083,circumcision-surgical-procedure,s0043,K,H,no,HPV/HSV-2 as infections,cancer-tagger-1,"Similar evidence supports reductions in HPV (by 30-35%) and herpes simplex virus type 2 (HSV-2) acquisition (by 25-30%), both linked to foreskin biology."
p0084,circumcision-surgical-procedure,s0045,K,X,no,phimosis/balanitis/paraphimosis,cancer-tagger-1,"Circumcision also mitigates risks of phimosis, balanitis, and paraphimosis, with longitudinal data indicating these conditions affect up to 10% of uncircumcised males versus negligible rates post-neonatal circumcision. [1]"
p0085,circumcision-surgical-procedure,s0046,K,X,yes,UTI and STI points remain without cancer,cancer-tagger-1,"The American Academy of Pediatrics (AAP) 2012 policy, reaffirmed in subsequent reviews, concludes that these cumulative benefits—encompassing UTI prevention, STI reduction, and lower cancer risk—outweigh procedural risks in newborns, supporting informed parental decision-making without universal recommendation. [21]"
p0086,circumcision-surgical-procedure,s0047,K,X,no,UTI/STI,cancer-tagger-1,"The U.S. Centers for Disease Control and Prevention (CDC) echoes this, estimating neonatal circumcision averts 1 in 100 UTIs and contributes to long-term STI prevention based on systematic evidence reviews."
p0087,circumcision-surgical-procedure,s0325,K,X,no,UTI,cancer-tagger-1,"Additional claimed benefits include a 10-fold reduction in urinary tract infections (UTIs) during the first year of life, with meta-analyses estimating an absolute risk reduction from 1% in uncircumcised infants to 0.1% in circumcised ones, potentially averting rare long-term renal damage. [147]"
p0088,circumcision-surgical-procedure,s0329,K,X,no,complication rates,cancer-tagger-1,"Complication rates from meta-analyses range from 1-3% for non-therapeutic neonatal procedures, predominantly minor issues like bleeding or infection, compared to 7% for therapeutic circumcisions in older males, with severe outcomes (e.g., penile amputation) under 0.1%. [150] [108]"
p0089,circumcision-surgical-procedure,s0330,K,X,yes,infection protections remain without cancers,cancer-tagger-1,Risk-benefit analyses estimate benefits outweighing risks by ratios of 100:1 to 200:1 when aggregating lifetime protections against infections and cancers. [151]
p0090,circumcision-surgical-procedure,s0331,K,X,no,sexual function,cancer-tagger-1,"Disputes arise over underreporting in provider surveys and long-term effects like keratinization potentially reducing sensitivity, though prospective data show no consistent impact on sexual function."
p0091,circumcision-surgical-procedure,s0333,K,X,no,"generic preventive benefits, include non-cancer ones",cancer-tagger-1,"Major medical organizations reflect these tensions: the American Academy of Pediatrics (AAP) 2012 policy (reaffirmed without major revision as of 2022) states preventive benefits outweigh risks but stops short of universal recommendation, deferring to parental choice amid cultural and ethical variances. [3]"
p0092,ethics-of-circumcision,s0004,K,X,no,UTI and HIV,cancer-tagger-1,"Central to the debate is the tension between parental authority and child autonomy: proponents argue that modest empirical benefits—such as a 10-fold reduction in urinary tract infections during infancy and partial protection against heterosexual HIV acquisition in adulthood—outweigh rare risks (estimated at 0.2-0.6% for adverse events), justifying proxy decision-making by guardians in line with cultural or familial values. [1] [2] [6]"
p0093,ethics-of-circumcision,s0040,K,X,no,UTI,cancer-tagger-1,"This protective effect stems from the elimination of the foreskin, which can harbor bacteria under the prepuce, facilitating ascent into the urinary tract."
p0094,ethics-of-circumcision,s0042,C,X,yes,,cancer-tagger-1,"Circumcision substantially lowers the lifetime risk of penile cancer, a rare malignancy primarily linked to chronic inflammation and human papillomavirus (HPV) persistence in uncircumcised males."
p0095,ethics-of-circumcision,s0043,C,X,no,penile cancer incidence,cancer-tagger-1,"In circumcised populations, the incidence is estimated at 1 in 50,000 to 1 in 12 million, compared to higher rates among uncircumcised men, where relative risks can exceed threefold. [29]"
p0096,ethics-of-circumcision,s0044,C,X,no,"""this reduction"" is penile cancer; phimosis/balanitis offered as cancer mechanism",cancer-tagger-1,"Systematic reviews confirm that childhood or adolescent circumcision confers this reduction, potentially mediated by decreased phimosis and balanitis, which promote carcinogenic conditions."
p0097,ethics-of-circumcision,s0046,K,X,no,phimosis/balanitis,cancer-tagger-1,"Pathological phimosis and balanitis, inflammatory conditions of the glans and foreskin, are largely prevented by circumcision, as the procedure removes the foreskin prone to adhesions and infections."
p0098,ethics-of-circumcision,s0047,K,X,no,phimosis/balanitis,cancer-tagger-1,"Evidence from clinical reviews indicates circumcision eliminates the risk of these complications in circumcised males, contrasting with higher prevalence in uncircumcised cohorts where phimosis affects up to 8% and balanitis recurs without intervention. [31]"
p0099,ethics-of-circumcision,s0049,K,H,no,STIs,cancer-tagger-1,"Observational studies and meta-analyses demonstrate reduced acquisition of certain sexually transmitted infections, including HPV and herpes simplex virus type 2 (HSV-2), in circumcised males."
p0100,ethics-of-circumcision,s0050,K,H,no,"HPV as infection, no cancer point",cancer-tagger-1,"Circumcision is linked to 30-35% lower HPV prevalence and incidence, based on cohort data adjusting for confounders, due to decreased viral entry via the inner foreskin mucosa. [32]"
p0101,ethics-of-circumcision,s0051,K,H,no,HSV-2,cancer-tagger-1,"For HSV-2, randomized controlled trials as secondary outcomes report 25-34% risk reductions, attributable to similar mucosal protection."
p0102,ethics-of-circumcision,s0053,K,H,no,"generic preventive benefits, incl. STIs; sexual function",cancer-tagger-1,Long-term cohort studies tracking circumcised men into adulthood show sustained preventive benefits without evidence of offsetting declines in sexual function or satisfaction.
p0103,ethics-of-circumcision,s0067,K,X,no,"generic benefits that include UTI, HIV",cancer-tagger-1,"The American Academy of Pediatrics (AAP) Task Force on Circumcision, in its 2012 policy statement following a systematic review of evidence, determined that the preventive health benefits of newborn male circumcision outweigh the risks of the procedure. [1]"
p0104,ethics-of-circumcision,s0068,K,X,yes,UTI and HIV/STI points remain without cancer,cancer-tagger-1,"These benefits include a 90% reduction in urinary tract infections (UTIs) during the first year of life, a 3- to 10-fold decrease in penile cancer risk over the lifetime, and lowered transmission of heterosexual HIV (by 50-60% based on randomized trials), human papillomavirus, and herpes simplex virus type 2. [1] [44]"
p0105,ethics-of-circumcision,s0069,K,X,no,complication rates,cancer-tagger-1,"Risks primarily consist of minor procedural complications such as bleeding or infection, occurring in approximately 0.2-0.6% of cases when performed neonatally by trained providers, with severe adverse events rarer at less than 0.1%."
p0106,ethics-of-circumcision,s0071,K,X,no,"phimosis, balanitis, inflammatory conditions; no cancer named",cancer-tagger-2,"A 2017 systematic risk-benefit analysis of early infant male circumcision quantified the net advantage, estimating that benefits exceed procedural risks by ratios up to 200:1, as the procedure averts multiple conditions including phimosis (affecting up to 1 in 2 uncircumcised males lifetime), balanitis, and inflammatory conditions requiring intervention. [44]"
p0107,ethics-of-circumcision,s0073,K,X,yes,UTI and STI points remain without cancer,cancer-tagger-2,"The U.S. Centers for Disease Control and Prevention (CDC) similarly assessed in 2014 that newborn circumcision's benefits in reducing UTI, penile cancer, and STI risks justify the procedure's consideration, with complication rates far lower than those for adult circumcision (2-10%)."
p0108,ethics-of-circumcision,s0075,K,X,no,sexual function,cancer-tagger-2,"Regarding claims of reduced sexual pleasure or function, multiple systematic reviews of high-quality studies, including randomized controlled trials and cohort analyses, have found no adverse effects on sexual function, sensitivity, sensation, satisfaction, or pleasure post-circumcision, with some reporting equivalence or slight improvements in erectile function and reduced dyspareunia. [46] [47]"
p0109,ethics-of-circumcision,s0103,K,H,no,HIV,cancer-tagger-2,"Randomized controlled trials in sub-Saharan Africa, including those by Auvert et al. (2005) and Bailey et al. (2007), established that voluntary medical male circumcision reduces heterosexual HIV acquisition in men by 51-60%, a protective effect sustained over 2-6 years of follow-up. [64] [65]"
p0110,ethics-of-circumcision,s0104,K,X,yes,UTI and balanitis remain without cancer,cancer-tagger-2,"Systematic reviews of infant circumcision corroborate net preventive utility against urinary tract infections (reducing risk by up to 90% in the first year), balanitis, and invasive penile cancer (lifetime risk lowered 3- to 22-fold), with procedure-related adverse events occurring in 0.2-0.6% of cases, mostly resolving without sequelae. [2] [66]"
p0111,ethics-of-circumcision,s0127,K,X,no,HIV and UTI,cancer-tagger-2,"This position, outlined in a 2010 policy statement, emphasizes that proxy consent by parents cannot justify irreversible alteration of healthy tissue absent therapeutic necessity, though critics contend it undervalues evidence from randomized controlled trials demonstrating reductions in HIV acquisition and urinary tract infections. [80]"
p0112,ethics-of-circumcision,s0130,K,X,yes,STI point remains without cancer part,cancer-tagger-2,"The BMA requires dual parental consent where feasible and highlights legal risks under child protection frameworks, but detractors argue this stance selectively discounts global epidemiological data on penile cancer prevention and sexually transmitted infection mitigation, potentially biasing toward cultural contexts with low disease prevalence. [82]"
p0113,ethics-of-circumcision,s0133,K,X,no,unnamed net preventive gains; cannot tell cancer-only,cancer-tagger-2,"This view posits that even low complication rates (e.g., 0.2-0.6% for bleeding or infection in clinical settings) represent avoidable harm when alternatives like hygiene suffice, though rebuttals point to meta-analyses indicating net preventive gains that proxy decisions can reasonably approximate for minors unable to foresee long-term risks. [84]"
p0114,ethics-of-circumcision,s0149,K,X,no,UTI,cancer-tagger-2,"In infants, the foreskin's immature development increases UTI vulnerability due to poor hygiene access, with meta-analyses of observational studies showing circumcision reduces UTI risk by approximately 90%, from a baseline of 1% in uncircumcised boys to 0.09%, yielding a number needed to treat of 111 to prevent one UTI."
p0115,ethics-of-circumcision,s0151,K,H,no,HIV,cancer-tagger-2,"Randomized controlled trials (RCTs) in high-prevalence African settings demonstrate circumcision confers 50-60% efficacy in reducing heterosexual HIV acquisition in men, with pooled data from trials in South Africa, Kenya, and Uganda (involving over 10,000 participants) confirming sustained protection over 24-72 months follow-up, attributed to decreased viral entry via foreskin lesions. [96] [76]"
p0116,ethics-of-circumcision,s0152,K,H,no,"HPV/HSV-2 as infections, no cancer point",cancer-tagger-2,"These trials also reported 30-35% reductions in high-risk human papillomavirus (HPV) acquisition and 25-30% for herpes simplex virus type 2 (HSV-2), with meta-analyses affirming consistent STI risk reductions across populations. [8]"
p0117,ethics-of-circumcision,s0153,C,X,yes,penile cancer,cancer-tagger-2,"Penile cancer, nearly exclusive to uncircumcised men due to chronic inflammation and HPV persistence under the foreskin, shows substantially lower incidence in circumcised cohorts; systematic reviews indicate childhood circumcision reduces invasive penile cancer risk by over 3-fold, with protective effects mediated partly by HPV clearance. [29]"
p0118,ethics-of-circumcision,s0155,C,H,yes,cervical cancer in partners,cancer-tagger-2,"Female partners of circumcised men exhibit lower cervical cancer rates, linked to reduced penile HPV transmission; a multinational case-control study of over 1,400 women found monogamous partners of circumcised men had odds ratios for cervical cancer as low as 0.4 compared to partners of uncircumcised men, with greater protection (up to 70% risk reduction) when male partners had multiple prior partners. [97]"
p0119,ethics-of-circumcision,s0156,K,H,no,"infection treatment costs, HIV settings",cancer-tagger-2,"Economic modeling in HIV-endemic regions substantiates these benefits, estimating that circumcision averts treatment costs for infections at ratios exceeding 10:1, with voluntary medical male circumcision deemed cost-saving in 62% of sub-Saharan African settings based on incidence data from 2010-2020. [98]"
p0120,ethics-of-circumcision,s0171,K,X,no,balanitis,cancer-tagger-2,"Similarly, circumcised males have a 68% lower prevalence of balanitis, an inflammatory condition of the glans penis, contributing to decreased overall infectious disease burden in populations with high circumcision rates. [109]"
p0121,ethics-of-circumcision,s0172,K,X,no,"infections, UTI/balanitis",cancer-tagger-2,"These reductions occur through the removal of the foreskin, which harbors bacteria and serves as an entry point for pathogens, thereby lowering community-wide treatment demands for complications like recurrent infections requiring antibiotics."
p0122,ethics-of-circumcision,s0174,C,H,yes,HPV herd effect offered as averting cervical cancer,cancer-tagger-2,"Herd effects emerge from decreased transmission of human papillomavirus (HPV), where modeling studies demonstrate that widespread male circumcision curtails HPV spread to female partners, potentially averting cervical cancer cases; for instance, in Uganda, voluntary medical male circumcision programs are projected to reduce high-risk HPV transmission, yielding population-level protection beyond individual participants. [111]"
p0123,ethics-of-circumcision,s0175,C,H,no,partner HPV data supporting prior cervical cancer herd point,cancer-tagger-2,"Empirical data supports this, with circumcised men showing 43% lower odds of genital HPV infection (OR 0.57, 95% CI 0.45-0.71), which in turn substantially lowers HPV acquisition risk in their female partners. [112] [113]"
p0124,ethics-of-circumcision,s0176,C,H,no,preventive impact of the HPV/cervical cancer herd effect,cancer-tagger-2,"Such dynamics amplify preventive impact in high-prevalence settings, as reduced male reservoir effects interrupt transmission chains without relying solely on vaccination coverage."
p0125,ethics-of-circumcision,s0178,K,X,no,costs of UTI and inflammatory treatment,cancer-tagger-2,"Neonatal circumcision enhances resource allocation efficiency, as procedure costs are markedly lower than managing downstream infections; postneonatal circumcisions cost approximately 10 times more ($1,921 vs. $165 per case), while broader analyses show that lowering circumcision rates to 10% elevates lifetime healthcare expenditures by $407 per male and $43 per female due to averted savings on UTI and inflammatory treatments. [115] [116]"
p0126,ethics-of-circumcision,s0200,K,X,no,sexual function,cancer-tagger-2,"Allegations of evidence gaps, particularly regarding sexual function and sensitivity, are countered by higher-quality studies, including RCTs and meta-analyses, which find no significant detriment to penile sensitivity, sexual satisfaction, or function post-circumcision; one review of rigorous trials reported equivalent or improved outcomes in circumcised men for sensation and orgasm ease. [46] [127] [35]"
p0127,ethics-of-circumcision,s0304,K,X,no,"harm/utility contrast; utility points include UTI, HIV",cancer-tagger-2,"Distinctions in human rights applications arise starkly between male circumcision and female genital mutilation/cutting (FGM/C), rooted in divergent empirical profiles of harm and utility."
p0128,ethics-of-circumcision,s0306,K,X,no,"HIV, HPV, balanitis",cancer-tagger-2,"Male circumcision, by contrast, yields documented protective effects, including a 50-60% reduction in heterosexual HIV acquisition per three randomized controlled trials in Africa involving over 10,000 participants, alongside decreased human papillomavirus transmission and balanitis risk, without equivalent long-term morbidity when conducted neonatally under medical standards."
p0129,ethics-of-circumcision,s0307,K,H,no,WHO HIV endorsement,cancer-tagger-2,"UN bodies, including the World Health Organization, thus endorse voluntary adult and infant male circumcision in high-HIV-prevalence settings as a public health measure, eschewing equivalence to FGM/C due to these asymmetries. [70] [179]"
p0130,forced-circumcision,s0173,K,X,no,UTI,cancer-tagger-2,"Neonatal male circumcision reduces the incidence of urinary tract infections (UTIs) in the first year of life by approximately 90%, based on a meta-analysis of one randomized trial and 11 observational studies, with absolute risk reduction from about 1% in uncircumcised infants to 0.1% in circumcised ones. [76]"
p0131,forced-circumcision,s0175,C,X,yes,penile cancer and partner cervical cancer,cancer-tagger-2,Systematic reviews also indicate modest reductions in penile cancer (lifetime risk dropping from 1 in 600 uncircumcised to near zero in circumcised men) and proxy reductions in cervical cancer among female partners due to decreased human papillomavirus transmission.
p0132,forced-circumcision,s0177,K,H,no,HIV,cancer-tagger-2,"In high HIV-prevalence regions of sub-Saharan Africa, three randomized controlled trials demonstrated that adult voluntary medical male circumcision reduces heterosexual HIV acquisition in men by 50-60%, prompting World Health Organization recommendations for scale-up in those settings. [78]"
p0133,forced-circumcision,s0179,K,X,yes,UTI and STI remain without cancer,cancer-tagger-2,"The American Academy of Pediatrics' 2012 policy review concluded that overall health benefits (including UTI, STI, and cancer protections) outweigh procedural risks for newborns, though it stopped short of routine recommendation. [79]"
p0134,forced-circumcision,s0259,K,X,no,"unnamed net benefits; following sentences name HIV, UTI etc.",cancer-tagger-2,"Proponents of infant or non-consensual male circumcision argue that empirical evidence supports net public health benefits, justifying the procedure despite the absence of the recipient's consent, as lifelong protections accrue from an early, low-risk intervention."
p0135,forced-circumcision,s0260,K,H,no,HIV,cancer-tagger-2,"Randomized controlled trials conducted in South Africa, Kenya, and Uganda between 2005 and 2007 demonstrated that medical male circumcision reduces heterosexual HIV acquisition risk by 50-60% in men, prompting the World Health Organization to recommend voluntary medical male circumcision as part of combination HIV prevention strategies in high-prevalence regions of eastern and southern Africa. [78] [118]"
p0136,forced-circumcision,s0261,K,H,yes,HSV-2 point remains without the HPV/cervical cancer part,cancer-tagger-2,"These findings, extrapolated by advocates to broader contexts, include reductions in human papillomavirus (HPV) transmission and associated cervical cancer risks in female partners, as well as lower incidences of herpes simplex virus type 2."
p0137,forced-circumcision,s0263,K,X,no,UTI,cancer-tagger-2,"For neonatal circumcision specifically, meta-analyses indicate a 90-99% relative risk reduction in urinary tract infections (UTIs) during the first year of life, with absolute risk dropping from about 1% in uncircumcised infants to 0.1% post-procedure; this protective effect persists into later childhood at a 6-7 fold reduction. [120]"
p0138,forced-circumcision,s0264,C,X,yes,penile cancer,cancer-tagger-2,"Circumcision also correlates with decreased penile cancer rates, historically linked to chronic inflammation or poor hygiene under the foreskin, with studies estimating up to a 3-10 fold lower incidence among circumcised males. [119] [79]"
p0139,forced-circumcision,s0265,K,X,no,"UTI, STI, phimosis",cancer-tagger-2,"The Centers for Disease Control and Prevention (CDC) and American Academy of Pediatrics (AAP) emphasize that newborn circumcision complication rates are low (0.2-0.6%), safer than in older children or adults, and that benefits—encompassing UTI prevention, STI mitigation, and reduced phimosis—outweigh risks when performed electively. [121] [79]"
p0140,foreskin,s0009,K,X,yes,reported view; UTI and STI remain,cancer-tagger-2,"The foreskin has been subject to removal via circumcision, a procedure performed neonatally or later for religious, cultural, or medical reasons, with proponents citing reduced risks of urinary tract infections, penile cancer, and certain STIs based on epidemiological data. [7]"
p0141,foreskin,s0160,K,X,no,UTI,cancer-tagger-2,"Urinary tract infections (UTIs) in male infants under one year are 10- to 20-fold more common in uncircumcised boys, with incidence rates of 1-4% versus 0.1-0.2% in circumcised counterparts, per multiple cohort studies and systematic reviews; this disparity arises from bacterial ascension via the preputial orifice. [81] [82]"
p0142,foreskin,s0161,K,X,no,UTI,cancer-tagger-2,"Though most UTIs are self-limiting or responsive to antibiotics, severe cases can progress to pyelonephritis or renal scarring, with lifetime UTI risk elevated to approximately 23% in uncircumcised males based on extrapolated meta-analytic data."
p0143,foreskin,s0163,C,X,yes,penile cancer,cancer-tagger-2,"Penile cancer, though rare (global incidence ~1 per 100,000 males annually), shows a strong association with retained foreskin, with meta-analyses indicating odds ratios as low as 0.33 for invasive disease in those circumcised early in life, linked to chronic inflammation, HPV persistence, and poor hygiene in the subpreputial area. [84] [85]"
p0144,foreskin,s0164,C,X,no,penile cancer and oncogenic HPV,cancer-tagger-2,"The condition is nearly absent in circumcised populations, underscoring the foreskin's role in harboring oncogenic factors like high-risk HPV strains, which are 32-43% less prevalent post-circumcision per systematic reviews."
p0145,foreskin,s0187,K,H,no,HIV,cancer-tagger-2,Three randomized controlled trials conducted in Africa between 2005 and 2007 demonstrated that voluntary medical male circumcision reduces the risk of heterosexually acquired HIV infection by approximately 60% over two years of follow-up. [94]
p0146,foreskin,s0188,K,H,no,HIV,cancer-tagger-2,"This efficacy has been confirmed in longer-term observational data, supporting World Health Organization recommendations for circumcision as an HIV prevention strategy in high-prevalence regions. [95]"
p0147,foreskin,s0189,K,H,no,HPV/HSV-2 as infections,cancer-tagger-2,"Systematic reviews also indicate reductions in other sexually transmitted infections, including human papillomavirus (HPV) and herpes simplex virus type 2, with odds ratios for HPV infection reduced by up to 35% in circumcised men."
p0148,foreskin,s0191,C,X,yes,penile cancer,cancer-tagger-2,"Circumcision performed in childhood or adolescence substantially lowers the risk of invasive penile cancer, with systematic reviews showing odds ratios as low as 0.33 for circumcised individuals compared to uncircumcised controls. [97]"
p0149,foreskin,s0192,C,X,no,mechanism for penile cancer reduction,cancer-tagger-2,This association is attributed partly to decreased chronic inflammation and HPV persistence under the foreskin. [97]
p0150,foreskin,s0193,C,H,yes,partner cervical cancer,cancer-tagger-2,"Additionally, male circumcision correlates with reduced cervical cancer risk in female partners, mediated by lower penile HPV carriage, as evidenced by cohort studies linking partner circumcision status to cervical cancer incidence."
p0151,foreskin,s0195,K,X,no,"balanitis, posthitis",cancer-tagger-2,"The procedure decreases the incidence of inflammatory conditions such as balanitis (inflammation of the glans) and posthitis, which are more common in uncircumcised males due to smegma accumulation and moisture retention. [96]"
p0152,foreskin,s0196,K,X,no,phimosis,cancer-tagger-2,"Neonatal circumcision specifically mitigates risks of phimosis and paraphimosis, conditions requiring later surgical intervention in up to 10% of uncircumcised boys by adolescence. [99]"
p0153,foreskin,s0268,K,X,no,"general benefits, not cancer-only",cancer-tagger-2,"Critiques of anti-circumcision advocacy, often referred to as intactivism, center on its reliance on low-quality evidence, selective interpretation of data, and unsubstantiated claims that contradict high-quality scientific studies supporting the procedure's benefits and minimal risks. [153]"
p0154,foreskin,s0269,K,X,yes,UTI and HIV remain without cancer,cancer-tagger-2,"Researchers such as Brian J. Morris and colleagues argue that opponents frequently cite anecdotal reports, outdated studies, or non-peer-reviewed sources while dismissing randomized controlled trials (RCTs) demonstrating reduced risks of urinary tract infections, penile cancer, and heterosexual HIV acquisition in circumcised males. [154]"
p0155,foreskin,s0270,K,X,no,complication rates,cancer-tagger-2,"For instance, assertions of severe physical harm from neonatal circumcision are refuted by data indicating adverse event rates of 0.2–0.6% for minor complications, with serious issues occurring in fewer than 0.01% of cases when performed by trained providers. [154]"
p0156,foreskin,s0271,K,X,no,complication rates of delay,cancer-tagger-2,"Delaying the procedure to adulthood, as advocated by some intactivists, is critiqued for increasing complication rates 10–20-fold due to greater anatomical challenges and higher infection risks."
p0157,foreskin,s0280,K,X,no,"general evidence critique, no cancer point",cancer-tagger-2,"These evaluations, drawn from peer-reviewed analyses, underscore a pattern where advocacy prioritizes absolutist positions over causal evidence from prospective trials."
p0158,foreskin,s0282,K,X,no,"AAP benefits; named benefits include UTI, HIV",cancer-tagger-2,"The American Academy of Pediatrics (AAP) maintains that the health benefits of newborn male circumcision outweigh the risks, though not sufficiently to recommend it universally, leaving the decision to parents following informed discussion of evidence. [99]"
p0159,foreskin,s0283,K,X,yes,UTI and STI remain without cancer,cancer-tagger-2,"This 2012 policy, reaffirmed in subsequent reviews, cites reductions in urinary tract infections (UTIs) in infancy (from 1% to 0.1-0.2% risk), certain sexually transmitted infections (STIs) including HIV (approximately 50-60% relative reduction in heterosexual acquisition), and rare conditions like penile cancer. [156] [130]"
p0160,foreskin-man,s0088,K,X,no,UTI,cancer-tagger-2,"Newborn male circumcision is associated with a reduced incidence of urinary tract infections (UTIs) in the first year of life, with meta-analyses indicating a relative risk reduction of about 90%, from approximately 1% in uncircumcised boys to 0.1-0.2% in circumcised ones. [53] [54]"
p0161,foreskin-man,s0092,K,X,no,complication rates,cancer-tagger-2,"Adverse events from neonatal circumcision occur at rates of 0.2-2%, predominantly minor issues such as bleeding, infection, or adhesions, with severe complications (e.g., significant hemorrhage or penile injury) below 0.5% in hospital settings using clamps like Gomco or Plastibell. [56] [57]"
p0162,history-of-circumcision,s0177,K,X,no,"UTI, phimosis, balanitis",cancer-tagger-2,"In the mid-20th century, public health rationales for male circumcision emphasized prevention of urinary tract infections (UTIs), phimosis, and balanitis, with studies indicating a 10-fold reduction in UTIs among circumcised male infants in the first year of life compared to uncircumcised peers. [82]"
p0163,history-of-circumcision,s0178,K,X,yes,inflammatory conditions remain without cancer,cancer-tagger-2,"These benefits were supported by epidemiological data showing lower incidences of inflammatory conditions of the glans and foreskin, as well as reduced penile cancer rates, which remain rare but are predominantly observed in uncircumcised men. [83]"
p0164,history-of-circumcision,s0179,K,H,no,HPV/HSV-2 as infections,cancer-tagger-2,"Organizations like the Centers for Disease Control and Prevention (CDC) later quantified additional protections against sexually transmitted infections, including human papillomavirus (HPV) and herpes simplex virus type 2, with relative risk reductions of approximately 30-35% for these pathogens in heterosexual contexts. [84]"
p0165,history-of-circumcision,s0182,K,H,no,HIV,cancer-tagger-2,"Randomized controlled trials conducted between 2002 and 2005 in South Africa, Kenya, and Uganda demonstrated that voluntary medical male circumcision (VMMC) reduced heterosexual HIV acquisition in men by 51-60%, prompting the World Health Organization (WHO) and Joint United Nations Programme on HIV/AIDS (UNAIDS) to recommend it in 2007 as a key prevention strategy in 14 high-prevalence countries. [85] [86]"
p0166,history-of-circumcision,s0197,K,H,no,HIV mechanism,cancer-tagger-2,"The intervention's efficacy stems from the foreskin's vulnerability to HIV entry via micro-tears and its role as a reservoir for inflammatory cells, reducing susceptibility without altering condom use or partner numbers in trial follow-ups."
p0167,history-of-circumcision,s0199,K,X,yes,"UTI, HPV/HSV-2 infection remain without cancer",cancer-tagger-2,"Parallel research reaffirmed broader health benefits, including a 10-fold reduction in urinary tract infections (UTIs) in infancy, lower incidence of human papillomavirus (HPV) and herpes simplex virus type 2 (HSV-2) infections (30-40% and 28-34% reductions, respectively), and decreased penile cancer risk due to reduced phimosis and chronic inflammation. [93]"
p0168,history-of-circumcision,s0200,K,X,no,"HIV, STI, UTI",cancer-tagger-2,"In 2012, the American Academy of Pediatrics (AAP) updated its policy, concluding that these preventive benefits—encompassing HIV, other STIs, and UTIs—outweigh procedural risks (complication rate ~0.2-0.6% in neonatal settings), justifying access for parents though not routine universal recommendation. [94]"
p0169,history-of-circumcision,s0201,K,X,yes,HIV point remains without cancer part,cancer-tagger-2,"This stance contrasted with prior hesitancy, driven by meta-analyses synthesizing U.S. and international data showing lifetime net benefits, such as averting 1 in 100 penile cancers and 1 in 600 HIV cases per circumcised male."
p0170,history-of-circumcision,s0204,K,H,no,HIV,cancer-tagger-2,"Despite implementation challenges like supply shortages and demand generation, the evidence prompted integrations with other HIV strategies, including pre-exposure prophylaxis, underscoring circumcision's role in causal reduction of viral entry points rather than mere correlation."
p0171,khitan-circumcision,s0007,K,X,no,sexual function,cancer-tagger-2,"No robust data supports claims of diminished sexual function or satisfaction post-circumcision, countering anecdotal assertions of harm."
p0172,khitan-circumcision,s0148,K,H,no,HIV mechanism,cancer-tagger-2,"This reduction is attributed to the removal of the foreskin, which harbors HIV target cells and facilitates viral entry during heterosexual intercourse."
p0173,khitan-circumcision,s0150,K,X,no,UTI,cancer-tagger-2,"In neonatal and infant contexts, circumcision significantly decreases the incidence of urinary tract infections (UTIs) in the first year of life, with meta-analyses reporting relative risk reductions of 90% or greater compared to uncircumcised males; this benefit stems from the foreskin's role as a reservoir for uropathogenic bacteria. [3] [69]"
p0174,khitan-circumcision,s0151,C,X,yes,penile cancer,cancer-tagger-2,"Systematic evidence also links circumcision to a lower lifetime risk of penile cancer, which is rare but strongly associated with chronic inflammation, phimosis, and human papillomavirus (HPV) persistence under the foreskin."
p0175,khitan-circumcision,s0153,K,H,no,"HSV-2, HPV, syphilis as infections",cancer-tagger-2,"Beyond HIV and UTIs, secondary analyses from the African RCTs indicate modest reductions in acquisition of other sexually transmitted infections (STIs), including herpes simplex virus type 2 (by 28-34%) and high-risk HPV strains (by 32-35%), as well as syphilis in some observational data. [69] [67]"
p0176,khitan-circumcision,s0154,C,H,yes,partner cervical cancer via HPV,cancer-tagger-2,"Circumcision further lowers the risk of penile transmission of HPV to female partners, potentially decreasing cervical cancer incidence, based on cohort studies showing halved odds of oncogenic HPV carriage in circumcised men."
p0177,khitan-circumcision,s0156,K,X,yes,"HIV/STI, UTI, balanitis remain",cancer-tagger-2,"The U.S. Centers for Disease Control and Prevention (CDC) and American Academy of Pediatrics (AAP) have reviewed this body of evidence, concluding that preventive benefits—encompassing reduced HIV/STI acquisition, UTIs, penile cancer, and balanitis—outweigh procedural risks when performed neonatally or under medical conditions. [69] [3]"
p0178,khitan-circumcision,s0157,K,X,yes,HIV and UTI remain without cancer,cancer-tagger-2,"These advantages are context-dependent, with HIV prevention most pronounced in high-prevalence heterosexual epidemics, though UTI and cancer risk reductions apply more universally across low- and high-income settings."
p0179,khitan-circumcision,s0202,K,N,no,"FGC anatomical contrast, no cancer point",cancer-tagger-2,"In contrast, female genital cutting (FGC) involves intentional alteration or injury to the clitoris, labia minora, and sometimes labia majora, often without anesthesia and using rudimentary tools, resulting in the partial or total excision of erogenous tissue essential for sexual sensation. [95]"
p0180,khitan-circumcision,s0203,K,N,no,"FGC classification contrast, no cancer point",cancer-tagger-2,"The World Health Organization classifies FGC into four types, from clitoridectomy (Type I) to infibulation (Type III, involving narrowing of the vaginal opening), none of which align anatomically or functionally with the localized removal in khitan."
p0181,khitan-circumcision,s0205,K,X,yes,"HIV, UTI, herpes remain without cancer",cancer-tagger-2,"Empirical health outcomes further delineate the practices: randomized controlled trials demonstrate that male circumcision, including khitan when performed medically, reduces heterosexual HIV acquisition by approximately 60%, lowers urinary tract infection rates in infancy by up to 90%, and decreases risks of penile cancer and certain sexually transmitted infections like herpes (28-34% reduction). [66] [97]"
p0182,khitan-circumcision,s0206,K,N,no,"FGC harm contrast, no cancer point",cancer-tagger-2,"FGC, however, yields no documented benefits and is linked to immediate complications such as hemorrhage (up to 15% in some settings), infection, and shock, alongside long-term sequelae including urinary retention, keloid scarring, dyspareunia, and increased maternal mortality from obstructed labor (up to 55% higher risk in severe cases). [95] [96]"
p0183,mohel,s0121,K,H,no,HIV,cancer-tagger-2,"Three randomized controlled trials conducted in Africa between 2005 and 2007 demonstrated that male circumcision reduces heterosexual HIV acquisition by 51% to 60% over 24 to 72 months of follow-up, with protective efficacy increasing over time due to cumulative exposure prevention. [60] [61]"
p0184,mohel,s0124,K,H,no,HPV/HSV-2 as infections,cancer-tagger-2,"Circumcision also lowers risks of certain sexually transmitted infections, including human papillomavirus (HPV) by 32-35% and herpes simplex virus type 2 (HSV-2) by 28-34%, per secondary outcomes from the African RCTs and meta-analyses of global data. [61] [64]"
p0185,mohel,s0125,K,H,yes,STI-susceptibility mechanism remains without the cancer link,cancer-tagger-2,"These reductions stem from decreased susceptibility to mucosal pathogens, with cohort studies showing circumcised males exhibit lower oncogenic HPV strains linked to anogenital cancers."
p0186,mohel,s0127,C,X,yes,penile cancer,cancer-tagger-2,"The procedure markedly decreases lifetime penile cancer incidence, which is rare but nearly exclusive to uncircumcised males with chronic inflammation or poor hygiene; epidemiological evidence indicates a 3- to 22-fold risk reduction in circumcised cohorts, attributable to elimination of smegma accumulation and phimosis-related carcinogenesis. [65] [64]"
p0187,mohel,s0128,K,X,yes,UTI and STI remain without cancer,cancer-tagger-2,"Risk-benefit analyses of neonatal circumcision quantify net preventive gains, estimating benefits-to-risks ratios exceeding 100:1 when aggregating UTI, STI, and cancer averting effects against procedural complications."
p0188,mohel,s0130,K,X,no,complication rates,cancer-tagger-2,"Neonatal circumcision, as performed in the brit milah ritual by trained mohels, is associated with low rates of complications, typically ranging from 0% to 3% overall, with a median frequency of 1.5% for any adverse event in systematic reviews of procedures on infants under one year. [66] [67]"
p0189,mohel,s0131,K,X,no,complication rates,cancer-tagger-2,"Common minor complications include bleeding (0.08%–0.18%), local infection (0.06%), and penile injury (0.04%), while serious events such as excessive bleeding requiring intervention or penile damage occur at rates below 0.1% in hospital-based settings. [68]"
p0190,paraphimosis,s0203,K,X,no,paraphimosis/phimosis,cancer-tagger-2,"Elective circumcision is advised for individuals with recurrent paraphimosis or persistent phimosis unresponsive to conservative treatments, eliminating the foreskin and thereby preventing future episodes in high-risk groups such as those with balanitis xerotica obliterans or cultural predispositions to delayed intervention. [43]"
p0191,paraphimosis,s0204,K,X,yes,paraphimosis point remains without carcinoma part,cancer-tagger-2,"This procedure serves as a reliable prophylactic strategy, nearly eliminating paraphimosis risk while also offering broader benefits like reduced penile carcinoma incidence, though it is typically reserved for cases where non-surgical options fail."
p0192,redundant-prepuce,s0106,C,X,yes,penile cancer,cancer-tagger-2,"Chronic inflammation and poor hygiene have been associated with a higher risk of penile cancer, though this link is rare and often mediated by conditions such as balanitis xerotica obliterans; circumcision reduces this risk. [1]"
p0193,religion-and-circumcision,s0214,K,X,no,UTI,cancer-tagger-2,"Systematic reviews indicate that neonatal circumcision reduces the incidence of UTIs in male infants by approximately 90% during the first year of life, with uncircumcised males facing a baseline risk of about 1% compared to 0.1% in circumcised males. [119] [120]"
p0194,religion-and-circumcision,s0216,K,H,no,HIV,cancer-tagger-2,"For HIV prevention, three randomized controlled trials in sub-Saharan Africa demonstrated that adult male circumcision reduces heterosexual HIV acquisition by about 60%, prompting World Health Organization recommendations for voluntary medical male circumcision in high-prevalence regions. [121] [122]"
p0195,religion-and-circumcision,s0217,K,H,no,HPV/HSV-2 as infections,cancer-tagger-2,"Evidence for other STIs is weaker but includes modest reductions in human papillomavirus (HPV) prevalence and incidence, as well as some protection against herpes simplex virus type 2. [123]"
p0196,religion-and-circumcision,s0218,C,X,yes,penile cancer,cancer-tagger-2,"Penile cancer, a rare malignancy with an incidence of less than 1 per 100,000 in developed countries, shows a strong protective association with childhood or adolescent circumcision (odds ratio 0.33), linked to decreased chronic inflammation and human papillomavirus persistence under the foreskin. [124]"
p0197,religion-and-circumcision,s0219,K,X,no,"phimosis, balanoposthitis",cancer-tagger-2,"Circumcision also lowers the risk of phimosis and balanoposthitis, potentially averting later therapeutic procedures."
p0198,religion-and-circumcision,s0223,K,X,no,sexual function,cancer-tagger-2,"Meta-analyses find no consistent adverse effects on sexual function, sensitivity, or satisfaction post-circumcision."
p0199,religion-and-circumcision,s0225,K,X,no,AAP benefits; not cancer-only,cancer-tagger-2,"The American Academy of Pediatrics' 2012 policy states that health benefits of newborn male circumcision outweigh the risks but are insufficient to recommend it universally, emphasizing parental decision-making informed by evidence. [129]"
p0200,religion-and-circumcision,s0227,K,X,no,"""certain conditions"" unnamed; context includes HIV; cannot tell cancer-only",cancer-tagger-2,"Critics argue some benefits are overstated relative to risks, particularly for non-therapeutic neonatal procedures, but risk-benefit analyses suggest net positives exceeding 100:1 for certain conditions over a lifetime. [131]"
p0201,views-on-circumcision,s0070,K,X,no,UTI,cancer-tagger-2,"A systematic review and meta-analysis of 12 studies involving over 400,000 children confirmed this protective effect, estimating that for every 111 neonatal circumcisions, one UTI is prevented, given a baseline risk of about 1% in uncircumcised male infants. [50]"
p0202,views-on-circumcision,s0071,K,X,no,UTI mechanism,cancer-tagger-2,"This benefit stems from the elimination of the foreskin, which can harbor bacteria under the preputial space, facilitating ascent to the urinary tract."
p0203,views-on-circumcision,s0073,C,X,yes,penile cancer,cancer-tagger-2,"Penile cancer, though rare (incidence around 1 in 100,000 in developed countries), occurs almost exclusively in uncircumcised men, with rates near zero among those circumcised neonatally or in childhood."
p0204,views-on-circumcision,s0074,C,X,yes,penile cancer,cancer-tagger-2,"A meta-analysis of case-control studies found that childhood or adolescent circumcision confers a protective odds ratio of 0.33 (95% CI 0.13–0.83) against invasive penile cancer, attributing this primarily to reduced chronic inflammation and human papillomavirus (HPV) persistence under the foreskin. [51]"
p0205,views-on-circumcision,s0075,C,X,no,mechanism for carcinogenesis prevention,cancer-tagger-2,"Longitudinal data support that the absence of foreskin prevents smegma accumulation and recurrent irritation, key precursors to carcinogenesis."
p0206,views-on-circumcision,s0077,K,H,no,HIV,cancer-tagger-2,Randomized controlled trials (RCTs) in high-HIV-prevalence African populations demonstrate substantial reductions in heterosexual HIV acquisition.
p0207,views-on-circumcision,s0078,K,H,no,HIV,cancer-tagger-2,"The ANRS 1265 trial (2005), involving 3,274 uncircumcised men in South Africa aged 18–24, reported a 60% relative risk reduction (hazard ratio 0.40, 95% CI 0.24–0.68) after 21 months of follow-up, with similar findings in Ugandan (Rakai trial, 60% reduction) and Kenyan RCTs conducted between 2005 and 2007. [52]"
p0208,views-on-circumcision,s0079,K,H,no,"HIV, HPV/HSV-2 as infections",cancer-tagger-2,"These trials, totaling over 10,000 participants, showed consistent efficacy against HIV, with additional meta-analyses confirming 30–50% reductions in HPV and herpes simplex virus type 2 acquisition, linked to decreased viral entry via the foreskin's inner mucosa. [52]"
p0209,views-on-circumcision,s0080,K,H,no,HIV,cancer-tagger-2,"Absolute risk reductions vary by baseline prevalence; in settings with 3–4% annual HIV incidence, approximately 1–2 infections are averted per 100 circumcisions over two years."
p0210,views-on-circumcision,s0082,K,X,no,"phimosis, balanitis",cancer-tagger-2,Circumcision also mitigates foreskin-related conditions such as phimosis and balanitis.
