survivor_article,survivor_id,prior_article,prior_id,same_article,prefilter
ashley-montagu-resolution,s0009,ashley-montagu-resolution,s0176,yes,K:hiv_trial_carryover
ashley-montagu-resolution,s0046,ashley-montagu-resolution,s0204,yes,K:net_benefit_settled
ashley-montagu-resolution,s0156,views-on-circumcision,s0125,no,K:outcomes_answer_consent
ashley-montagu-resolution,s0176,ashley-montagu-resolution,s0204,yes,K:net_benefit_settled
ashley-montagu-resolution,s0176,circumcision-controversies,s0118,no,K:hiv_trial_carryover
ashley-montagu-resolution,s0177,ashley-montagu-resolution,s0176,yes,W
ashley-montagu-resolution,s0183,ashley-montagu-resolution,s0176,yes,W
ashley-montagu-resolution,s0185,ashley-montagu-resolution,s0176,yes,K:hiv_trial_carryover
ashley-montagu-resolution,s0186,ashley-montagu-resolution,s0204,yes,K:net_benefit_settled
ashley-montagu-resolution,s0194,mohel,s0231,no,K:critics_dismissed
ashley-montagu-resolution,s0194,views-on-circumcision,s0125,no,K:outcomes_answer_consent
ashley-montagu-resolution,s0202,ashley-montagu-resolution,s0204,yes,W
ashley-montagu-resolution,s0203,ashley-montagu-resolution,s0204,yes,W
ashley-montagu-resolution,s0203,foreskin,s0079,no,K:sensation_unaffected
ashley-montagu-resolution,s0204,circumcision,s0333,no,K:net_benefit_settled
ashley-montagu-resolution,s0207,ashley-montagu-resolution,s0204,yes,W
ashley-montagu-resolution,s0208,ashley-montagu-resolution,s0204,yes,W
ashley-montagu-resolution,s0209,ashley-montagu-resolution,s0204,yes,W
ashley-montagu-resolution,s0211,ashley-montagu-resolution,s0204,yes,W
ashley-montagu-resolution,s0212,ashley-montagu-resolution,s0204,yes,W
ashley-montagu-resolution,s0213,brit-milah,s0138,no,K:pain_minimal
ashley-montagu-resolution,s0220,circumcision-controversies,s0108,no,K:restoration_means_acceptance
ashley-montagu-resolution,s0220,views-on-circumcision,s0125,no,K:outcomes_answer_consent
ashley-montagu-resolution,s0222,ashley-montagu-resolution,s0204,yes,K:net_benefit_settled
ashley-montagu-resolution,s0222,views-on-circumcision,s0125,no,K:outcomes_answer_consent
brit-milah,s0044,foreskin,s0079,no,K:sensation_unaffected
brit-milah,s0167,brit-milah,s0138,yes,K:pain_minimal
brit-milah,s0209,ulwaluko,s0097,no,K:tradition_proves_fit
brit-milah,s0256,circumcision-controversies,s0108,no,K:restoration_means_acceptance
brit-milah,s0285,views-on-circumcision,s0125,no,K:outcomes_answer_consent
brit-milah,s0290,circumcision-controversies,s0107,no,K:deferral_incoherent
brit-milah,s0291,brit-milah,s0293,yes,W
brit-milah,s0291,circumcision,s0333,no,K:net_benefit_settled
brit-milah,s0291,circumcision-controversies,s0118,no,K:hiv_trial_carryover
brit-milah,s0291,views-on-circumcision,s0125,no,K:outcomes_answer_consent
brit-milah,s0293,mohel,s0231,no,K:critics_dismissed
brit-milah,s0316,circumcision,s0333,no,K:net_benefit_settled
brit-milah,s0316,views-on-circumcision,s0125,no,K:outcomes_answer_consent
brit-shalom-naming-ceremony,s0103,circumcision,s0333,no,K:net_benefit_settled
circumcision,s0038,circumcision-controversies,s0118,no,K:hiv_trial_carryover
circumcision,s0059,circumcision,s0060,yes,W
circumcision,s0063,circumcision,s0060,yes,W
circumcision,s0064,circumcision,s0060,yes,W
circumcision,s0067,circumcision,s0060,yes,W
circumcision,s0140,ethics-of-circumcision,s0106,no,K:preventive_medicine_analogy
circumcision,s0142,circumcision,s0459,yes,K:observational_double_standard
circumcision,s0171,circumcision,s0459,yes,K:observational_double_standard
circumcision,s0181,circumcision,s0180,yes,W
circumcision,s0183,circumcision,s0180,yes,W
circumcision,s0186,circumcision,s0180,yes,W
circumcision,s0187,circumcision,s0180,yes,W
circumcision,s0188,circumcision,s0180,yes,W
circumcision,s0192,foreskin,s0079,no,K:sensation_unaffected
circumcision,s0194,foreskin,s0079,no,K:sensation_unaffected
circumcision,s0195,foreskin,s0079,no,K:sensation_unaffected
circumcision,s0220,circumcision-controversies,s0073,no,K:vmmc_decline_causal
circumcision,s0223,circumcision-in-africa,s0154,no,K:no_risk_compensation
circumcision,s0275,views-on-circumcision,s0125,no,K:outcomes_answer_consent
circumcision,s0331,circumcision,s0333,yes,W
circumcision,s0332,circumcision,s0333,yes,W
circumcision,s0333,foreskin,s0079,no,K:sensation_unaffected
circumcision,s0369,circumcision-controversies,s0118,no,K:hiv_trial_carryover
circumcision,s0388,circumcision-controversies,s0073,no,K:vmmc_decline_causal
circumcision,s0423,circumcision-controversies,s0107,no,K:deferral_incoherent
circumcision,s0424,circumcision,s0333,yes,K:net_benefit_settled
circumcision,s0424,views-on-circumcision,s0125,no,K:outcomes_answer_consent
circumcision,s0450,foreskin,s0079,no,K:sensation_unaffected
circumcision,s0457,circumcision,s0459,yes,W
circumcision,s0458,circumcision,s0459,yes,W
circumcision,s0458,circumcision-controversies,s0107,no,K:deferral_incoherent
circumcision-and-hiv,s0007,ulwaluko,s0097,no,K:tradition_proves_fit
circumcision-and-hiv,s0016,circumcision-and-hiv,s0232,yes,K:no_risk_compensation
circumcision-and-hiv,s0020,circumcision-and-hiv,s0232,yes,K:no_risk_compensation
circumcision-and-hiv,s0024,circumcision-and-hiv,s0232,yes,K:no_risk_compensation
circumcision-and-hiv,s0035,circumcision,s0459,no,K:observational_double_standard
circumcision-and-hiv,s0042,circumcision-controversies,s0073,no,K:vmmc_decline_causal
circumcision-and-hiv,s0048,circumcision-controversies,s0073,no,K:vmmc_decline_causal
circumcision-and-hiv,s0049,circumcision-controversies,s0073,no,K:vmmc_decline_causal
circumcision-and-hiv,s0058,circumcision,s0459,no,K:observational_double_standard
circumcision-and-hiv,s0066,circumcision-controversies,s0118,no,K:hiv_trial_carryover
circumcision-and-hiv,s0095,circumcision-controversies,s0118,no,K:hiv_trial_carryover
circumcision-and-hiv,s0098,circumcision-controversies,s0073,no,K:vmmc_decline_causal
circumcision-and-hiv,s0103,circumcision-controversies,s0073,no,K:vmmc_decline_causal
circumcision-and-hiv,s0128,circumcision-controversies,s0118,no,K:hiv_trial_carryover
circumcision-and-hiv,s0139,circumcision-controversies,s0073,no,K:vmmc_decline_causal
circumcision-and-hiv,s0147,ethics-of-circumcision,s0106,no,K:preventive_medicine_analogy
circumcision-and-hiv,s0164,circumcision-and-hiv,s0232,yes,K:no_risk_compensation
circumcision-and-hiv,s0167,circumcision,s0459,no,K:observational_double_standard
circumcision-and-hiv,s0177,circumcision,s0459,no,K:observational_double_standard
circumcision-and-hiv,s0179,circumcision-controversies,s0073,no,K:vmmc_decline_causal
circumcision-and-hiv,s0182,circumcision-controversies,s0073,no,K:vmmc_decline_causal
circumcision-and-hiv,s0186,circumcision-controversies,s0108,no,K:restoration_means_acceptance
circumcision-and-hiv,s0191,circumcision,s0459,no,K:observational_double_standard
circumcision-and-hiv,s0224,circumcision-and-hiv,s0232,yes,K:no_risk_compensation
circumcision-and-hiv,s0229,circumcision,s0459,no,K:observational_double_standard
circumcision-and-hiv,s0230,circumcision-and-hiv,s0232,yes,W
circumcision-and-hiv,s0231,circumcision-and-hiv,s0232,yes,K:no_risk_compensation|W
circumcision-and-hiv,s0232,circumcision,s0459,no,K:observational_double_standard
circumcision-and-hiv,s0232,circumcision-in-africa,s0154,no,K:no_risk_compensation
circumcision-and-hiv,s0233,circumcision,s0459,no,K:observational_double_standard
circumcision-and-hiv,s0233,circumcision-and-hiv,s0232,yes,K:no_risk_compensation|W
circumcision-and-hiv,s0234,circumcision-and-hiv,s0232,yes,K:no_risk_compensation|W
circumcision-and-hiv,s0249,circumcision-and-hiv,s0232,yes,K:no_risk_compensation
circumcision-and-hiv,s0250,circumcision-and-hiv,s0232,yes,K:no_risk_compensation
circumcision-and-hiv,s0250,circumcision-and-hiv,s0252,yes,W
circumcision-and-hiv,s0250,circumcision-controversies,s0073,no,K:vmmc_decline_causal
circumcision-and-hiv,s0251,circumcision-and-hiv,s0252,yes,W
circumcision-and-hiv,s0251,views-on-circumcision,s0125,no,K:outcomes_answer_consent
circumcision-and-hiv,s0252,mohel,s0231,no,K:critics_dismissed
circumcision-and-hiv,s0256,circumcision-and-hiv,s0252,yes,W
circumcision-and-hiv,s0256,circumcision-controversies,s0073,no,K:vmmc_decline_causal
circumcision-and-hiv,s0259,circumcision-and-hiv,s0252,yes,W
circumcision-and-hiv,s0259,circumcision-controversies,s0073,no,K:vmmc_decline_causal
circumcision-and-hiv,s0260,circumcision-and-hiv,s0252,yes,W
circumcision-and-hiv,s0269,circumcision-controversies,s0073,no,K:vmmc_decline_causal
circumcision-and-hiv,s0269,circumcision-controversies,s0118,no,K:hiv_trial_carryover
circumcision-and-hiv,s0273,circumcision-controversies,s0073,no,K:vmmc_decline_causal
circumcision-and-law,s0007,circumcision-controversies,s0107,no,K:deferral_incoherent
circumcision-and-law,s0007,circumcision-controversies,s0108,no,K:restoration_means_acceptance
circumcision-and-law,s0007,mohel,s0231,no,K:critics_dismissed
circumcision-and-law,s0102,views-on-circumcision,s0125,no,K:outcomes_answer_consent
circumcision-and-law,s0117,circumcision-and-law,s0113,yes,W
circumcision-and-law,s0346,circumcision-controversies,s0107,no,K:deferral_incoherent
circumcision-and-law,s0397,circumcision-controversies,s0118,no,K:hiv_trial_carryover
circumcision-controversies,s0002,circumcision,s0333,no,K:net_benefit_settled
circumcision-controversies,s0002,circumcision-controversies,s0105,yes,K:hiv_trial_carryover
circumcision-controversies,s0057,circumcision-controversies,s0085,yes,K:sensation_unaffected
circumcision-controversies,s0059,circumcision-controversies,s0126,yes,K:observational_double_standard
circumcision-controversies,s0066,circumcision-controversies,s0073,yes,K:vmmc_decline_causal
circumcision-controversies,s0066,circumcision-controversies,s0107,yes,K:deferral_incoherent
circumcision-controversies,s0067,circumcision-controversies,s0126,yes,K:observational_double_standard
circumcision-controversies,s0072,circumcision-controversies,s0073,yes,W
circumcision-controversies,s0072,circumcision-controversies,s0105,yes,K:hiv_trial_carryover
circumcision-controversies,s0086,circumcision-controversies,s0085,yes,W
circumcision-controversies,s0087,circumcision-controversies,s0085,yes,W
circumcision-controversies,s0088,circumcision-controversies,s0085,yes,W
circumcision-controversies,s0089,circumcision-controversies,s0085,yes,W
circumcision-controversies,s0090,circumcision-controversies,s0085,yes,W
circumcision-controversies,s0091,circumcision-controversies,s0085,yes,W
circumcision-controversies,s0092,circumcision-controversies,s0085,yes,W
circumcision-controversies,s0093,circumcision-controversies,s0085,yes,W
circumcision-controversies,s0099,circumcision-controversies,s0101,yes,K:preventive_medicine_analogy|W
circumcision-controversies,s0099,circumcision-controversies,s0108,yes,K:restoration_means_acceptance
circumcision-controversies,s0100,circumcision-controversies,s0101,yes,W
circumcision-controversies,s0101,circumcision-controversies,s0103,yes,W
circumcision-controversies,s0103,circumcision-controversies,s0101,yes,K:preventive_medicine_analogy|W
circumcision-controversies,s0103,circumcision-controversies,s0105,yes,W
circumcision-controversies,s0104,circumcision-controversies,s0101,yes,W
circumcision-controversies,s0104,circumcision-controversies,s0103,yes,W
circumcision-controversies,s0104,circumcision-controversies,s0105,yes,W
circumcision-controversies,s0105,circumcision,s0333,no,K:net_benefit_settled
circumcision-controversies,s0105,circumcision-controversies,s0101,yes,W
circumcision-controversies,s0105,circumcision-controversies,s0103,yes,W
circumcision-controversies,s0105,circumcision-controversies,s0107,yes,W
circumcision-controversies,s0105,views-on-circumcision,s0125,no,K:outcomes_answer_consent
circumcision-controversies,s0109,circumcision-controversies,s0101,yes,W
circumcision-controversies,s0109,circumcision-controversies,s0103,yes,W
circumcision-controversies,s0109,circumcision-controversies,s0105,yes,W
circumcision-controversies,s0109,circumcision-controversies,s0107,yes,W
circumcision-controversies,s0109,circumcision-controversies,s0108,yes,W
circumcision-controversies,s0110,circumcision-controversies,s0103,yes,W
circumcision-controversies,s0110,circumcision-controversies,s0105,yes,W
circumcision-controversies,s0110,circumcision-controversies,s0107,yes,W
circumcision-controversies,s0110,circumcision-controversies,s0108,yes,W
circumcision-controversies,s0112,circumcision-controversies,s0105,yes,W
circumcision-controversies,s0112,circumcision-controversies,s0107,yes,W
circumcision-controversies,s0112,circumcision-controversies,s0108,yes,W
circumcision-controversies,s0113,circumcision-controversies,s0105,yes,W
circumcision-controversies,s0113,circumcision-controversies,s0107,yes,W
circumcision-controversies,s0113,circumcision-controversies,s0108,yes,W
circumcision-controversies,s0114,circumcision-controversies,s0107,yes,W
circumcision-controversies,s0114,circumcision-controversies,s0108,yes,W
circumcision-controversies,s0115,circumcision-controversies,s0107,yes,W
circumcision-controversies,s0115,circumcision-controversies,s0108,yes,W
circumcision-controversies,s0116,circumcision-controversies,s0108,yes,W
circumcision-controversies,s0116,circumcision-controversies,s0118,yes,W
circumcision-controversies,s0117,circumcision-controversies,s0118,yes,W
circumcision-controversies,s0120,circumcision-controversies,s0118,yes,W
circumcision-controversies,s0120,circumcision-controversies,s0122,yes,W
circumcision-controversies,s0121,circumcision-controversies,s0118,yes,W
circumcision-controversies,s0121,circumcision-controversies,s0122,yes,W
circumcision-controversies,s0122,circumcision-controversies,s0118,yes,W
circumcision-controversies,s0124,circumcision-controversies,s0118,yes,W
circumcision-controversies,s0124,circumcision-controversies,s0122,yes,W
circumcision-controversies,s0124,circumcision-controversies,s0126,yes,W
circumcision-controversies,s0125,circumcision-controversies,s0085,yes,K:sensation_unaffected
circumcision-controversies,s0125,circumcision-controversies,s0118,yes,W
circumcision-controversies,s0125,circumcision-controversies,s0122,yes,W
circumcision-controversies,s0125,circumcision-controversies,s0126,yes,W
circumcision-controversies,s0126,circumcision,s0459,no,K:observational_double_standard
circumcision-controversies,s0126,circumcision-controversies,s0118,yes,W
circumcision-controversies,s0126,circumcision-controversies,s0122,yes,W
circumcision-controversies,s0126,circumcision-controversies,s0128,yes,W
circumcision-controversies,s0127,circumcision-controversies,s0085,yes,K:sensation_unaffected
circumcision-controversies,s0127,circumcision-controversies,s0122,yes,W
circumcision-controversies,s0127,circumcision-controversies,s0126,yes,W
circumcision-controversies,s0127,circumcision-controversies,s0128,yes,W
circumcision-controversies,s0128,circumcision-controversies,s0122,yes,W
circumcision-controversies,s0128,circumcision-controversies,s0126,yes,W
circumcision-controversies,s0209,views-on-circumcision,s0125,no,K:outcomes_answer_consent
circumcision-controversies,s0211,circumcision-controversies,s0118,yes,K:hiv_trial_carryover
circumcision-controversies,s0225,circumcision-controversies,s0073,yes,K:vmmc_decline_causal
circumcision-controversies,s0226,circumcision-controversies,s0073,yes,K:vmmc_decline_causal
circumcision-in-africa,s0138,circumcision-controversies,s0118,no,K:hiv_trial_carryover
circumcision-in-africa,s0151,circumcision-controversies,s0118,no,K:hiv_trial_carryover
circumcision-in-africa,s0214,circumcision-in-africa,s0154,yes,K:vmmc_decline_causal
circumcision-in-africa,s0215,circumcision-in-africa,s0154,yes,K:no_risk_compensation
circumcision-in-africa,s0216,circumcision-in-africa,s0154,yes,K:vmmc_decline_causal
circumcision-in-africa,s0217,circumcision-in-africa,s0154,yes,K:vmmc_decline_causal
circumcision-in-africa,s0220,circumcision-in-africa,s0154,yes,K:no_risk_compensation
circumcision-in-africa,s0221,circumcision-in-africa,s0154,yes,K:vmmc_decline_causal
circumcision-in-africa,s0227,ethics-of-circumcision,s0106,no,K:preventive_medicine_analogy
circumcision-in-africa,s0232,ulwaluko,s0097,no,K:tradition_proves_fit
circumcision-in-africa,s0233,circumcision-in-africa,s0154,yes,K:vmmc_decline_causal
circumcision-in-africa,s0237,brit-milah,s0138,no,K:pain_minimal
circumcision-in-africa,s0240,circumcision-in-africa,s0154,yes,K:vmmc_decline_causal
circumcision-in-africa,s0256,circumcision-controversies,s0118,no,K:hiv_trial_carryover
circumcision-in-africa,s0276,circumcision-in-africa,s0154,yes,K:vmmc_decline_causal
circumcision-in-africa,s0277,circumcision-in-africa,s0282,yes,K:critics_dismissed
circumcision-in-africa,s0279,circumcision-controversies,s0118,no,K:hiv_trial_carryover
circumcision-in-africa,s0280,circumcision-in-africa,s0282,yes,W
circumcision-in-africa,s0281,circumcision-in-africa,s0154,yes,K:no_risk_compensation
circumcision-in-africa,s0281,circumcision-in-africa,s0282,yes,W
circumcision-in-africa,s0284,circumcision-in-africa,s0282,yes,K:critics_dismissed|W
circumcision-in-africa,s0284,circumcision-in-africa,s0285,yes,W
circumcision-in-africa,s0284,circumcision-in-africa,s0286,yes,W
circumcision-in-africa,s0285,circumcision-in-africa,s0282,yes,K:critics_dismissed|W
circumcision-in-africa,s0285,circumcision-in-africa,s0286,yes,W
circumcision-in-africa,s0286,circumcision-controversies,s0107,no,K:deferral_incoherent
circumcision-in-africa,s0286,circumcision-in-africa,s0154,yes,K:vmmc_decline_causal
circumcision-in-africa,s0286,circumcision-in-africa,s0282,yes,W
circumcision-in-africa,s0286,circumcision-in-africa,s0285,yes,K:critics_dismissed|W
circumcision-in-africa,s0287,circumcision-in-africa,s0282,yes,W
circumcision-in-africa,s0287,circumcision-in-africa,s0285,yes,W
circumcision-in-africa,s0287,circumcision-in-africa,s0286,yes,W
circumcision-surgical-procedure,s0004,circumcision-controversies,s0118,no,K:hiv_trial_carryover
circumcision-surgical-procedure,s0036,ulwaluko,s0097,no,K:tradition_proves_fit
circumcision-surgical-procedure,s0092,views-on-circumcision,s0125,no,K:outcomes_answer_consent
circumcision-surgical-procedure,s0271,foreskin,s0079,no,K:sensation_unaffected
circumcision-surgical-procedure,s0321,circumcision,s0333,no,K:net_benefit_settled
circumcision-surgical-procedure,s0330,circumcision,s0333,no,K:net_benefit_settled
circumcision-surgical-procedure,s0331,foreskin,s0079,no,K:sensation_unaffected
circumcision-surgical-procedure,s0333,circumcision,s0333,no,K:net_benefit_settled
circumcision-surgical-procedure,s0333,circumcision-controversies,s0107,no,K:deferral_incoherent
cultural-views-on-circumcision-aesthetics,s0122,cultural-views-on-circumcision-aesthetics,s0124,yes,W
cultural-views-on-circumcision-aesthetics,s0125,cultural-views-on-circumcision-aesthetics,s0124,yes,W
cultural-views-on-circumcision-aesthetics,s0126,cultural-views-on-circumcision-aesthetics,s0124,yes,W
ethics-of-circumcision,s0004,ethics-of-circumcision,s0100,yes,K:outcomes_answer_consent
ethics-of-circumcision,s0004,ethics-of-circumcision,s0105,yes,K:hiv_trial_carryover
ethics-of-circumcision,s0024,ethics-of-circumcision,s0168,yes,K:tradition_proves_fit
ethics-of-circumcision,s0027,ethics-of-circumcision,s0024,yes,W
ethics-of-circumcision,s0054,ethics-of-circumcision,s0076,yes,K:sensation_unaffected
ethics-of-circumcision,s0071,ethics-of-circumcision,s0072,yes,W
ethics-of-circumcision,s0073,ethics-of-circumcision,s0072,yes,W
ethics-of-circumcision,s0075,ethics-of-circumcision,s0072,yes,W
ethics-of-circumcision,s0075,ethics-of-circumcision,s0076,yes,W
ethics-of-circumcision,s0076,circumcision,s0459,no,K:observational_double_standard
ethics-of-circumcision,s0076,ethics-of-circumcision,s0072,yes,W
ethics-of-circumcision,s0076,foreskin,s0079,no,K:sensation_unaffected
ethics-of-circumcision,s0087,ethics-of-circumcision,s0100,yes,K:outcomes_answer_consent
ethics-of-circumcision,s0087,ethics-of-circumcision,s0106,yes,K:preventive_medicine_analogy
ethics-of-circumcision,s0088,ethics-of-circumcision,s0247,yes,K:deferral_incoherent
ethics-of-circumcision,s0095,ethics-of-circumcision,s0024,yes,K:tradition_proves_fit
ethics-of-circumcision,s0098,ethics-of-circumcision,s0100,yes,K:outcomes_answer_consent|W
ethics-of-circumcision,s0098,ethics-of-circumcision,s0247,yes,K:deferral_incoherent
ethics-of-circumcision,s0099,ethics-of-circumcision,s0100,yes,W
ethics-of-circumcision,s0103,ethics-of-circumcision,s0100,yes,W
ethics-of-circumcision,s0103,ethics-of-circumcision,s0105,yes,W
ethics-of-circumcision,s0104,ethics-of-circumcision,s0100,yes,W
ethics-of-circumcision,s0104,ethics-of-circumcision,s0105,yes,W
ethics-of-circumcision,s0104,ethics-of-circumcision,s0106,yes,W
ethics-of-circumcision,s0105,ethics-of-circumcision,s0100,yes,W
ethics-of-circumcision,s0105,ethics-of-circumcision,s0106,yes,W
ethics-of-circumcision,s0107,ethics-of-circumcision,s0100,yes,W
ethics-of-circumcision,s0107,ethics-of-circumcision,s0105,yes,W
ethics-of-circumcision,s0107,ethics-of-circumcision,s0106,yes,K:preventive_medicine_analogy|W
ethics-of-circumcision,s0108,ethics-of-circumcision,s0100,yes,W
ethics-of-circumcision,s0108,ethics-of-circumcision,s0105,yes,K:hiv_trial_carryover|W
ethics-of-circumcision,s0108,ethics-of-circumcision,s0106,yes,W
ethics-of-circumcision,s0108,ethics-of-circumcision,s0110,yes,W
ethics-of-circumcision,s0110,ethics-of-circumcision,s0105,yes,W
ethics-of-circumcision,s0110,ethics-of-circumcision,s0106,yes,W
ethics-of-circumcision,s0111,ethics-of-circumcision,s0105,yes,W
ethics-of-circumcision,s0111,ethics-of-circumcision,s0106,yes,W
ethics-of-circumcision,s0111,ethics-of-circumcision,s0110,yes,W
ethics-of-circumcision,s0113,ethics-of-circumcision,s0105,yes,W
ethics-of-circumcision,s0113,ethics-of-circumcision,s0106,yes,W
ethics-of-circumcision,s0113,ethics-of-circumcision,s0110,yes,W
ethics-of-circumcision,s0117,ethics-of-circumcision,s0076,yes,K:observational_double_standard
ethics-of-circumcision,s0117,ethics-of-circumcision,s0110,yes,W
ethics-of-circumcision,s0118,ethics-of-circumcision,s0110,yes,W
ethics-of-circumcision,s0127,ethics-of-circumcision,s0164,yes,K:restoration_means_acceptance
ethics-of-circumcision,s0136,ethics-of-circumcision,s0100,yes,K:outcomes_answer_consent
ethics-of-circumcision,s0136,ethics-of-circumcision,s0105,yes,K:hiv_trial_carryover
ethics-of-circumcision,s0143,circumcision-controversies,s0073,no,K:vmmc_decline_causal
ethics-of-circumcision,s0144,ethics-of-circumcision,s0105,yes,K:hiv_trial_carryover
ethics-of-circumcision,s0162,ethics-of-circumcision,s0164,yes,W
ethics-of-circumcision,s0163,ethics-of-circumcision,s0164,yes,W
ethics-of-circumcision,s0164,circumcision-controversies,s0108,no,K:restoration_means_acceptance
ethics-of-circumcision,s0168,ethics-of-circumcision,s0024,yes,K:tradition_proves_fit
ethics-of-circumcision,s0168,ethics-of-circumcision,s0164,yes,W
ethics-of-circumcision,s0170,ethics-of-circumcision,s0164,yes,W
ethics-of-circumcision,s0170,ethics-of-circumcision,s0168,yes,W
ethics-of-circumcision,s0171,ethics-of-circumcision,s0164,yes,W
ethics-of-circumcision,s0171,ethics-of-circumcision,s0168,yes,W
ethics-of-circumcision,s0172,ethics-of-circumcision,s0164,yes,W
ethics-of-circumcision,s0172,ethics-of-circumcision,s0168,yes,W
ethics-of-circumcision,s0174,ethics-of-circumcision,s0106,yes,K:preventive_medicine_analogy
ethics-of-circumcision,s0174,ethics-of-circumcision,s0168,yes,W
ethics-of-circumcision,s0175,ethics-of-circumcision,s0168,yes,W
ethics-of-circumcision,s0176,ethics-of-circumcision,s0106,yes,K:preventive_medicine_analogy
ethics-of-circumcision,s0176,ethics-of-circumcision,s0168,yes,W
ethics-of-circumcision,s0181,ethics-of-circumcision,s0247,yes,K:deferral_incoherent
ethics-of-circumcision,s0200,ethics-of-circumcision,s0198,yes,W
ethics-of-circumcision,s0200,ethics-of-circumcision,s0201,yes,W
ethics-of-circumcision,s0207,ethics-of-circumcision,s0201,yes,W
ethics-of-circumcision,s0208,ethics-of-circumcision,s0198,yes,K:preventive_medicine_analogy
ethics-of-circumcision,s0208,ethics-of-circumcision,s0201,yes,W
ethics-of-circumcision,s0211,mohel,s0231,no,K:critics_dismissed
ethics-of-circumcision,s0212,ethics-of-circumcision,s0214,yes,W
ethics-of-circumcision,s0214,brit-milah,s0138,no,K:pain_minimal
ethics-of-circumcision,s0215,ethics-of-circumcision,s0164,yes,K:restoration_means_acceptance
ethics-of-circumcision,s0215,ethics-of-circumcision,s0214,yes,W
ethics-of-circumcision,s0238,ethics-of-circumcision,s0247,yes,K:deferral_incoherent
ethics-of-circumcision,s0239,ethics-of-circumcision,s0105,yes,K:hiv_trial_carryover
ethics-of-circumcision,s0241,ethics-of-circumcision,s0100,yes,K:outcomes_answer_consent
ethics-of-circumcision,s0241,ethics-of-circumcision,s0105,yes,K:hiv_trial_carryover
ethics-of-circumcision,s0241,ethics-of-circumcision,s0164,yes,K:restoration_means_acceptance
ethics-of-circumcision,s0241,ethics-of-circumcision,s0242,yes,W
ethics-of-circumcision,s0241,ethics-of-circumcision,s0247,yes,K:deferral_incoherent
ethics-of-circumcision,s0242,ethics-of-circumcision,s0247,yes,K:deferral_incoherent
ethics-of-circumcision,s0243,ethics-of-circumcision,s0242,yes,W
ethics-of-circumcision,s0245,circumcision,s0333,no,K:net_benefit_settled
ethics-of-circumcision,s0245,ethics-of-circumcision,s0100,yes,K:outcomes_answer_consent
ethics-of-circumcision,s0245,ethics-of-circumcision,s0242,yes,W
ethics-of-circumcision,s0245,ethics-of-circumcision,s0247,yes,W
ethics-of-circumcision,s0246,ethics-of-circumcision,s0105,yes,K:hiv_trial_carryover
ethics-of-circumcision,s0246,ethics-of-circumcision,s0242,yes,W
ethics-of-circumcision,s0246,ethics-of-circumcision,s0247,yes,W
ethics-of-circumcision,s0247,circumcision-controversies,s0107,no,K:deferral_incoherent
ethics-of-circumcision,s0247,ethics-of-circumcision,s0242,yes,W
ethics-of-circumcision,s0248,ethics-of-circumcision,s0242,yes,W
ethics-of-circumcision,s0248,ethics-of-circumcision,s0247,yes,W
ethics-of-circumcision,s0249,ethics-of-circumcision,s0242,yes,W
ethics-of-circumcision,s0249,ethics-of-circumcision,s0247,yes,W
ethics-of-circumcision,s0250,ethics-of-circumcision,s0242,yes,W
ethics-of-circumcision,s0250,ethics-of-circumcision,s0247,yes,W
ethics-of-circumcision,s0251,ethics-of-circumcision,s0247,yes,W
ethics-of-circumcision,s0252,ethics-of-circumcision,s0247,yes,W
ethics-of-circumcision,s0254,circumcision-in-africa,s0154,no,K:no_risk_compensation
ethics-of-circumcision,s0254,ethics-of-circumcision,s0247,yes,W
ethics-of-circumcision,s0255,ethics-of-circumcision,s0247,yes,W
ethics-of-circumcision,s0259,ethics-of-circumcision,s0076,yes,K:observational_double_standard
ethics-of-circumcision,s0268,circumcision-controversies,s0073,no,K:vmmc_decline_causal
ethics-of-circumcision,s0301,ethics-of-circumcision,s0302,yes,W
ethics-of-circumcision,s0304,ethics-of-circumcision,s0302,yes,W
ethics-of-circumcision,s0306,ethics-of-circumcision,s0105,yes,K:hiv_trial_carryover
ethics-of-circumcision,s0306,ethics-of-circumcision,s0302,yes,W
ethics-of-circumcision,s0307,ethics-of-circumcision,s0105,yes,K:hiv_trial_carryover
ethics-of-circumcision,s0307,ethics-of-circumcision,s0302,yes,W
ethics-of-circumcision,s0309,ethics-of-circumcision,s0164,yes,K:restoration_means_acceptance
ethics-of-circumcision,s0309,ethics-of-circumcision,s0302,yes,W
ethics-of-circumcision,s0310,ethics-of-circumcision,s0302,yes,W
ethics-of-circumcision,s0311,ethics-of-circumcision,s0100,yes,K:outcomes_answer_consent
ethics-of-circumcision,s0318,circumcision,s0333,no,K:net_benefit_settled
forced-circumcision,s0173,circumcision,s0459,no,K:observational_double_standard
forced-circumcision,s0191,circumcision,s0459,no,K:observational_double_standard
forced-circumcision,s0199,mohel,s0231,no,K:critics_dismissed
forced-circumcision,s0201,circumcision,s0459,no,K:observational_double_standard
forced-circumcision,s0238,circumcision-controversies,s0107,no,K:deferral_incoherent
forced-circumcision,s0259,circumcision,s0333,no,K:net_benefit_settled
forced-circumcision,s0259,views-on-circumcision,s0125,no,K:outcomes_answer_consent
forced-circumcision,s0266,circumcision-controversies,s0107,no,K:deferral_incoherent
forced-circumcision,s0266,ethics-of-circumcision,s0106,no,K:preventive_medicine_analogy
foreskin,s0077,foreskin,s0079,yes,W
foreskin,s0080,foreskin,s0079,yes,W
foreskin,s0164,foreskin,s0166,yes,W
foreskin,s0166,circumcision,s0459,no,K:observational_double_standard
foreskin,s0166,circumcision-controversies,s0118,no,K:hiv_trial_carryover
foreskin,s0167,foreskin,s0166,yes,W
foreskin,s0268,mohel,s0231,no,K:critics_dismissed
foreskin,s0269,mohel,s0231,no,K:critics_dismissed
foreskin,s0273,circumcision,s0459,no,K:observational_double_standard
foreskin,s0274,foreskin,s0079,yes,K:sensation_unaffected
foreskin,s0278,circumcision,s0333,no,K:net_benefit_settled
foreskin,s0278,mohel,s0231,no,K:critics_dismissed
foreskin,s0278,views-on-circumcision,s0125,no,K:outcomes_answer_consent
foreskin,s0279,mohel,s0231,no,K:critics_dismissed
foreskin,s0283,circumcision-controversies,s0118,no,K:hiv_trial_carryover
foreskin-man,s0075,views-on-circumcision,s0125,no,K:outcomes_answer_consent
foreskin-man,s0082,mohel,s0231,no,K:critics_dismissed
foreskin-man,s0096,circumcision,s0459,no,K:observational_double_standard
foreskin-man,s0119,mohel,s0231,no,K:critics_dismissed
foreskin-man,s0125,mohel,s0231,no,K:critics_dismissed
foreskin-restoration,s0267,circumcision-controversies,s0108,no,K:restoration_means_acceptance
foreskin-restoration,s0268,circumcision-controversies,s0108,no,K:restoration_means_acceptance
history-of-circumcision,s0192,circumcision-in-africa,s0154,no,K:no_risk_compensation
history-of-circumcision,s0200,circumcision-controversies,s0118,no,K:hiv_trial_carryover
history-of-circumcision,s0201,circumcision,s0333,no,K:net_benefit_settled
history-of-circumcision,s0201,circumcision-controversies,s0118,no,K:hiv_trial_carryover
history-of-circumcision,s0204,circumcision,s0459,no,K:observational_double_standard
khitan-circumcision,s0006,circumcision,s0333,no,K:net_benefit_settled
khitan-circumcision,s0006,circumcision-controversies,s0118,no,K:hiv_trial_carryover
khitan-circumcision,s0007,khitan-circumcision,s0006,yes,W
khitan-circumcision,s0153,circumcision,s0459,no,K:observational_double_standard
khitan-circumcision,s0156,khitan-circumcision,s0006,yes,K:hiv_trial_carryover
khitan-circumcision,s0182,views-on-circumcision,s0125,no,K:outcomes_answer_consent
khitan-circumcision,s0185,circumcision-controversies,s0107,no,K:deferral_incoherent
khitan-circumcision,s0198,views-on-circumcision,s0125,no,K:outcomes_answer_consent
khitan-circumcision,s0205,khitan-circumcision,s0006,yes,K:hiv_trial_carryover
khitan-circumcision,s0205,khitan-circumcision,s0207,yes,W
khitan-circumcision,s0206,khitan-circumcision,s0207,yes,W
khitan-circumcision,s0209,khitan-circumcision,s0207,yes,W
khitan-circumcision,s0210,khitan-circumcision,s0207,yes,W
mohel,s0121,mohel,s0122,yes,W
mohel,s0124,mohel,s0122,yes,W
mohel,s0125,mohel,s0122,yes,W
mohel,s0127,mohel,s0122,yes,W
mohel,s0128,mohel,s0122,yes,W
mohel,s0130,mohel,s0122,yes,W
mohel,s0229,mohel,s0231,yes,W
mohel,s0230,mohel,s0231,yes,W
phimosis,s0266,phimosis,s0265,yes,W
phimosis,s0272,phimosis,s0265,yes,W
prevalence-of-circumcision,s0053,circumcision-controversies,s0118,no,K:hiv_trial_carryover
prevalence-of-circumcision,s0057,prevalence-of-circumcision,s0058,yes,W
prevalence-of-circumcision,s0090,circumcision-in-africa,s0154,no,K:no_risk_compensation
prevalence-of-circumcision,s0098,circumcision-controversies,s0107,no,K:deferral_incoherent
religion-and-circumcision,s0188,circumcision,s0333,no,K:net_benefit_settled
religion-and-circumcision,s0188,views-on-circumcision,s0125,no,K:outcomes_answer_consent
religion-and-circumcision,s0211,circumcision-controversies,s0107,no,K:deferral_incoherent
religion-and-circumcision,s0211,views-on-circumcision,s0125,no,K:outcomes_answer_consent
ulwaluko,s0083,ulwaluko,s0085,yes,W
ulwaluko,s0099,ulwaluko,s0097,yes,W
ulwaluko,s0100,ulwaluko,s0097,yes,W
ulwaluko,s0102,ulwaluko,s0097,yes,W
ulwaluko,s0103,ulwaluko,s0097,yes,W
ulwaluko,s0130,circumcision-controversies,s0073,no,K:vmmc_decline_causal
ulwaluko,s0131,ulwaluko,s0130,yes,W
ulwaluko,s0153,ulwaluko,s0147,yes,W
ulwaluko,s0154,ulwaluko,s0147,yes,W
ulwaluko,s0207,ulwaluko,s0097,yes,K:tradition_proves_fit
views-on-circumcision,s0003,views-on-circumcision,s0184,yes,K:hiv_trial_carryover
views-on-circumcision,s0005,circumcision,s0333,no,K:net_benefit_settled
views-on-circumcision,s0086,circumcision,s0459,no,K:observational_double_standard
views-on-circumcision,s0089,views-on-circumcision,s0091,yes,W
views-on-circumcision,s0090,views-on-circumcision,s0091,yes,W
views-on-circumcision,s0093,views-on-circumcision,s0091,yes,W
views-on-circumcision,s0094,foreskin,s0079,no,K:sensation_unaffected
views-on-circumcision,s0094,views-on-circumcision,s0091,yes,W
views-on-circumcision,s0095,views-on-circumcision,s0091,yes,W
views-on-circumcision,s0097,ethics-of-circumcision,s0106,no,K:preventive_medicine_analogy
views-on-circumcision,s0097,views-on-circumcision,s0091,yes,W
views-on-circumcision,s0097,views-on-circumcision,s0098,yes,W
views-on-circumcision,s0098,views-on-circumcision,s0091,yes,W
views-on-circumcision,s0099,views-on-circumcision,s0091,yes,W
views-on-circumcision,s0099,views-on-circumcision,s0098,yes,W
views-on-circumcision,s0101,views-on-circumcision,s0098,yes,W
views-on-circumcision,s0102,views-on-circumcision,s0098,yes,W
views-on-circumcision,s0104,views-on-circumcision,s0098,yes,W
views-on-circumcision,s0104,views-on-circumcision,s0184,yes,K:hiv_trial_carryover
views-on-circumcision,s0105,views-on-circumcision,s0098,yes,W
views-on-circumcision,s0121,mohel,s0231,no,K:critics_dismissed
views-on-circumcision,s0123,ethics-of-circumcision,s0106,no,K:preventive_medicine_analogy
views-on-circumcision,s0123,views-on-circumcision,s0098,yes,K:outcomes_answer_consent
views-on-circumcision,s0123,views-on-circumcision,s0125,yes,W
views-on-circumcision,s0126,views-on-circumcision,s0125,yes,K:outcomes_answer_consent|W
views-on-circumcision,s0127,views-on-circumcision,s0125,yes,W
views-on-circumcision,s0127,views-on-circumcision,s0126,yes,W
views-on-circumcision,s0127,views-on-circumcision,s0184,yes,K:hiv_trial_carryover
views-on-circumcision,s0128,circumcision,s0333,no,K:net_benefit_settled
views-on-circumcision,s0128,views-on-circumcision,s0125,yes,W
views-on-circumcision,s0128,views-on-circumcision,s0126,yes,K:outcomes_answer_consent|W
views-on-circumcision,s0129,views-on-circumcision,s0125,yes,W
views-on-circumcision,s0129,views-on-circumcision,s0126,yes,W
views-on-circumcision,s0131,views-on-circumcision,s0125,yes,W
views-on-circumcision,s0131,views-on-circumcision,s0126,yes,W
views-on-circumcision,s0132,views-on-circumcision,s0125,yes,W
views-on-circumcision,s0132,views-on-circumcision,s0126,yes,W
views-on-circumcision,s0133,views-on-circumcision,s0125,yes,W
views-on-circumcision,s0133,views-on-circumcision,s0126,yes,W
views-on-circumcision,s0135,circumcision-controversies,s0108,no,K:restoration_means_acceptance
views-on-circumcision,s0135,ethics-of-circumcision,s0106,no,K:preventive_medicine_analogy
views-on-circumcision,s0135,views-on-circumcision,s0126,yes,K:outcomes_answer_consent
views-on-circumcision,s0136,circumcision-controversies,s0108,no,K:restoration_means_acceptance
views-on-circumcision,s0184,ulwaluko,s0097,no,K:tradition_proves_fit
views-on-circumcision,s0188,views-on-circumcision,s0184,yes,W
views-on-circumcision,s0190,mohel,s0231,no,K:critics_dismissed
views-on-circumcision,s0190,views-on-circumcision,s0184,yes,W
views-on-circumcision,s0191,views-on-circumcision,s0184,yes,W
