candidate,decision,reason,judged_by,judged_at
c0001,Y,"applies the 50-60% adult HIV trial reduction as evidence against condemning neonatal circumcision, the same carry-over claim the prior makes",model-1,2026-10-08T22:05:47-07:00
c0002,N,,model-1,2026-10-08T22:05:47-07:00
c0003,N,,model-1,2026-10-08T22:05:47-07:00
c0004,N,,model-1,2026-10-08T22:05:47-07:00
c0005,N,,model-1,2026-10-08T22:05:47-07:00
c0006,N,,model-1,2026-10-08T22:05:47-07:00
c0007,N,,model-1,2026-10-08T22:05:47-07:00
c0008,N,,model-1,2026-10-08T22:05:47-07:00
c0009,N,,model-1,2026-10-08T22:05:47-07:00
c0010,N,,model-1,2026-10-08T22:05:47-07:00
c0011,N,,model-1,2026-10-08T22:05:47-07:00
c0012,N,,model-1,2026-10-08T22:05:47-07:00
c0013,N,,model-1,2026-10-08T22:05:47-07:00
c0014,N,,model-1,2026-10-08T22:05:47-07:00
c0015,N,,model-1,2026-10-08T22:05:47-07:00
c0016,N,,model-1,2026-10-08T22:05:47-07:00
c0017,N,,model-1,2026-10-08T22:05:47-07:00
c0018,N,,model-1,2026-10-08T22:05:47-07:00
c0019,N,,model-1,2026-10-08T22:05:47-07:00
c0020,N,,model-1,2026-10-08T22:05:47-07:00
c0021,N,,model-1,2026-10-08T22:05:47-07:00
c0022,N,,model-1,2026-10-08T22:05:47-07:00
c0023,N,,model-1,2026-10-08T22:05:47-07:00
c0024,N,,model-1,2026-10-08T22:05:47-07:00
c0025,N,,model-1,2026-10-08T22:05:47-07:00
c0026,N,,model-1,2026-10-08T22:05:47-07:00
c0027,N,,model-1,2026-10-08T22:05:47-07:00
c0028,N,,model-1,2026-10-08T22:05:47-07:00
c0029,N,,model-1,2026-10-08T22:05:47-07:00
c0030,N,,model-1,2026-10-08T22:05:47-07:00
c0031,N,,model-1,2026-10-08T22:05:47-07:00
c0032,N,,model-1,2026-10-08T22:05:47-07:00
c0033,N,,model-1,2026-10-08T22:05:47-07:00
c0034,N,,model-1,2026-10-08T22:05:47-07:00
c0035,N,,model-1,2026-10-08T22:05:47-07:00
c0036,N,,model-1,2026-10-08T22:05:47-07:00
c0037,N,,model-1,2026-10-08T22:05:47-07:00
c0038,N,,model-1,2026-10-08T22:05:47-07:00
c0039,N,,model-1,2026-10-08T22:05:47-07:00
c0040,N,,model-1,2026-10-08T22:05:47-07:00
c0041,N,,model-1,2026-10-08T22:05:47-07:00
c0042,N,,model-1,2026-10-08T22:05:47-07:00
c0043,N,,model-1,2026-10-08T22:05:47-07:00
c0044,N,,model-1,2026-10-08T22:05:47-07:00
c0045,N,,model-1,2026-10-08T22:05:47-07:00
c0046,N,,model-1,2026-10-08T22:05:47-07:00
c0047,N,,model-1,2026-10-08T22:05:47-07:00
c0048,Y,"""This effect"" is the prior's case-control odds ratio read as causal; the survivor explains its mechanism, taking that causal reading as given",model-1,2026-10-08T22:05:47-07:00
c0049,N,,model-1,2026-10-08T22:05:47-07:00
c0050,N,,model-1,2026-10-08T22:05:47-07:00
c0051,N,,model-1,2026-10-08T22:05:47-07:00
c0052,N,,model-1,2026-10-08T22:05:47-07:00
c0053,N,,model-1,2026-10-08T22:05:47-07:00
c0054,N,,model-1,2026-10-08T22:05:47-07:00
c0055,N,,model-1,2026-10-08T22:05:47-07:00
c0056,N,,model-1,2026-10-08T22:05:47-07:00
c0057,N,,model-1,2026-10-08T22:05:47-07:00
c0058,N,,model-1,2026-10-08T22:05:47-07:00
c0059,N,,model-1,2026-10-08T22:05:47-07:00
c0060,N,,model-1,2026-10-08T22:05:47-07:00
c0061,N,,model-1,2026-10-08T22:05:47-07:00
c0062,N,,model-1,2026-10-08T22:05:47-07:00
c0063,N,,model-1,2026-10-08T22:05:47-07:00
c0064,N,,model-1,2026-10-08T22:05:47-07:00
c0065,N,,model-1,2026-10-08T22:05:47-07:00
c0066,N,,model-1,2026-10-08T22:05:47-07:00
c0067,N,,model-1,2026-10-08T22:05:47-07:00
c0068,N,,model-1,2026-10-08T22:05:47-07:00
c0069,N,,model-1,2026-10-08T22:05:47-07:00
c0070,N,,model-1,2026-10-08T22:05:47-07:00
c0071,N,,model-1,2026-10-08T22:05:59-07:00
c0072,N,,model-1,2026-10-08T22:05:59-07:00
c0073,N,,model-1,2026-10-08T22:05:59-07:00
c0074,N,,model-1,2026-10-08T22:05:59-07:00
c0075,N,,model-1,2026-10-08T22:05:59-07:00
c0076,N,,model-1,2026-10-08T22:05:59-07:00
c0077,N,,model-1,2026-10-08T22:05:59-07:00
c0078,N,,model-1,2026-10-08T22:05:59-07:00
c0079,N,,model-1,2026-10-08T22:05:59-07:00
c0080,N,,model-1,2026-10-08T22:05:59-07:00
c0081,N,,model-1,2026-10-08T22:05:59-07:00
c0082,N,,model-1,2026-10-08T22:05:59-07:00
c0083,N,,model-1,2026-10-08T22:05:59-07:00
c0084,N,,model-1,2026-10-08T22:05:59-07:00
c0085,N,,model-1,2026-10-08T22:05:59-07:00
c0086,N,,model-1,2026-10-08T22:05:59-07:00
c0087,N,,model-1,2026-10-08T22:05:59-07:00
c0088,N,,model-1,2026-10-08T22:05:59-07:00
c0089,N,,model-1,2026-10-08T22:05:59-07:00
c0090,N,,model-1,2026-10-08T22:05:59-07:00
c0091,N,,model-1,2026-10-08T22:05:59-07:00
c0092,N,,model-1,2026-10-08T22:05:59-07:00
c0093,N,,model-1,2026-10-08T22:05:59-07:00
c0094,N,,model-1,2026-10-08T22:05:59-07:00
c0095,N,,model-1,2026-10-08T22:05:59-07:00
c0096,N,,model-1,2026-10-08T22:05:59-07:00
c0097,N,,model-1,2026-10-08T22:05:59-07:00
c0098,N,,model-1,2026-10-08T22:05:59-07:00
c0099,N,,model-1,2026-10-08T22:05:59-07:00
c0100,N,,model-1,2026-10-08T22:05:59-07:00
c0101,Y,restates and relies on the prior's inference that net HIV reductions persisting in the data show compensation is not happening,model-1,2026-10-08T22:05:59-07:00
c0102,Y,"""Overall, the absence of verifiable risk compensation"" draws its conclusion from the paragraph's no-compensation finding, which includes the prior's inference",model-1,2026-10-08T22:05:59-07:00
c0103,N,,model-1,2026-10-08T22:05:59-07:00
c0104,N,,model-1,2026-10-08T22:05:59-07:00
c0105,N,,model-1,2026-10-08T22:05:59-07:00
c0106,N,,model-1,2026-10-08T22:05:59-07:00
c0107,N,,model-1,2026-10-08T22:05:59-07:00
c0108,N,,model-1,2026-10-08T22:05:59-07:00
c0109,N,,model-1,2026-10-08T22:05:59-07:00
c0110,N,,model-1,2026-10-08T22:05:59-07:00
c0111,N,,model-1,2026-10-08T22:05:59-07:00
c0112,N,,model-1,2026-10-08T22:05:59-07:00
c0113,N,,model-1,2026-10-08T22:05:59-07:00
c0114,N,,model-1,2026-10-08T22:05:59-07:00
c0115,N,,model-1,2026-10-08T22:05:59-07:00
c0116,N,,model-1,2026-10-08T22:05:59-07:00
c0117,N,,model-1,2026-10-08T22:05:59-07:00
c0118,N,,model-1,2026-10-08T22:05:59-07:00
c0119,N,,model-1,2026-10-08T22:05:59-07:00
c0120,N,,model-1,2026-10-08T22:05:59-07:00
c0121,N,,model-1,2026-10-08T22:05:59-07:00
c0122,N,,model-1,2026-10-08T22:05:59-07:00
c0123,N,,model-1,2026-10-08T22:05:59-07:00
c0124,N,,model-1,2026-10-08T22:05:59-07:00
c0125,N,,model-1,2026-10-08T22:05:59-07:00
c0126,N,,model-1,2026-10-08T22:05:59-07:00
c0127,N,,model-1,2026-10-08T22:05:59-07:00
c0128,Y,"discounts sensitivity-loss reports as recall-biased retrospective surveys, the same claim the prior is flagged for (double standard on self-reports)",model-1,2026-10-08T22:05:59-07:00
c0129,N,,model-1,2026-10-08T22:05:59-07:00
c0130,N,,model-1,2026-10-08T22:05:59-07:00
c0131,N,,model-1,2026-10-08T22:05:59-07:00
c0132,N,,model-1,2026-10-08T22:05:59-07:00
c0133,N,,model-1,2026-10-08T22:05:59-07:00
c0134,N,,model-1,2026-10-08T22:05:59-07:00
c0135,N,,model-1,2026-10-08T22:05:59-07:00
c0136,N,,model-1,2026-10-08T22:05:59-07:00
c0137,N,,model-1,2026-10-08T22:05:59-07:00
c0138,N,,model-1,2026-10-08T22:05:59-07:00
c0139,N,,model-1,2026-10-08T22:05:59-07:00
c0140,N,,model-1,2026-10-08T22:05:59-07:00
c0141,N,,model-1,2026-10-08T22:06:14-07:00
c0142,Y,"states the vaccination and orthodontics proxy-consent analogy that the prior applies to neonatal circumcision, the same claim the prior is flagged for (false analogy)",model-1,2026-10-08T22:06:14-07:00
c0143,N,,model-1,2026-10-08T22:06:14-07:00
c0144,N,,model-1,2026-10-08T22:06:14-07:00
c0145,N,,model-1,2026-10-08T22:06:14-07:00
c0146,N,,model-1,2026-10-08T22:06:14-07:00
c0147,N,,model-1,2026-10-08T22:06:14-07:00
c0148,N,,model-1,2026-10-08T22:06:14-07:00
c0149,N,,model-1,2026-10-08T22:06:14-07:00
c0150,N,,model-1,2026-10-08T22:06:14-07:00
c0151,N,,model-1,2026-10-08T22:06:14-07:00
c0152,N,,model-1,2026-10-08T22:06:14-07:00
c0153,N,,model-1,2026-10-08T22:06:14-07:00
c0154,N,,model-1,2026-10-08T22:06:14-07:00
c0155,N,,model-1,2026-10-08T22:06:14-07:00
c0156,N,,model-1,2026-10-08T22:06:14-07:00
c0157,N,,model-1,2026-10-08T22:06:14-07:00
c0158,N,,model-1,2026-10-08T22:06:14-07:00
c0159,N,,model-1,2026-10-08T22:06:14-07:00
c0160,N,,model-1,2026-10-08T22:06:14-07:00
c0161,N,,model-1,2026-10-08T22:06:14-07:00
c0162,N,,model-1,2026-10-08T22:06:14-07:00
c0163,N,,model-1,2026-10-08T22:06:14-07:00
c0164,N,,model-1,2026-10-08T22:06:14-07:00
c0165,N,,model-1,2026-10-08T22:06:14-07:00
c0166,N,,model-1,2026-10-08T22:06:14-07:00
c0167,N,,model-1,2026-10-08T22:06:14-07:00
c0168,N,,model-1,2026-10-08T22:06:14-07:00
c0169,N,,model-1,2026-10-08T22:06:14-07:00
c0170,N,,model-1,2026-10-08T22:06:14-07:00
c0171,N,,model-1,2026-10-08T22:06:14-07:00
c0172,N,,model-1,2026-10-08T22:06:14-07:00
c0173,N,,model-1,2026-10-08T22:06:14-07:00
c0174,N,,model-1,2026-10-08T22:06:14-07:00
c0175,N,,model-1,2026-10-08T22:06:14-07:00
c0176,N,,model-1,2026-10-08T22:06:14-07:00
c0177,N,,model-1,2026-10-08T22:06:14-07:00
c0178,N,,model-1,2026-10-08T22:06:14-07:00
c0179,Y,"states the modern-lifestyle mismatch story that the prior uses to justify removal, the same untested hypothesis the prior is flagged for",model-1,2026-10-08T22:06:14-07:00
c0180,N,,model-1,2026-10-08T22:06:14-07:00
c0181,Y,continues the same evolutionary mismatch hypothesis (infection vectors less selected in pre-agricultural epochs) that the prior is flagged for,model-1,2026-10-08T22:06:14-07:00
c0182,N,,model-1,2026-10-08T22:06:14-07:00
c0183,N,,model-1,2026-10-08T22:06:14-07:00
c0184,N,,model-1,2026-10-08T22:06:14-07:00
c0185,N,,model-1,2026-10-08T22:06:14-07:00
c0186,N,,model-1,2026-10-08T22:06:14-07:00
c0187,N,,model-1,2026-10-08T22:06:14-07:00
c0188,N,,model-1,2026-10-08T22:06:14-07:00
c0189,N,,model-1,2026-10-08T22:06:14-07:00
c0190,N,,model-1,2026-10-08T22:06:14-07:00
c0191,N,,model-1,2026-10-08T22:06:14-07:00
c0192,N,,model-1,2026-10-08T22:06:14-07:00
c0193,N,,model-1,2026-10-08T22:06:14-07:00
c0194,N,,model-1,2026-10-08T22:06:14-07:00
c0195,N,,model-1,2026-10-08T22:06:14-07:00
c0196,N,,model-1,2026-10-08T22:06:14-07:00
c0197,N,,model-1,2026-10-08T22:06:14-07:00
c0198,N,,model-1,2026-10-08T22:06:14-07:00
c0199,Y,"calls pleasure deficits unsubstantiated, building on the prior's dismissal of the self-report sensitivity study",model-1,2026-10-08T22:06:14-07:00
c0200,N,,model-1,2026-10-08T22:06:14-07:00
c0201,N,,model-1,2026-10-08T22:06:14-07:00
c0202,Y,"asserts programme-level HIV incidence reductions caused by VMMC scale-up, the same population causation claim the prior is flagged for",model-1,2026-10-08T22:06:14-07:00
c0203,Y,"""These programs ... have averted millions of infections"" builds on the same programme-level causation claim",model-1,2026-10-08T22:06:14-07:00
c0204,N,,model-1,2026-10-08T22:06:14-07:00
c0205,N,,model-1,2026-10-08T22:06:14-07:00
c0206,N,,model-1,2026-10-08T22:06:14-07:00
c0207,N,,model-1,2026-10-08T22:06:14-07:00
c0208,N,,model-1,2026-10-08T22:06:14-07:00
c0209,N,,model-1,2026-10-08T22:06:14-07:00
c0210,N,,model-1,2026-10-08T22:06:14-07:00
c0211,N,,model-1,2026-10-08T22:06:30-07:00
c0212,N,,model-1,2026-10-08T22:06:30-07:00
c0213,N,,model-1,2026-10-08T22:06:30-07:00
c0214,N,,model-1,2026-10-08T22:06:30-07:00
c0215,N,,model-1,2026-10-08T22:06:30-07:00
c0216,N,,model-1,2026-10-08T22:06:30-07:00
c0217,N,,model-1,2026-10-08T22:06:30-07:00
c0218,N,,model-1,2026-10-08T22:06:30-07:00
c0219,N,,model-1,2026-10-08T22:06:30-07:00
c0220,N,,model-1,2026-10-08T22:06:30-07:00
c0221,N,,model-1,2026-10-08T22:06:30-07:00
c0222,N,,model-1,2026-10-08T22:06:30-07:00
c0223,N,,model-1,2026-10-08T22:06:30-07:00
c0224,Y,"""Additional scrutiny"" continues the prior's discounting of opponents by their character and motives rather than their arguments",model-1,2026-10-08T22:06:30-07:00
c0225,N,,model-1,2026-10-08T22:06:30-07:00
c0226,N,,model-1,2026-10-08T22:06:30-07:00
c0227,N,,model-1,2026-10-08T22:06:30-07:00
c0228,N,,model-1,2026-10-08T22:06:30-07:00
c0229,N,,model-1,2026-10-08T22:06:30-07:00
c0230,N,,model-1,2026-10-08T22:06:30-07:00
c0231,N,,model-1,2026-10-08T22:06:30-07:00
c0232,Y,"""These actions"" refers to the prior's review-bombing episode and uses it as a premise to discount critics as conflicted advocates",model-1,2026-10-08T22:06:30-07:00
c0233,N,,model-1,2026-10-08T22:06:30-07:00
c0234,N,,model-1,2026-10-08T22:06:30-07:00
c0235,N,,model-1,2026-10-08T22:06:30-07:00
c0236,N,,model-1,2026-10-08T22:06:30-07:00
c0237,N,,model-1,2026-10-08T22:06:30-07:00
c0238,N,,model-1,2026-10-08T22:06:30-07:00
c0239,N,,model-1,2026-10-08T22:06:30-07:00
c0240,N,,model-1,2026-10-08T22:06:30-07:00
c0241,N,,model-1,2026-10-08T22:06:30-07:00
c0242,N,,model-1,2026-10-08T22:06:30-07:00
c0243,N,,model-1,2026-10-08T22:06:30-07:00
c0244,N,,model-1,2026-10-08T22:06:30-07:00
c0245,N,,model-1,2026-10-08T22:06:30-07:00
c0246,Y,"""Key reasons included"" presupposes the prior's claim that an overwhelming majority of studies show a preference",model-1,2026-10-08T22:06:30-07:00
c0247,Y,"continues the prior's review finding, the very claim that clashes with the section's earlier statement of no consistent preference",model-1,2026-10-08T22:06:30-07:00
c0248,N,,model-1,2026-10-08T22:06:30-07:00
c0249,N,,model-1,2026-10-08T22:06:30-07:00
c0250,N,,model-1,2026-10-08T22:06:30-07:00
c0251,N,,model-1,2026-10-08T22:06:30-07:00
c0252,N,,model-1,2026-10-08T22:06:30-07:00
c0253,N,,model-1,2026-10-08T22:06:30-07:00
c0254,N,,model-1,2026-10-08T22:06:30-07:00
c0255,N,,model-1,2026-10-08T22:06:30-07:00
c0256,N,,model-1,2026-10-08T22:06:30-07:00
c0257,N,,model-1,2026-10-08T22:06:30-07:00
c0258,N,,model-1,2026-10-08T22:06:30-07:00
c0259,N,,model-1,2026-10-08T22:06:30-07:00
c0260,N,,model-1,2026-10-08T22:06:30-07:00
c0261,N,,model-1,2026-10-08T22:06:30-07:00
c0262,N,,model-1,2026-10-08T22:06:30-07:00
c0263,N,,model-1,2026-10-08T22:06:30-07:00
c0264,N,,model-1,2026-10-08T22:06:30-07:00
c0265,N,,model-1,2026-10-08T22:06:30-07:00
c0266,N,,model-1,2026-10-08T22:06:30-07:00
c0267,N,,model-1,2026-10-08T22:06:30-07:00
c0268,N,,model-1,2026-10-08T22:06:30-07:00
c0269,N,,model-1,2026-10-08T22:06:30-07:00
c0270,N,,model-1,2026-10-08T22:06:30-07:00
c0271,N,,model-1,2026-10-08T22:06:30-07:00
c0272,N,,model-1,2026-10-08T22:06:30-07:00
c0273,N,,model-1,2026-10-08T22:06:30-07:00
c0274,N,,model-1,2026-10-08T22:06:30-07:00
c0275,N,,model-1,2026-10-08T22:06:30-07:00
c0276,Y,"restates and builds on the prior's heel-lancing analogy, concluding both are endorsed when net utility prevails",model-1,2026-10-08T22:06:30-07:00
c0277,N,,model-1,2026-10-08T22:06:30-07:00
c0278,N,,model-1,2026-10-08T22:06:30-07:00
c0279,Y,"""its analogous preventive ontology"" builds on the prior's preventive-medicine analogy (heel-stick screening)",model-1,2026-10-08T22:06:30-07:00
c0280,N,,model-1,2026-10-08T22:06:30-07:00
c0281,N,,model-1,2026-10-08T22:06:42-07:00
c0282,N,,model-1,2026-10-08T22:06:42-07:00
c0283,N,,model-1,2026-10-08T22:06:42-07:00
c0284,N,,model-1,2026-10-08T22:06:42-07:00
c0285,Y,"builds on the prior's recasting of the FGM comparison as a health-equivalence claim, rejecting ""unsubstantiated equivalences"" on net health effects only",model-1,2026-10-08T22:06:42-07:00
c0286,N,,model-1,2026-10-08T22:06:42-07:00
c0287,N,,model-1,2026-10-08T22:06:42-07:00
c0288,N,,model-1,2026-10-08T22:06:42-07:00
c0289,N,,model-1,2026-10-08T22:06:42-07:00
c0290,N,,model-1,2026-10-08T22:06:42-07:00
c0291,N,,model-1,2026-10-08T22:06:42-07:00
c0292,N,,model-1,2026-10-08T22:06:42-07:00
c0293,N,,model-1,2026-10-08T22:06:42-07:00
c0294,N,,model-1,2026-10-08T22:06:42-07:00
c0295,N,,model-1,2026-10-08T22:06:42-07:00
c0296,N,,model-1,2026-10-08T22:06:42-07:00
c0297,N,,model-1,2026-10-08T22:06:42-07:00
c0298,N,,model-1,2026-10-08T22:06:42-07:00
c0299,N,,model-1,2026-10-08T22:06:42-07:00
c0300,N,,model-1,2026-10-08T22:06:42-07:00
c0301,N,,model-1,2026-10-08T22:06:42-07:00
c0302,N,,model-1,2026-10-08T22:06:42-07:00
c0303,N,,model-1,2026-10-08T22:06:42-07:00
c0304,N,,model-1,2026-10-08T22:06:42-07:00
c0305,N,,model-1,2026-10-08T22:06:42-07:00
c0306,N,,model-1,2026-10-08T22:06:42-07:00
c0307,N,,model-1,2026-10-08T22:06:42-07:00
c0308,N,,model-1,2026-10-08T22:06:42-07:00
c0309,N,,model-1,2026-10-08T22:06:42-07:00
c0310,N,,model-1,2026-10-08T22:06:42-07:00
c0311,N,,model-1,2026-10-08T22:06:42-07:00
c0312,N,,model-1,2026-10-08T22:06:42-07:00
c0313,N,,model-1,2026-10-08T22:06:42-07:00
c0314,N,,model-1,2026-10-08T22:06:42-07:00
c0315,N,,model-1,2026-10-08T22:06:42-07:00
c0316,N,,model-1,2026-10-08T22:06:42-07:00
c0317,N,,model-1,2026-10-08T22:06:42-07:00
c0318,N,,model-1,2026-10-08T22:06:42-07:00
c0319,N,,model-1,2026-10-08T22:06:42-07:00
c0320,N,,model-1,2026-10-08T22:06:42-07:00
c0321,N,,model-1,2026-10-08T22:06:42-07:00
c0322,N,,model-1,2026-10-08T22:06:42-07:00
c0323,Y,"builds on the prior's framing of circumcision pain as transient and mitigable, contrasted with worse harms elsewhere",model-1,2026-10-08T22:06:42-07:00
c0324,N,,model-1,2026-10-08T22:06:42-07:00
c0325,N,,model-1,2026-10-08T22:06:42-07:00
c0326,N,,model-1,2026-10-08T22:06:42-07:00
c0327,N,,model-1,2026-10-08T22:06:42-07:00
c0328,N,,model-1,2026-10-08T22:06:42-07:00
c0329,N,,model-1,2026-10-08T22:06:42-07:00
c0330,N,,model-1,2026-10-08T22:06:42-07:00
c0331,N,,model-1,2026-10-08T22:06:42-07:00
c0332,N,,model-1,2026-10-08T22:06:42-07:00
c0333,N,,model-1,2026-10-08T22:06:42-07:00
c0334,N,,model-1,2026-10-08T22:06:42-07:00
c0335,N,,model-1,2026-10-08T22:06:42-07:00
c0336,N,,model-1,2026-10-08T22:06:42-07:00
c0337,N,,model-1,2026-10-08T22:06:42-07:00
c0338,N,,model-1,2026-10-08T22:06:42-07:00
c0339,N,,model-1,2026-10-08T22:06:42-07:00
c0340,N,,model-1,2026-10-08T22:06:42-07:00
c0341,Y,"""adult uptake failures"" rests on the prior's claim that uncircumcised men rarely seek later circumcision and so forfeit protection",model-1,2026-10-08T22:06:42-07:00
c0342,N,,model-1,2026-10-08T22:06:42-07:00
c0343,N,,model-1,2026-10-08T22:06:42-07:00
c0344,N,,model-1,2026-10-08T22:06:42-07:00
c0345,N,,model-1,2026-10-08T22:06:42-07:00
c0346,N,,model-1,2026-10-08T22:06:42-07:00
c0347,N,,model-1,2026-10-08T22:06:42-07:00
c0348,N,,model-1,2026-10-08T22:06:42-07:00
c0349,N,,model-1,2026-10-08T22:06:42-07:00
c0350,N,,model-1,2026-10-08T22:06:42-07:00
c0351,N,,model-1,2026-10-08T22:06:54-07:00
c0352,N,,model-1,2026-10-08T22:06:54-07:00
c0353,N,,model-1,2026-10-08T22:06:54-07:00
c0354,N,,model-1,2026-10-08T22:06:54-07:00
c0355,N,,model-1,2026-10-08T22:06:54-07:00
c0356,N,,model-1,2026-10-08T22:06:54-07:00
c0357,N,,model-1,2026-10-08T22:06:54-07:00
c0358,N,,model-1,2026-10-08T22:06:54-07:00
c0359,N,,model-1,2026-10-08T22:06:54-07:00
c0360,N,,model-1,2026-10-08T22:06:54-07:00
c0361,N,,model-1,2026-10-08T22:06:54-07:00
c0362,N,,model-1,2026-10-08T22:06:54-07:00
c0363,N,,model-1,2026-10-08T22:06:54-07:00
c0364,Y,"sets trial outcomes against ""speculative autonomy projections"", the same recasting of the consent objection as speculation that the prior is flagged for",model-1,2026-10-08T22:06:54-07:00
c0365,N,,model-1,2026-10-08T22:06:54-07:00
c0366,N,,model-1,2026-10-08T22:06:54-07:00
c0367,N,,model-1,2026-10-08T22:06:54-07:00
c0368,N,,model-1,2026-10-08T22:06:54-07:00
c0369,N,,model-1,2026-10-08T22:06:54-07:00
c0370,N,,model-1,2026-10-08T22:06:54-07:00
c0371,N,,model-1,2026-10-08T22:06:54-07:00
c0372,N,,model-1,2026-10-08T22:06:54-07:00
c0373,N,,model-1,2026-10-08T22:06:54-07:00
c0374,N,,model-1,2026-10-08T22:06:54-07:00
c0375,N,,model-1,2026-10-08T22:06:54-07:00
c0376,N,,model-1,2026-10-08T22:06:54-07:00
c0377,N,,model-1,2026-10-08T22:06:54-07:00
c0378,N,,model-1,2026-10-08T22:06:54-07:00
c0379,N,,model-1,2026-10-08T22:06:54-07:00
c0380,Y,"""Similar mechanisms"" builds on the prior's Langerhans-cell enrichment mechanism, the claim flagged as clashing with the article's own figures",model-1,2026-10-08T22:06:54-07:00
c0381,N,,model-1,2026-10-08T22:06:54-07:00
c0382,N,,model-1,2026-10-08T22:06:54-07:00
c0383,N,,model-1,2026-10-08T22:06:54-07:00
c0384,N,,model-1,2026-10-08T22:06:54-07:00
c0385,N,,model-1,2026-10-08T22:06:54-07:00
c0386,N,,model-1,2026-10-08T22:06:54-07:00
c0387,N,,model-1,2026-10-08T22:06:54-07:00
c0388,N,,model-1,2026-10-08T22:06:54-07:00
c0389,N,,model-1,2026-10-08T22:06:54-07:00
c0390,N,,model-1,2026-10-08T22:06:54-07:00
c0391,N,,model-1,2026-10-08T22:06:54-07:00
c0392,N,,model-1,2026-10-08T22:06:54-07:00
c0393,N,,model-1,2026-10-08T22:06:54-07:00
c0394,N,,model-1,2026-10-08T22:06:54-07:00
c0395,N,,model-1,2026-10-08T22:06:54-07:00
c0396,N,,model-1,2026-10-08T22:06:54-07:00
c0397,N,,model-1,2026-10-08T22:06:54-07:00
c0398,N,,model-1,2026-10-08T22:06:54-07:00
c0399,N,,model-1,2026-10-08T22:06:54-07:00
c0400,N,,model-1,2026-10-08T22:06:54-07:00
c0401,N,,model-1,2026-10-08T22:06:54-07:00
c0402,N,,model-1,2026-10-08T22:06:54-07:00
c0403,N,,model-1,2026-10-08T22:06:54-07:00
c0404,N,,model-1,2026-10-08T22:06:54-07:00
c0405,N,,model-1,2026-10-08T22:06:54-07:00
c0406,N,,model-1,2026-10-08T22:06:54-07:00
c0407,N,,model-1,2026-10-08T22:06:54-07:00
c0408,N,,model-1,2026-10-08T22:06:54-07:00
c0409,N,,model-1,2026-10-08T22:06:54-07:00
c0410,N,,model-1,2026-10-08T22:07:07-07:00
c0411,N,,model-1,2026-10-08T22:06:54-07:00
c0412,N,,model-1,2026-10-08T22:06:54-07:00
c0413,N,,model-1,2026-10-08T22:06:54-07:00
c0414,N,,model-1,2026-10-08T22:06:54-07:00
c0415,N,,model-1,2026-10-08T22:06:54-07:00
c0416,N,,model-1,2026-10-08T22:06:54-07:00
c0417,N,,model-1,2026-10-08T22:06:54-07:00
c0418,N,,model-1,2026-10-08T22:06:54-07:00
c0419,N,,model-1,2026-10-08T22:06:54-07:00
c0420,N,,model-1,2026-10-08T22:06:54-07:00
c0421,N,,model-1,2026-10-08T22:07:21-07:00
c0422,N,,model-1,2026-10-08T22:07:21-07:00
c0423,N,,model-1,2026-10-08T22:07:21-07:00
c0424,N,,model-1,2026-10-08T22:07:21-07:00
c0425,N,,model-1,2026-10-08T22:07:21-07:00
c0426,N,,model-1,2026-10-08T22:07:21-07:00
c0427,N,,model-1,2026-10-08T22:07:21-07:00
c0428,N,,model-1,2026-10-08T22:07:21-07:00
c0429,N,,model-1,2026-10-08T22:07:21-07:00
c0430,N,,model-1,2026-10-08T22:07:21-07:00
c0431,N,,model-1,2026-10-08T22:07:21-07:00
c0432,N,,model-1,2026-10-08T22:07:21-07:00
c0433,N,,model-1,2026-10-08T22:07:21-07:00
c0434,N,,model-1,2026-10-08T22:07:21-07:00
c0435,N,,model-1,2026-10-08T22:07:21-07:00
c0436,N,,model-1,2026-10-08T22:07:21-07:00
c0437,N,,model-1,2026-10-08T22:07:21-07:00
c0438,N,,model-1,2026-10-08T22:07:21-07:00
c0439,Y,"""Additional protective effects"" extends the prior's list of trial benefits said to apply to properly performed Ulwaluko, the carry-over the prior is flagged for",model-1,2026-10-08T22:07:21-07:00
c0440,N,,model-1,2026-10-08T22:07:21-07:00
c0441,Y,"""tied to negligence rather than inherent rite elements"" restates the prior's flagged claim that risk comes from modern encroachments, not the procedure",model-1,2026-10-08T22:07:21-07:00
c0442,N,,model-1,2026-10-08T22:07:21-07:00
c0443,N,,model-1,2026-10-08T22:07:21-07:00
c0444,N,,model-1,2026-10-08T22:07:21-07:00
c0445,N,,model-1,2026-10-08T22:07:21-07:00
c0446,N,,model-1,2026-10-08T22:07:21-07:00
c0447,N,,model-1,2026-10-08T22:07:21-07:00
c0448,N,,model-1,2026-10-08T22:07:21-07:00
c0449,N,,model-1,2026-10-08T22:07:21-07:00
c0450,N,,model-1,2026-10-08T22:07:21-07:00
c0451,N,,model-1,2026-10-08T22:07:21-07:00
c0452,N,,model-1,2026-10-08T22:07:21-07:00
c0453,N,,model-1,2026-10-08T22:07:21-07:00
c0454,N,,model-1,2026-10-08T22:07:21-07:00
c0455,N,,model-1,2026-10-08T22:07:21-07:00
c0456,N,,model-1,2026-10-08T22:07:21-07:00
c0457,N,,model-1,2026-10-08T22:07:21-07:00
c0458,N,,model-1,2026-10-08T22:07:21-07:00
c0459,N,,model-1,2026-10-08T22:07:21-07:00
c0460,N,,model-1,2026-10-08T22:07:21-07:00
c0461,N,,model-1,2026-10-08T22:07:21-07:00
c0462,N,,model-1,2026-10-08T22:07:21-07:00
c0463,N,,model-1,2026-10-08T22:07:21-07:00
c0464,N,,model-1,2026-10-08T22:07:21-07:00
c0465,N,,model-1,2026-10-08T22:07:21-07:00
c0466,N,,model-1,2026-10-08T22:07:21-07:00
c0467,N,,model-1,2026-10-08T22:07:21-07:00
c0468,N,,model-1,2026-10-08T22:07:21-07:00
c0469,N,,model-1,2026-10-08T22:07:21-07:00
c0470,N,,model-1,2026-10-08T22:07:21-07:00
c0471,N,,model-1,2026-10-08T22:07:21-07:00
c0472,N,,model-1,2026-10-08T22:07:21-07:00
c0473,Y,"""bans would require evidence of net harm ... a threshold not met"" relies on the prior's claim that the absence of provable detriment answers the case for prohibition",model-1,2026-10-08T22:07:21-07:00
c0474,N,,model-1,2026-10-08T22:07:21-07:00
c0475,N,,model-1,2026-10-08T22:07:21-07:00
c0476,N,,model-1,2026-10-08T22:07:21-07:00
c0477,N,,model-1,2026-10-08T22:07:21-07:00
c0478,N,,model-1,2026-10-08T22:07:21-07:00
c0479,N,,model-1,2026-10-08T22:07:21-07:00
c0480,N,,model-1,2026-10-08T22:07:21-07:00
c0481,N,,model-1,2026-10-08T22:07:21-07:00
c0482,N,,model-1,2026-10-08T22:07:21-07:00
c0483,N,,model-1,2026-10-08T22:07:21-07:00
c0484,N,,model-1,2026-10-08T22:07:21-07:00
c0485,N,,model-1,2026-10-08T22:07:21-07:00
c0486,N,,model-1,2026-10-08T22:07:21-07:00
c0487,N,,model-1,2026-10-08T22:07:21-07:00
c0488,N,,model-1,2026-10-08T22:07:21-07:00
c0489,N,,model-1,2026-10-08T22:07:21-07:00
c0490,N,,model-1,2026-10-08T22:07:21-07:00
