item,verdict,entry_id,quote,reason,checked_by,checked_at
r0001,no_issue,,,,checker-1,2026-10-08T22:16:58-07:00
r0002,no_issue,,,,checker-1,2026-10-08T22:16:58-07:00
r0003,no_issue,,,,checker-1,2026-10-08T22:16:58-07:00
r0004,no_issue,,,,checker-1,2026-10-08T22:16:58-07:00
r0005,no_issue,,,,checker-1,2026-10-08T22:16:58-07:00
r0006,no_issue,,,,checker-1,2026-10-08T22:16:58-07:00
r0007,no_issue,,,,checker-1,2026-10-08T22:16:58-07:00
r0008,no_issue,,,,checker-1,2026-10-08T22:16:58-07:00
r0009,no_issue,,,,checker-1,2026-10-08T22:16:58-07:00
r0010,possible_issue,cherry-picking,female genital mutilation (FGM) Types II-III often entail greater tissue loss and complications like vesicovaginal fistulae,"Rebuts the resolution's equation by citing only the most severe FGM types while the article elsewhere lists four WHO types; settled by whether milder types (I, IV) also differ from MC as claimed. Possible, not flag: the selection may be illustrative.",checker-1,2026-10-08T22:16:58-07:00
r0011,no_issue,,,,checker-1,2026-10-08T22:16:58-07:00
r0012,no_issue,,,,checker-1,2026-10-08T22:16:58-07:00
r0013,no_issue,,,,checker-1,2026-10-08T22:16:58-07:00
r0014,no_issue,,,,checker-1,2026-10-08T22:16:58-07:00
r0015,no_issue,,,,checker-1,2026-10-08T22:16:58-07:00
r0016,no_issue,,,,checker-1,2026-10-08T22:16:58-07:00
r0017,no_issue,,,,checker-1,2026-10-08T22:16:58-07:00
r0018,no_issue,,,,checker-1,2026-10-08T22:16:58-07:00
r0019,no_issue,,,,checker-1,2026-10-08T22:16:58-07:00
r0020,possible_issue,relative-risk-framing,with relative risk reductions ranging from 30% to 60% for these conditions,"Benefits for rare outcomes (infant UTI, penile cancer) given only as relative reductions; condition 2 (small absolute change) is outside the text here; settled by the absolute risks, which this passage does not give.",checker-1,2026-10-08T22:16:58-07:00
r0021,no_issue,,,,checker-1,2026-10-08T22:16:58-07:00
r0022,no_issue,,,,checker-1,2026-10-08T22:16:58-07:00
r0023,no_issue,,,,checker-1,2026-10-08T22:16:58-07:00
r0024,no_issue,,,,checker-1,2026-10-08T22:16:58-07:00
r0025,no_issue,,,,checker-1,2026-10-08T22:16:58-07:00
r0026,no_issue,,,,checker-1,2026-10-08T22:16:58-07:00
r0027,no_issue,,,,checker-1,2026-10-08T22:16:58-07:00
r0028,no_issue,,,,checker-1,2026-10-08T22:16:58-07:00
r0029,no_issue,,,,checker-1,2026-10-08T22:16:58-07:00
r0030,no_issue,,,,checker-1,2026-10-08T22:16:58-07:00
r0031,no_issue,,,,checker-1,2026-10-08T22:16:58-07:00
r0032,no_issue,,,,checker-1,2026-10-08T22:16:58-07:00
r0033,no_issue,,,,checker-1,2026-10-08T22:16:58-07:00
r0034,no_issue,,,,checker-1,2026-10-08T22:16:58-07:00
r0035,no_issue,,,,checker-1,2026-10-08T22:16:58-07:00
r0036,no_issue,,,,checker-1,2026-10-08T22:16:58-07:00
r0037,no_issue,,,,checker-1,2026-10-08T22:16:58-07:00
r0038,no_issue,,,,checker-1,2026-10-08T22:16:58-07:00
r0039,no_issue,,,,checker-1,2026-10-08T22:16:58-07:00
r0040,no_issue,,,,checker-1,2026-10-08T22:16:58-07:00
r0041,no_issue,,,,checker-1,2026-10-08T22:16:58-07:00
r0042,no_issue,,,,checker-1,2026-10-08T22:16:58-07:00
r0043,no_issue,,,,checker-1,2026-10-08T22:16:58-07:00
r0044,no_issue,,,,checker-1,2026-10-08T22:16:58-07:00
r0045,no_issue,,,,checker-1,2026-10-08T22:16:58-07:00
r0046,possible_issue,cherry-picking,"This approach avoids potential complications from anesthetics, such as delayed healing or allergic reactions in neonates",Presents only the anesthesia side of the trade-off as a benefit of forgoing it; the plainly known cost (pain of cutting without anesthesia) is not weighed here; settled by whether the passage weighs procedural pain.,checker-1,2026-10-08T22:16:58-07:00
r0047,no_issue,,,,checker-1,2026-10-08T22:16:58-07:00
r0048,no_issue,,,,checker-1,2026-10-08T22:16:58-07:00
r0049,no_issue,,,,checker-1,2026-10-08T22:16:58-07:00
r0050,possible_issue,relative-risk-framing,circumcision conferring approximately 90% protection,"Benefit given only as relative figures (10-fold, 90%) for an uncommon outcome; absolute risk not given in this passage (outside-text condition 2); settled by stating the ~1% vs ~0.1% absolute figures.",checker-1,2026-10-08T22:16:58-07:00
r0051,no_issue,,,,checker-1,2026-10-08T22:16:58-07:00
r0052,possible_issue,secundum-quid,Randomized controlled trials (RCTs) in sub-Saharan Africa have demonstrated that male circumcision reduces the risk of heterosexual HIV acquisition by 50-60% in men,Adult African trial result listed among benefits of neonatal brit milah; sentence keeps 'in men' so the qualifier is not clearly dropped; settled by whether the section treats it as a benefit of infant circumcision.,checker-1,2026-10-08T22:16:58-07:00
r0053,no_issue,,,,checker-1,2026-10-08T22:16:58-07:00
r0054,no_issue,,,,checker-1,2026-10-08T22:16:58-07:00
r0055,no_issue,,,,checker-1,2026-10-08T22:16:58-07:00
r0056,no_issue,,,,checker-1,2026-10-08T22:16:58-07:00
r0057,no_issue,,,,checker-1,2026-10-08T22:16:58-07:00
r0058,no_issue,,,,checker-1,2026-10-08T22:16:58-07:00
r0059,no_issue,,,,checker-1,2026-10-08T22:16:58-07:00
r0060,no_issue,,,,checker-1,2026-10-08T22:16:58-07:00
r0061,no_issue,,,,checker-1,2026-10-08T22:16:58-07:00
r0062,no_issue,,,,checker-1,2026-10-08T22:16:58-07:00
r0063,no_issue,,,,checker-1,2026-10-08T22:16:58-07:00
r0064,no_issue,,,,checker-1,2026-10-08T22:16:58-07:00
r0065,no_issue,,,,checker-1,2026-10-08T22:16:58-07:00
r0066,no_issue,,,,checker-1,2026-10-08T22:16:58-07:00
r0067,no_issue,,,,checker-1,2026-10-08T22:16:58-07:00
r0068,no_issue,,,,checker-1,2026-10-08T22:16:58-07:00
r0069,no_issue,,,,checker-1,2026-10-08T22:16:58-07:00
r0070,no_issue,,,,checker-1,2026-10-08T22:16:58-07:00
r0071,no_issue,,,,checker-1,2026-10-08T22:16:58-07:00
r0072,no_issue,,,,checker-1,2026-10-08T22:16:58-07:00
r0073,no_issue,,,,checker-1,2026-10-08T22:16:58-07:00
r0074,no_issue,,,,checker-1,2026-10-08T22:16:58-07:00
r0075,no_issue,,,,checker-1,2026-10-08T22:16:58-07:00
r0076,no_issue,,,,checker-1,2026-10-08T22:16:58-07:00
r0077,no_issue,,,,checker-1,2026-10-08T22:16:58-07:00
r0078,no_issue,,,,checker-1,2026-10-08T22:16:58-07:00
r0079,no_issue,,,,checker-1,2026-10-08T22:16:58-07:00
r0080,no_issue,,,,checker-1,2026-10-08T22:16:58-07:00
r0081,no_issue,,,,checker-1,2026-10-08T22:16:58-07:00
r0082,no_issue,,,,checker-1,2026-10-08T22:16:58-07:00
r0083,no_issue,,,,checker-1,2026-10-08T22:16:58-07:00
r0084,no_issue,,,,checker-1,2026-10-08T22:16:58-07:00
r0085,no_issue,,,,checker-1,2026-10-08T22:16:58-07:00
r0086,no_issue,,,,checker-1,2026-10-08T22:16:58-07:00
r0087,no_issue,,,,checker-1,2026-10-08T22:16:58-07:00
r0088,no_issue,,,,checker-1,2026-10-08T22:16:58-07:00
r0089,no_issue,,,,checker-1,2026-10-08T22:16:58-07:00
r0090,no_issue,,,,checker-1,2026-10-08T22:16:58-07:00
r0091,no_issue,,,,checker-1,2026-10-08T22:16:58-07:00
r0092,no_issue,,,,checker-1,2026-10-08T22:16:58-07:00
r0093,no_issue,,,,checker-1,2026-10-08T22:16:58-07:00
r0094,no_issue,,,,checker-1,2026-10-08T22:16:58-07:00
r0095,no_issue,,,,checker-1,2026-10-08T22:16:58-07:00
r0096,no_issue,,,,checker-1,2026-10-08T22:16:58-07:00
r0097,no_issue,,,,checker-1,2026-10-08T22:16:58-07:00
r0098,no_issue,,,,checker-1,2026-10-08T22:16:58-07:00
r0099,no_issue,,,,checker-1,2026-10-08T22:16:58-07:00
r0100,no_issue,,,,checker-1,2026-10-08T22:16:58-07:00
r0101,possible_issue,observational-interpretation,rates underscore that infancy is the lowest-risk period for the procedure,"Age-band adverse-event rates read as showing infancy itself is lowest risk; older-age procedures are more often therapeutic (the next sentence notes higher therapeutic rates), a confounder not addressed; settled by indication-adjusted rates.",checker-1,2026-10-08T22:16:58-07:00
r0102,no_issue,,,,checker-1,2026-10-08T22:16:58-07:00
r0103,no_issue,,,,checker-1,2026-10-08T22:16:58-07:00
r0104,no_issue,,,,checker-1,2026-10-08T22:16:58-07:00
r0105,no_issue,,,,checker-1,2026-10-08T22:16:58-07:00
r0106,no_issue,,,,checker-1,2026-10-08T22:16:58-07:00
r0107,no_issue,,,,checker-1,2026-10-08T22:16:58-07:00
r0108,no_issue,,,,checker-1,2026-10-08T22:16:58-07:00
r0109,no_issue,,,,checker-1,2026-10-08T22:16:58-07:00
r0110,no_issue,,,,checker-1,2026-10-08T22:16:58-07:00
r0111,no_issue,,,,checker-1,2026-10-08T22:16:58-07:00
r0112,no_issue,,,,checker-1,2026-10-08T22:16:58-07:00
r0113,no_issue,,,,checker-1,2026-10-08T22:16:58-07:00
r0114,no_issue,,,,checker-1,2026-10-08T22:16:58-07:00
r0115,no_issue,,,,checker-1,2026-10-08T22:16:58-07:00
r0116,no_issue,,,,checker-1,2026-10-08T22:16:58-07:00
r0117,no_issue,,,,checker-1,2026-10-08T22:16:58-07:00
r0118,no_issue,,,,checker-1,2026-10-08T22:16:58-07:00
r0119,no_issue,,,,checker-1,2026-10-08T22:16:58-07:00
r0120,no_issue,,,,checker-1,2026-10-08T22:16:58-07:00
r0121,no_issue,,,,checker-1,2026-10-08T22:16:58-07:00
r0122,no_issue,,,,checker-1,2026-10-08T22:16:58-07:00
r0123,no_issue,,,,checker-1,2026-10-08T22:16:58-07:00
r0124,no_issue,,,,checker-1,2026-10-08T22:16:58-07:00
r0125,no_issue,,,,checker-1,2026-10-08T22:16:58-07:00
r0126,no_issue,,,,checker-1,2026-10-08T22:16:58-07:00
r0127,no_issue,,,,checker-1,2026-10-08T22:16:58-07:00
r0128,no_issue,,,,checker-1,2026-10-08T22:16:58-07:00
r0129,no_issue,,,,checker-1,2026-10-08T22:16:58-07:00
r0130,no_issue,,,,checker-1,2026-10-08T22:16:58-07:00
r0131,no_issue,,,,checker-1,2026-10-08T22:16:58-07:00
r0132,no_issue,,,,checker-1,2026-10-08T22:16:58-07:00
r0133,no_issue,,,,checker-1,2026-10-08T22:16:58-07:00
r0134,no_issue,,,,checker-1,2026-10-08T22:16:58-07:00
r0135,no_issue,,,,checker-1,2026-10-08T22:16:58-07:00
r0136,possible_issue,hasty-generalization,"Neonatal and infant circumcision yields no differences in sexual arousal, orgasm intensity, or overall satisfaction","Sweeping no-difference claim, with QST 'confirming', resting on small studies (the key one named has 62 men); settled by the size and number of studies behind [115][116].",checker-1,2026-10-08T22:16:58-07:00
r0137,no_issue,,,,checker-1,2026-10-08T22:16:58-07:00
r0138,no_issue,,,,checker-1,2026-10-08T22:16:58-07:00
r0139,no_issue,,,,checker-1,2026-10-08T22:16:58-07:00
r0140,no_issue,,,,checker-1,2026-10-08T22:16:58-07:00
r0141,possible_issue,cherry-picking,"Adult circumcision may cause minor sensitivity decreases, but outcomes are mixed, showing no impairment in erectile function or satisfaction","Directly after a stated study with 63% masturbatory difficulty and 48% decreased pleasure, the summary calls decreases 'minor' and reports no impairment in satisfaction without answering those figures; hedged by 'may' and 'mixed', so possible issue.",checker-1,2026-10-08T22:16:58-07:00
r0142,no_issue,,,,checker-1,2026-10-08T22:16:58-07:00
r0143,no_issue,,,,checker-1,2026-10-08T22:16:58-07:00
r0144,no_issue,,,,checker-1,2026-10-08T22:16:58-07:00
r0145,no_issue,,,,checker-1,2026-10-08T22:16:58-07:00
r0146,no_issue,,,,checker-1,2026-10-08T22:16:58-07:00
r0147,no_issue,,,,checker-1,2026-10-08T22:16:58-07:00
r0148,no_issue,,,,checker-1,2026-10-08T22:16:58-07:00
r0149,no_issue,,,,checker-1,2026-10-08T22:16:58-07:00
r0150,no_issue,,,,checker-1,2026-10-08T22:16:58-07:00
r0151,no_issue,,,,checker-1,2026-10-08T22:16:58-07:00
r0152,no_issue,,,,checker-1,2026-10-08T22:16:58-07:00
r0153,no_issue,,,,checker-1,2026-10-08T22:16:58-07:00
r0154,no_issue,,,,checker-1,2026-10-08T22:16:58-07:00
r0155,no_issue,,,,checker-1,2026-10-08T22:16:58-07:00
r0156,no_issue,,,,checker-1,2026-10-08T22:16:58-07:00
r0157,no_issue,,,,checker-1,2026-10-08T22:16:58-07:00
r0158,no_issue,,,,checker-1,2026-10-08T22:16:58-07:00
r0159,no_issue,,,,checker-1,2026-10-08T22:16:58-07:00
r0160,no_issue,,,,checker-1,2026-10-08T22:16:58-07:00
r0161,no_issue,,,,checker-1,2026-10-08T22:16:58-07:00
r0162,no_issue,,,,checker-1,2026-10-08T22:16:58-07:00
r0163,no_issue,,,,checker-1,2026-10-08T22:16:58-07:00
r0164,no_issue,,,,checker-1,2026-10-08T22:16:58-07:00
r0165,no_issue,,,,checker-1,2026-10-08T22:16:58-07:00
r0166,no_issue,,,,checker-1,2026-10-08T22:16:58-07:00
r0167,no_issue,,,,checker-1,2026-10-08T22:16:58-07:00
r0168,no_issue,,,,checker-1,2026-10-08T22:16:58-07:00
r0169,no_issue,,,,checker-1,2026-10-08T22:16:58-07:00
r0170,no_issue,,,,checker-1,2026-10-08T22:16:58-07:00
r0171,no_issue,,,,checker-1,2026-10-08T22:16:58-07:00
r0172,no_issue,,,,checker-1,2026-10-08T22:16:58-07:00
r0173,no_issue,,,,checker-1,2026-10-08T22:16:58-07:00
r0174,no_issue,,,,checker-1,2026-10-08T22:16:58-07:00
r0175,no_issue,,,,checker-1,2026-10-08T22:16:58-07:00
r0176,no_issue,,,,checker-1,2026-10-08T22:16:58-07:00
r0177,no_issue,,,,checker-1,2026-10-08T22:16:58-07:00
r0178,no_issue,,,,checker-1,2026-10-08T22:16:58-07:00
r0179,no_issue,,,,checker-1,2026-10-08T22:16:58-07:00
r0180,no_issue,,,,checker-1,2026-10-08T22:16:58-07:00
r0181,no_issue,,,,checker-1,2026-10-08T22:16:58-07:00
r0182,no_issue,,,,checker-1,2026-10-08T22:16:58-07:00
r0183,no_issue,,,,checker-1,2026-10-08T22:16:58-07:00
r0184,no_issue,,,,checker-1,2026-10-08T22:16:58-07:00
r0185,no_issue,,,,checker-1,2026-10-08T22:16:58-07:00
r0186,no_issue,,,,checker-1,2026-10-08T22:16:58-07:00
r0187,no_issue,,,,checker-1,2026-10-08T22:16:58-07:00
r0188,no_issue,,,,checker-1,2026-10-08T22:16:58-07:00
r0189,no_issue,,,,checker-1,2026-10-08T22:16:58-07:00
r0190,no_issue,,,,checker-1,2026-10-08T22:16:58-07:00
r0191,no_issue,,,,checker-2,2026-10-08T22:15:45-07:00
r0192,no_issue,,,,checker-2,2026-10-08T22:15:45-07:00
r0193,no_issue,,,,checker-2,2026-10-08T22:15:45-07:00
r0194,no_issue,,,,checker-2,2026-10-08T22:15:45-07:00
r0195,no_issue,,,,checker-2,2026-10-08T22:15:45-07:00
r0196,no_issue,,,,checker-2,2026-10-08T22:15:45-07:00
r0197,no_issue,,,,checker-2,2026-10-08T22:15:45-07:00
r0198,possible_issue,secundum-quid,"These findings indicate a positive risk-benefit ratio for neonatal circumcision in medical settings, especially in high-infection areas","The 'high-infection areas' benefit for neonates rests on the adult African HIV trials cited at the start of the section; the qualification (adult, heterosexual exposure) is partly kept by 'benefits lessen in low-prevalence ones', so whether it is dropped depends on how much the neonatal claim relies on the adult HIV figures versus the infant UTI and complication data.",checker-2,2026-10-08T22:15:45-07:00
r0199,no_issue,,,,checker-2,2026-10-08T22:15:45-07:00
r0200,no_issue,,,,checker-2,2026-10-08T22:15:45-07:00
r0201,no_issue,,,,checker-2,2026-10-08T22:15:45-07:00
r0202,no_issue,,,,checker-2,2026-10-08T22:15:45-07:00
r0203,no_issue,,,,checker-2,2026-10-08T22:15:45-07:00
r0204,no_issue,,,,checker-2,2026-10-08T22:15:45-07:00
r0205,no_issue,,,,checker-2,2026-10-08T22:15:45-07:00
r0206,no_issue,,,,checker-2,2026-10-08T22:15:45-07:00
r0207,no_issue,,,,checker-2,2026-10-08T22:15:45-07:00
r0208,no_issue,,,,checker-2,2026-10-08T22:15:45-07:00
r0209,no_issue,,,,checker-2,2026-10-08T22:15:45-07:00
r0210,no_issue,,,,checker-2,2026-10-08T22:15:45-07:00
r0211,no_issue,,,,checker-2,2026-10-08T22:15:48-07:00
r0212,no_issue,,,,checker-2,2026-10-08T22:15:48-07:00
r0213,no_issue,,,,checker-2,2026-10-08T22:15:48-07:00
r0214,no_issue,,,,checker-2,2026-10-08T22:15:48-07:00
r0215,no_issue,,,,checker-2,2026-10-08T22:15:48-07:00
r0216,no_issue,,,,checker-2,2026-10-08T22:15:48-07:00
r0217,no_issue,,,,checker-2,2026-10-08T22:15:48-07:00
r0218,no_issue,,,,checker-2,2026-10-08T22:15:48-07:00
r0219,no_issue,,,,checker-2,2026-10-08T22:15:48-07:00
r0220,no_issue,,,,checker-2,2026-10-08T22:15:48-07:00
r0221,no_issue,,,,checker-2,2026-10-08T22:15:48-07:00
r0222,no_issue,,,,checker-2,2026-10-08T22:15:48-07:00
r0223,no_issue,,,,checker-2,2026-10-08T22:15:48-07:00
r0224,no_issue,,,,checker-2,2026-10-08T22:15:48-07:00
r0225,no_issue,,,,checker-2,2026-10-08T22:15:48-07:00
r0226,no_issue,,,,checker-2,2026-10-08T22:15:48-07:00
r0227,no_issue,,,,checker-2,2026-10-08T22:15:48-07:00
r0228,no_issue,,,,checker-2,2026-10-08T22:15:48-07:00
r0229,no_issue,,,,checker-2,2026-10-08T22:15:48-07:00
r0230,no_issue,,,,checker-2,2026-10-08T22:15:48-07:00
r0231,no_issue,,,,checker-2,2026-10-08T22:15:52-07:00
r0232,no_issue,,,,checker-2,2026-10-08T22:15:52-07:00
r0233,no_issue,,,,checker-2,2026-10-08T22:15:52-07:00
r0234,no_issue,,,,checker-2,2026-10-08T22:15:52-07:00
r0235,no_issue,,,,checker-2,2026-10-08T22:15:52-07:00
r0236,no_issue,,,,checker-2,2026-10-08T22:15:52-07:00
r0237,no_issue,,,,checker-2,2026-10-08T22:15:52-07:00
r0238,no_issue,,,,checker-2,2026-10-08T22:15:52-07:00
r0239,no_issue,,,,checker-2,2026-10-08T22:15:52-07:00
r0240,no_issue,,,,checker-2,2026-10-08T22:15:52-07:00
r0241,no_issue,,,,checker-2,2026-10-08T22:15:52-07:00
r0242,no_issue,,,,checker-2,2026-10-08T22:15:52-07:00
r0243,no_issue,,,,checker-2,2026-10-08T22:15:52-07:00
r0244,no_issue,,,,checker-2,2026-10-08T22:15:52-07:00
r0245,no_issue,,,,checker-2,2026-10-08T22:15:52-07:00
r0246,no_issue,,,,checker-2,2026-10-08T22:15:52-07:00
r0247,no_issue,,,,checker-2,2026-10-08T22:15:52-07:00
r0248,no_issue,,,,checker-2,2026-10-08T22:15:52-07:00
r0249,no_issue,,,,checker-2,2026-10-08T22:15:52-07:00
r0250,no_issue,,,,checker-2,2026-10-08T22:15:52-07:00
r0251,no_issue,,,,checker-2,2026-10-08T22:15:57-07:00
r0252,no_issue,,,,checker-2,2026-10-08T22:15:57-07:00
r0253,no_issue,,,,checker-2,2026-10-08T22:15:57-07:00
r0254,no_issue,,,,checker-2,2026-10-08T22:15:57-07:00
r0255,no_issue,,,,checker-2,2026-10-08T22:15:57-07:00
r0256,no_issue,,,,checker-2,2026-10-08T22:15:57-07:00
r0257,no_issue,,,,checker-2,2026-10-08T22:15:57-07:00
r0258,no_issue,,,,checker-2,2026-10-08T22:15:57-07:00
r0259,no_issue,,,,checker-2,2026-10-08T22:15:57-07:00
r0260,no_issue,,,,checker-2,2026-10-08T22:15:57-07:00
r0261,no_issue,,,,checker-2,2026-10-08T22:15:57-07:00
r0262,no_issue,,,,checker-2,2026-10-08T22:15:57-07:00
r0263,no_issue,,,,checker-2,2026-10-08T22:15:57-07:00
r0264,no_issue,,,,checker-2,2026-10-08T22:15:57-07:00
r0265,no_issue,,,,checker-2,2026-10-08T22:15:57-07:00
r0266,no_issue,,,,checker-2,2026-10-08T22:15:57-07:00
r0267,no_issue,,,,checker-2,2026-10-08T22:15:57-07:00
r0268,no_issue,,,,checker-2,2026-10-08T22:15:57-07:00
r0269,no_issue,,,,checker-2,2026-10-08T22:15:57-07:00
r0270,no_issue,,,,checker-2,2026-10-08T22:15:57-07:00
r0271,no_issue,,,,checker-2,2026-10-08T22:16:06-07:00
r0272,no_issue,,,,checker-2,2026-10-08T22:16:06-07:00
r0273,no_issue,,,,checker-2,2026-10-08T22:16:06-07:00
r0274,no_issue,,,,checker-2,2026-10-08T22:16:06-07:00
r0275,no_issue,,,,checker-2,2026-10-08T22:16:06-07:00
r0276,no_issue,,,,checker-2,2026-10-08T22:16:06-07:00
r0277,no_issue,,,,checker-2,2026-10-08T22:16:06-07:00
r0278,no_issue,,,,checker-2,2026-10-08T22:16:06-07:00
r0279,no_issue,,,,checker-2,2026-10-08T22:16:06-07:00
r0280,no_issue,,,,checker-2,2026-10-08T22:16:06-07:00
r0281,no_issue,,,,checker-2,2026-10-08T22:16:06-07:00
r0282,possible_issue,loaded-label,Methodological critiques are dismissed as denialism,"'Denialism' builds in that the critiques deny settled fact and stands in for answering them (the rigorous-design reason does not address early stopping or unblinding raised in s0190-s0193); but the passive voice in a rebuttals section may only report defenders' view, so whether this is the article's own voice settles it.",checker-2,2026-10-08T22:16:06-07:00
r0283,no_issue,,,,checker-2,2026-10-08T22:16:06-07:00
r0284,no_issue,,,,checker-2,2026-10-08T22:16:06-07:00
r0285,no_issue,,,,checker-2,2026-10-08T22:16:06-07:00
r0286,no_issue,,,,checker-2,2026-10-08T22:16:06-07:00
r0287,no_issue,,,,checker-2,2026-10-08T22:16:06-07:00
r0288,no_issue,,,,checker-2,2026-10-08T22:16:06-07:00
r0289,no_issue,,,,checker-2,2026-10-08T22:16:06-07:00
r0290,no_issue,,,,checker-2,2026-10-08T22:16:06-07:00
r0291,no_issue,,,,checker-2,2026-10-08T22:16:10-07:00
r0292,no_issue,,,,checker-2,2026-10-08T22:16:10-07:00
r0293,no_issue,,,,checker-2,2026-10-08T22:16:10-07:00
r0294,no_issue,,,,checker-2,2026-10-08T22:16:10-07:00
r0295,no_issue,,,,checker-2,2026-10-08T22:16:10-07:00
r0296,no_issue,,,,checker-2,2026-10-08T22:16:10-07:00
r0297,no_issue,,,,checker-2,2026-10-08T22:16:10-07:00
r0298,no_issue,,,,checker-2,2026-10-08T22:16:10-07:00
r0299,no_issue,,,,checker-2,2026-10-08T22:16:10-07:00
r0300,no_issue,,,,checker-2,2026-10-08T22:16:10-07:00
r0301,no_issue,,,,checker-2,2026-10-08T22:16:10-07:00
r0302,no_issue,,,,checker-2,2026-10-08T22:16:10-07:00
r0303,no_issue,,,,checker-2,2026-10-08T22:16:10-07:00
r0304,no_issue,,,,checker-2,2026-10-08T22:16:10-07:00
r0305,no_issue,,,,checker-2,2026-10-08T22:16:10-07:00
r0306,no_issue,,,,checker-2,2026-10-08T22:16:10-07:00
r0307,no_issue,,,,checker-2,2026-10-08T22:16:10-07:00
r0308,no_issue,,,,checker-2,2026-10-08T22:16:10-07:00
r0309,no_issue,,,,checker-2,2026-10-08T22:16:10-07:00
r0310,no_issue,,,,checker-2,2026-10-08T22:16:10-07:00
r0311,no_issue,,,,checker-2,2026-10-08T22:16:19-07:00
r0312,no_issue,,,,checker-2,2026-10-08T22:16:19-07:00
r0313,no_issue,,,,checker-2,2026-10-08T22:16:19-07:00
r0314,no_issue,,,,checker-2,2026-10-08T22:16:19-07:00
r0315,no_issue,,,,checker-2,2026-10-08T22:16:19-07:00
r0316,no_issue,,,,checker-2,2026-10-08T22:16:19-07:00
r0317,no_issue,,,,checker-2,2026-10-08T22:16:19-07:00
r0318,possible_issue,secundum-quid,"where parental intent aligns with prevailing medical literature showing modest aggregate benefits (e.g., CDC estimates of 1 in 100 HIV risk reduction in high-prevalence settings), courts avoid overriding decisions absent acute harm","The article's own explanation of US child-circumcision rulings leans on an HIV benefit that the sentence itself limits to high-prevalence settings, carrying it into a low-prevalence US child case; the qualification is named rather than dropped, so it turns on whether the example is doing the justifying work or is only illustrative.",checker-2,2026-10-08T22:16:19-07:00
r0319,no_issue,,,,checker-2,2026-10-08T22:16:19-07:00
r0320,no_issue,,,,checker-2,2026-10-08T22:16:19-07:00
r0321,no_issue,,,,checker-2,2026-10-08T22:16:19-07:00
r0322,no_issue,,,,checker-2,2026-10-08T22:16:19-07:00
r0323,no_issue,,,,checker-2,2026-10-08T22:16:19-07:00
r0324,no_issue,,,,checker-2,2026-10-08T22:16:19-07:00
r0325,no_issue,,,,checker-2,2026-10-08T22:16:19-07:00
r0326,no_issue,,,,checker-2,2026-10-08T22:16:19-07:00
r0327,no_issue,,,,checker-2,2026-10-08T22:16:19-07:00
r0328,possible_issue,exaggeration,Neonatal circumcision nearly eliminates the risk in high-prevalence settings,"The preceding sentence gives an odds ratio of 0.33 (about a two-thirds reduction) for neonatal or youth circumcision, and 'nearly eliminates' overstates that; it stays possible because 'in high-prevalence settings' may refer to other data, and whether a later step relies on the stronger wording is not shown.",checker-2,2026-10-08T22:16:19-07:00
r0329,no_issue,,,,checker-2,2026-10-08T22:16:19-07:00
r0330,no_issue,,,,checker-2,2026-10-08T22:16:19-07:00
r0331,no_issue,,,,checker-2,2026-10-08T22:16:27-07:00
r0332,no_issue,,,,checker-2,2026-10-08T22:16:27-07:00
r0333,no_issue,,,,checker-2,2026-10-08T22:16:27-07:00
r0334,no_issue,,,,checker-2,2026-10-08T22:16:27-07:00
r0335,no_issue,,,,checker-2,2026-10-08T22:16:27-07:00
r0336,no_issue,,,,checker-2,2026-10-08T22:16:27-07:00
r0337,no_issue,,,,checker-2,2026-10-08T22:16:27-07:00
r0338,no_issue,,,,checker-2,2026-10-08T22:16:27-07:00
r0339,no_issue,,,,checker-2,2026-10-08T22:16:27-07:00
r0340,no_issue,,,,checker-2,2026-10-08T22:16:27-07:00
r0341,no_issue,,,,checker-2,2026-10-08T22:16:27-07:00
r0342,no_issue,,,,checker-2,2026-10-08T22:16:27-07:00
r0343,no_issue,,,,checker-2,2026-10-08T22:16:27-07:00
r0344,no_issue,,,,checker-2,2026-10-08T22:16:27-07:00
r0345,no_issue,,,,checker-2,2026-10-08T22:16:27-07:00
r0346,no_issue,,,,checker-2,2026-10-08T22:16:27-07:00
r0347,no_issue,,,,checker-2,2026-10-08T22:16:27-07:00
r0348,no_issue,,,,checker-2,2026-10-08T22:16:27-07:00
r0349,no_issue,,,,checker-2,2026-10-08T22:16:27-07:00
r0350,no_issue,,,,checker-2,2026-10-08T22:16:27-07:00
r0351,no_issue,,,,checker-2,2026-10-08T22:16:45-07:00
r0352,no_issue,,,,checker-2,2026-10-08T22:16:45-07:00
r0353,flag,red-herring,"These claims, while highlighting procedural similarities, apply to infant contexts where long-term sensory or psychological harms are alleged but lack uniform empirical validation across cohorts","In the article's own voice this answers the equivalence argument, which the previous sentence states as a consent claim ('degree of tissue removal or cultural valence should not eclipse the principle of consent'), by turning to whether harms are empirically validated; harm evidence does not bear on the stated consent principle and draws attention from it. Not a shown dependence (look-alike), and not straw man since the claim is restated fairly.",checker-2,2026-10-08T22:16:45-07:00
r0354,no_issue,,,,checker-2,2026-10-08T22:16:45-07:00
r0355,flag,secundum-quid,"Randomized trials demonstrate that male circumcision decreases heterosexual HIV acquisition by 53-60% and lowers transmission risks for herpes simplex virus type 2 and human papillomavirus, thereby protecting uncircumcised partners and reducing overall community STI prevalence","The trial results hold for adult men in high-prevalence African heterosexual epidemics; here they are stated without that qualification inside a paragraph whose conclusion (s0103, s0105) is that societal utility justifies parents' proxy choice for infants, so the conclusion relies on dropping the adult and high-prevalence qualification. The qualification does affect the conclusion, so the look-alike does not apply.",checker-2,2026-10-08T22:16:45-07:00
r0356,no_issue,,,,checker-2,2026-10-08T22:16:45-07:00
r0357,no_issue,,,,checker-2,2026-10-08T22:16:45-07:00
r0358,no_issue,,,,checker-2,2026-10-08T22:16:45-07:00
r0359,no_issue,,,,checker-2,2026-10-08T22:16:45-07:00
r0360,no_issue,,,,checker-2,2026-10-08T22:16:45-07:00
r0361,no_issue,,,,checker-2,2026-10-08T22:16:45-07:00
r0362,no_issue,,,,checker-2,2026-10-08T22:16:45-07:00
r0363,no_issue,,,,checker-2,2026-10-08T22:16:45-07:00
r0364,no_issue,,,,checker-2,2026-10-08T22:16:45-07:00
r0365,no_issue,,,,checker-2,2026-10-08T22:16:45-07:00
r0366,no_issue,,,,checker-2,2026-10-08T22:16:45-07:00
r0367,no_issue,,,,checker-2,2026-10-08T22:16:45-07:00
r0368,no_issue,,,,checker-2,2026-10-08T22:16:45-07:00
r0369,no_issue,,,,checker-2,2026-10-08T22:16:45-07:00
r0370,possible_issue,non-sequitur,empirically supported by low adverse outcomes in supervised ritual contexts,"Low complication rates are offered as empirical support for circumcision's role as 'an enduring emblem of fidelity and group resilience', but complication rates bear on safety, not on that symbolic and communal role; possible only because a charitable reading may take the clause as separate support for continuing the practice rather than for the role itself.",checker-2,2026-10-08T22:16:45-07:00
r0371,no_issue,,,,checker-2,2026-10-08T22:16:49-07:00
r0372,no_issue,,,,checker-2,2026-10-08T22:16:49-07:00
r0373,no_issue,,,,checker-2,2026-10-08T22:16:49-07:00
r0374,no_issue,,,,checker-2,2026-10-08T22:16:49-07:00
r0375,no_issue,,,,checker-2,2026-10-08T22:16:49-07:00
r0376,no_issue,,,,checker-2,2026-10-08T22:16:49-07:00
r0377,no_issue,,,,checker-2,2026-10-08T22:16:49-07:00
r0378,no_issue,,,,checker-2,2026-10-08T22:16:49-07:00
r0379,no_issue,,,,checker-2,2026-10-08T22:16:49-07:00
r0380,no_issue,,,,checker-2,2026-10-08T22:16:49-07:00
r0381,no_issue,,,,checker-3,2026-10-08T22:16:03-07:00
r0382,no_issue,,,,checker-3,2026-10-08T22:16:03-07:00
r0383,no_issue,,,,checker-3,2026-10-08T22:16:03-07:00
r0384,no_issue,,,,checker-3,2026-10-08T22:16:03-07:00
r0385,no_issue,,,,checker-3,2026-10-08T22:16:03-07:00
r0386,no_issue,,,,checker-3,2026-10-08T22:16:03-07:00
r0387,no_issue,,,,checker-3,2026-10-08T22:16:03-07:00
r0388,no_issue,,,,checker-3,2026-10-08T22:16:03-07:00
r0389,no_issue,,,,checker-3,2026-10-08T22:16:03-07:00
r0390,no_issue,,,,checker-3,2026-10-08T22:16:03-07:00
r0391,no_issue,,,,checker-3,2026-10-08T22:16:03-07:00
r0392,no_issue,,,,checker-3,2026-10-08T22:16:03-07:00
r0393,no_issue,,,,checker-3,2026-10-08T22:16:03-07:00
r0394,no_issue,,,,checker-3,2026-10-08T22:16:03-07:00
r0395,no_issue,,,,checker-3,2026-10-08T22:16:03-07:00
r0396,no_issue,,,,checker-3,2026-10-08T22:16:03-07:00
r0397,no_issue,,,,checker-3,2026-10-08T22:16:03-07:00
r0398,no_issue,,,,checker-3,2026-10-08T22:16:03-07:00
r0399,no_issue,,,,checker-3,2026-10-08T22:16:03-07:00
r0400,no_issue,,,,checker-3,2026-10-08T22:16:03-07:00
r0401,no_issue,,,,checker-3,2026-10-08T22:16:03-07:00
r0402,no_issue,,,,checker-3,2026-10-08T22:16:03-07:00
r0403,no_issue,,,,checker-3,2026-10-08T22:16:03-07:00
r0404,no_issue,,,,checker-3,2026-10-08T22:16:03-07:00
r0405,no_issue,,,,checker-3,2026-10-08T22:16:03-07:00
r0406,no_issue,,,,checker-3,2026-10-08T22:16:03-07:00
r0407,no_issue,,,,checker-3,2026-10-08T22:16:03-07:00
r0408,no_issue,,,,checker-3,2026-10-08T22:16:03-07:00
r0409,no_issue,,,,checker-3,2026-10-08T22:16:03-07:00
r0410,no_issue,,,,checker-3,2026-10-08T22:16:03-07:00
r0411,no_issue,,,,checker-3,2026-10-08T22:16:03-07:00
r0412,no_issue,,,,checker-3,2026-10-08T22:16:03-07:00
r0413,no_issue,,,,checker-3,2026-10-08T22:16:03-07:00
r0414,no_issue,,,,checker-3,2026-10-08T22:16:03-07:00
r0415,no_issue,,,,checker-3,2026-10-08T22:16:03-07:00
r0416,no_issue,,,,checker-3,2026-10-08T22:16:03-07:00
r0417,no_issue,,,,checker-3,2026-10-08T22:16:03-07:00
r0418,no_issue,,,,checker-3,2026-10-08T22:16:03-07:00
r0419,no_issue,,,,checker-3,2026-10-08T22:16:03-07:00
r0420,no_issue,,,,checker-3,2026-10-08T22:16:03-07:00
r0421,no_issue,,,,checker-3,2026-10-08T22:16:03-07:00
r0422,no_issue,,,,checker-3,2026-10-08T22:16:03-07:00
r0423,no_issue,,,,checker-3,2026-10-08T22:16:03-07:00
r0424,no_issue,,,,checker-3,2026-10-08T22:16:03-07:00
r0425,no_issue,,,,checker-3,2026-10-08T22:16:03-07:00
r0426,no_issue,,,,checker-3,2026-10-08T22:16:03-07:00
r0427,no_issue,,,,checker-3,2026-10-08T22:16:03-07:00
r0428,no_issue,,,,checker-3,2026-10-08T22:16:03-07:00
r0429,no_issue,,,,checker-3,2026-10-08T22:16:03-07:00
r0430,no_issue,,,,checker-3,2026-10-08T22:16:03-07:00
r0431,no_issue,,,,checker-3,2026-10-08T22:16:03-07:00
r0432,no_issue,,,,checker-3,2026-10-08T22:16:03-07:00
r0433,no_issue,,,,checker-3,2026-10-08T22:16:03-07:00
r0434,no_issue,,,,checker-3,2026-10-08T22:16:03-07:00
r0435,no_issue,,,,checker-3,2026-10-08T22:16:03-07:00
r0436,no_issue,,,,checker-3,2026-10-08T22:16:03-07:00
r0437,no_issue,,,,checker-3,2026-10-08T22:16:03-07:00
r0438,no_issue,,,,checker-3,2026-10-08T22:16:03-07:00
r0439,possible_issue,secundum-quid,This approach adapts global evidence to Brunei's context,"Step: WHO/African-trial efficacy (~60%, high-prevalence adult heterosexual setting) is carried to Brunei and said to be 'potentially amplifying protective effects'; the qualification (high HIV prevalence) is dropped, but the text never states Brunei's HIV prevalence and the claim is hedged ('potentially'); settled if Brunei's HIV prevalence is low, as the WHO recommendation is limited to high-prevalence generalized epidemics.",checker-3,2026-10-08T22:16:03-07:00
r0440,no_issue,,,,checker-3,2026-10-08T22:16:03-07:00
r0441,no_issue,,,,checker-3,2026-10-08T22:16:03-07:00
r0442,no_issue,,,,checker-3,2026-10-08T22:16:03-07:00
r0443,no_issue,,,,checker-3,2026-10-08T22:16:03-07:00
r0444,no_issue,,,,checker-3,2026-10-08T22:16:03-07:00
r0445,no_issue,,,,checker-3,2026-10-08T22:16:03-07:00
r0446,no_issue,,,,checker-3,2026-10-08T22:16:03-07:00
r0447,no_issue,,,,checker-3,2026-10-08T22:16:03-07:00
r0448,no_issue,,,,checker-3,2026-10-08T22:16:03-07:00
r0449,no_issue,,,,checker-3,2026-10-08T22:16:03-07:00
r0450,no_issue,,,,checker-3,2026-10-08T22:16:03-07:00
r0451,no_issue,,,,checker-3,2026-10-08T22:16:03-07:00
r0452,no_issue,,,,checker-3,2026-10-08T22:16:03-07:00
r0453,no_issue,,,,checker-3,2026-10-08T22:16:17-07:00
r0454,no_issue,,,,checker-3,2026-10-08T22:16:17-07:00
r0455,no_issue,,,,checker-3,2026-10-08T22:16:17-07:00
r0456,no_issue,,,,checker-3,2026-10-08T22:16:17-07:00
r0457,no_issue,,,,checker-3,2026-10-08T22:16:17-07:00
r0458,no_issue,,,,checker-3,2026-10-08T22:16:17-07:00
r0459,no_issue,,,,checker-3,2026-10-08T22:16:17-07:00
r0460,no_issue,,,,checker-3,2026-10-08T22:16:17-07:00
r0461,no_issue,,,,checker-3,2026-10-08T22:16:17-07:00
r0462,possible_issue,nut-picking,"Claims of psychological trauma, such as links to autism spectrum disorder via stress hormone accumulation, lack empirical support","Step: the whole class of psychological-trauma claims is dismissed using only the autism/glucocorticoid link as its example; if that link is a fringe claim presented as typical, both conditions are met, but the text does not show it is the most extreme version or that other trauma claims were addressed; settled by whether more typical trauma claims (e.g. pain-response studies) are answered elsewhere in the article.",checker-3,2026-10-08T22:16:17-07:00
r0463,no_issue,,,,checker-3,2026-10-08T22:16:17-07:00
r0464,no_issue,,,,checker-3,2026-10-08T22:16:17-07:00
r0465,no_issue,,,,checker-3,2026-10-08T22:16:17-07:00
r0466,no_issue,,,,checker-3,2026-10-08T22:16:17-07:00
r0467,no_issue,,,,checker-3,2026-10-08T22:16:17-07:00
r0468,no_issue,,,,checker-3,2026-10-08T22:16:17-07:00
r0469,no_issue,,,,checker-3,2026-10-08T22:16:17-07:00
r0470,no_issue,,,,checker-3,2026-10-08T22:16:17-07:00
r0471,no_issue,,,,checker-3,2026-10-08T22:16:17-07:00
r0472,no_issue,,,,checker-3,2026-10-08T22:16:17-07:00
r0473,no_issue,,,,checker-3,2026-10-08T22:16:17-07:00
r0474,no_issue,,,,checker-3,2026-10-08T22:16:17-07:00
r0475,no_issue,,,,checker-3,2026-10-08T22:16:17-07:00
r0476,no_issue,,,,checker-3,2026-10-08T22:16:17-07:00
r0477,no_issue,,,,checker-3,2026-10-08T22:16:17-07:00
r0478,no_issue,,,,checker-3,2026-10-08T22:16:17-07:00
r0479,no_issue,,,,checker-3,2026-10-08T22:16:17-07:00
r0480,no_issue,,,,checker-3,2026-10-08T22:16:17-07:00
r0481,no_issue,,,,checker-3,2026-10-08T22:16:17-07:00
r0482,no_issue,,,,checker-3,2026-10-08T22:16:17-07:00
r0483,no_issue,,,,checker-3,2026-10-08T22:16:17-07:00
r0484,no_issue,,,,checker-3,2026-10-08T22:16:17-07:00
r0485,no_issue,,,,checker-3,2026-10-08T22:16:17-07:00
r0486,no_issue,,,,checker-3,2026-10-08T22:16:17-07:00
r0487,no_issue,,,,checker-3,2026-10-08T22:16:17-07:00
r0488,no_issue,,,,checker-3,2026-10-08T22:16:46-07:00
r0489,no_issue,,,,checker-3,2026-10-08T22:16:46-07:00
r0490,no_issue,,,,checker-3,2026-10-08T22:16:46-07:00
r0491,no_issue,,,,checker-3,2026-10-08T22:16:46-07:00
r0492,no_issue,,,,checker-3,2026-10-08T22:16:46-07:00
r0493,no_issue,,,,checker-3,2026-10-08T22:16:46-07:00
r0494,no_issue,,,,checker-3,2026-10-08T22:16:46-07:00
r0495,no_issue,,,,checker-3,2026-10-08T22:16:46-07:00
r0496,no_issue,,,,checker-3,2026-10-08T22:16:46-07:00
r0497,no_issue,,,,checker-3,2026-10-08T22:16:46-07:00
r0498,no_issue,,,,checker-3,2026-10-08T22:16:46-07:00
r0499,no_issue,,,,checker-3,2026-10-08T22:16:46-07:00
r0500,no_issue,,,,checker-3,2026-10-08T22:16:46-07:00
r0501,no_issue,,,,checker-3,2026-10-08T22:16:46-07:00
r0502,no_issue,,,,checker-3,2026-10-08T22:16:46-07:00
r0503,no_issue,,,,checker-3,2026-10-08T22:16:46-07:00
r0504,no_issue,,,,checker-3,2026-10-08T22:16:46-07:00
r0505,no_issue,,,,checker-3,2026-10-08T22:16:46-07:00
r0506,no_issue,,,,checker-3,2026-10-08T22:16:46-07:00
r0507,no_issue,,,,checker-3,2026-10-08T22:16:46-07:00
r0508,no_issue,,,,checker-3,2026-10-08T22:16:46-07:00
r0509,no_issue,,,,checker-3,2026-10-08T22:16:46-07:00
r0510,no_issue,,,,checker-3,2026-10-08T22:16:46-07:00
r0511,no_issue,,,,checker-3,2026-10-08T22:16:46-07:00
r0512,no_issue,,,,checker-3,2026-10-08T22:16:46-07:00
r0513,no_issue,,,,checker-3,2026-10-08T22:16:46-07:00
r0514,no_issue,,,,checker-3,2026-10-08T22:16:46-07:00
r0515,no_issue,,,,checker-3,2026-10-08T22:16:46-07:00
r0516,no_issue,,,,checker-3,2026-10-08T22:16:46-07:00
r0517,no_issue,,,,checker-3,2026-10-08T22:16:46-07:00
r0518,no_issue,,,,checker-3,2026-10-08T22:16:46-07:00
r0519,no_issue,,,,checker-3,2026-10-08T22:16:46-07:00
r0520,no_issue,,,,checker-3,2026-10-08T22:16:46-07:00
r0521,no_issue,,,,checker-3,2026-10-08T22:16:46-07:00
r0522,no_issue,,,,checker-3,2026-10-08T22:16:46-07:00
r0523,possible_issue,persuasive-definition,The best interest criterion in pediatric ethics demands an evidence-based evaluation of lifetime health outcomes over transient or unsubstantiated concerns,"Step: 'best interest' is stated, as if neutral, to rank lifetime health outcomes over 'transient or unsubstantiated concerns', which pre-sorts the procedure's pain and critics' objections out of the weighing that follows; conditions 2-3 are met in the text, but whether this departs from the ordinary bioethics meaning of best interest is not shown in the article; settled by the standard formulation of the best-interest standard (whether it includes pain and bodily integrity).",checker-3,2026-10-08T22:16:46-07:00
r0524,flag,secundum-quid,"Randomized controlled trials in Africa, extrapolated by the CDC, indicate that male circumcision confers a 50-60% reduction in heterosexual HIV acquisition risk","Step (in the infant best-interest section): adult heterosexual trial results from high-prevalence African settings are stated without that qualification and used to yield 'net preventive benefits that persist into adulthood' for infant proxy decisions; the conclusion depends on dropping the adult/high-prevalence qualification; look-alike (qualification doesn't affect conclusion) ruled out since the effect size depends on setting, per the working rule.",checker-3,2026-10-08T22:16:46-07:00
r0525,no_issue,,,,checker-3,2026-10-08T22:16:46-07:00
r0526,no_issue,,,,checker-3,2026-10-08T22:16:46-07:00
r0527,no_issue,,,,checker-3,2026-10-08T22:16:46-07:00
r0528,no_issue,,,,checker-3,2026-10-08T22:16:46-07:00
r0529,no_issue,,,,checker-3,2026-10-08T22:16:46-07:00
r0530,no_issue,,,,checker-3,2026-10-08T22:16:46-07:00
r0531,no_issue,,,,checker-3,2026-10-08T22:16:46-07:00
r0532,no_issue,,,,checker-3,2026-10-08T22:16:46-07:00
r0533,no_issue,,,,checker-3,2026-10-08T22:16:46-07:00
r0534,no_issue,,,,checker-3,2026-10-08T22:16:46-07:00
r0535,no_issue,,,,checker-3,2026-10-08T22:16:46-07:00
r0536,no_issue,,,,checker-3,2026-10-08T22:16:46-07:00
r0537,no_issue,,,,checker-3,2026-10-08T22:16:46-07:00
r0538,no_issue,,,,checker-3,2026-10-08T22:16:46-07:00
r0539,no_issue,,,,checker-3,2026-10-08T22:16:46-07:00
r0540,no_issue,,,,checker-3,2026-10-08T22:16:46-07:00
r0541,no_issue,,,,checker-3,2026-10-08T22:16:46-07:00
r0542,no_issue,,,,checker-3,2026-10-08T22:16:46-07:00
r0543,no_issue,,,,checker-3,2026-10-08T22:16:46-07:00
r0544,no_issue,,,,checker-3,2026-10-08T22:16:46-07:00
r0545,no_issue,,,,checker-3,2026-10-08T22:16:46-07:00
r0546,no_issue,,,,checker-3,2026-10-08T22:16:46-07:00
r0547,no_issue,,,,checker-3,2026-10-08T22:16:46-07:00
r0548,no_issue,,,,checker-3,2026-10-08T22:16:46-07:00
r0549,no_issue,,,,checker-3,2026-10-08T22:16:46-07:00
r0550,no_issue,,,,checker-3,2026-10-08T22:16:46-07:00
r0551,no_issue,,,,checker-3,2026-10-08T22:16:46-07:00
r0552,no_issue,,,,checker-3,2026-10-08T22:16:46-07:00
r0553,no_issue,,,,checker-3,2026-10-08T22:16:46-07:00
r0554,no_issue,,,,checker-3,2026-10-08T22:16:46-07:00
r0555,no_issue,,,,checker-3,2026-10-08T22:16:46-07:00
r0556,no_issue,,,,checker-3,2026-10-08T22:16:46-07:00
r0557,no_issue,,,,checker-3,2026-10-08T22:16:46-07:00
r0558,no_issue,,,,checker-3,2026-10-08T22:16:46-07:00
r0559,no_issue,,,,checker-3,2026-10-08T22:16:46-07:00
r0560,no_issue,,,,checker-3,2026-10-08T22:16:46-07:00
r0561,no_issue,,,,checker-3,2026-10-08T22:16:46-07:00
r0562,no_issue,,,,checker-3,2026-10-08T22:16:46-07:00
r0563,no_issue,,,,checker-3,2026-10-08T22:16:46-07:00
r0564,no_issue,,,,checker-3,2026-10-08T22:16:46-07:00
r0565,no_issue,,,,checker-3,2026-10-08T22:16:46-07:00
r0566,no_issue,,,,checker-3,2026-10-08T22:16:46-07:00
r0567,no_issue,,,,checker-3,2026-10-08T22:16:46-07:00
r0568,no_issue,,,,checker-3,2026-10-08T22:16:46-07:00
r0569,no_issue,,,,checker-3,2026-10-08T22:16:46-07:00
r0570,no_issue,,,,checker-3,2026-10-08T22:16:46-07:00
r0571,no_issue,,,,checker-4,2026-10-08T22:15:53-07:00
r0572,no_issue,,,,checker-4,2026-10-08T22:15:53-07:00
r0573,no_issue,,,,checker-4,2026-10-08T22:15:53-07:00
r0574,no_issue,,,,checker-4,2026-10-08T22:15:53-07:00
r0575,no_issue,,,,checker-4,2026-10-08T22:15:53-07:00
r0576,possible_issue,irrelevant-conclusion,"however, empirical data reveal low voluntary uptake, suggesting many uncircumcised males forgo the procedure despite established preventive benefits","Offered as a reply to the autonomy case for adult timing, but low adult uptake shows only that adults often decline, not that adults cannot weigh risks themselves; possible issue because the reply may be meant only as a cost of delay (a related question), not as refuting autonomy.",checker-4,2026-10-08T22:15:53-07:00
r0577,no_issue,,,,checker-4,2026-10-08T22:15:53-07:00
r0578,no_issue,,,,checker-4,2026-10-08T22:15:53-07:00
r0579,no_issue,,,,checker-4,2026-10-08T22:15:53-07:00
r0580,no_issue,,,,checker-4,2026-10-08T22:15:53-07:00
r0581,no_issue,,,,checker-4,2026-10-08T22:15:53-07:00
r0582,no_issue,,,,checker-4,2026-10-08T22:15:53-07:00
r0583,no_issue,,,,checker-4,2026-10-08T22:15:53-07:00
r0584,no_issue,,,,checker-4,2026-10-08T22:15:53-07:00
r0585,no_issue,,,,checker-4,2026-10-08T22:15:53-07:00
r0586,no_issue,,,,checker-4,2026-10-08T22:15:53-07:00
r0587,no_issue,,,,checker-4,2026-10-08T22:15:53-07:00
r0588,no_issue,,,,checker-4,2026-10-08T22:15:53-07:00
r0589,no_issue,,,,checker-4,2026-10-08T22:15:53-07:00
r0590,no_issue,,,,checker-4,2026-10-08T22:15:53-07:00
r0591,no_issue,,,,checker-4,2026-10-08T22:16:06-07:00
r0592,no_issue,,,,checker-4,2026-10-08T22:16:06-07:00
r0593,possible_issue,secundum-quid,"Male circumcision, by contrast, yields documented protective effects, including a 50-60% reduction in heterosexual HIV acquisition per three randomized controlled trials in Africa","In a child-rights comparison with FGM/C, adult heterosexual African trial results are offered as a general benefit of male circumcision including neonatal; possible issue because the sentence keeps ""in Africa""/""heterosexual"" and the next sentence limits endorsement to high-prevalence settings, so it is unclear the conclusion drops the qualification.",checker-4,2026-10-08T22:16:06-07:00
r0594,no_issue,,,,checker-4,2026-10-08T22:16:06-07:00
r0595,no_issue,,,,checker-4,2026-10-08T22:16:06-07:00
r0596,possible_issue,red-herring,Absolutist claims equating male circumcision to mutilation overlook data showing complication rates below 0.5% in hospital settings,"The ""mutilation"" charge concerns removal of healthy tissue without consent; low complication rates answer a different question (surgical safety). Possible issue because harm rates partly bear on the charge, and the opponents' actual wording is not given.",checker-4,2026-10-08T22:16:06-07:00
r0597,no_issue,,,,checker-4,2026-10-08T22:16:06-07:00
r0598,no_issue,,,,checker-4,2026-10-08T22:16:06-07:00
r0599,no_issue,,,,checker-4,2026-10-08T22:16:06-07:00
r0600,no_issue,,,,checker-4,2026-10-08T22:16:06-07:00
r0601,no_issue,,,,checker-4,2026-10-08T22:16:06-07:00
r0602,no_issue,,,,checker-4,2026-10-08T22:16:06-07:00
r0603,no_issue,,,,checker-4,2026-10-08T22:16:06-07:00
r0604,no_issue,,,,checker-4,2026-10-08T22:16:06-07:00
r0605,no_issue,,,,checker-4,2026-10-08T22:16:06-07:00
r0606,no_issue,,,,checker-4,2026-10-08T22:16:06-07:00
r0607,no_issue,,,,checker-4,2026-10-08T22:16:06-07:00
r0608,no_issue,,,,checker-4,2026-10-08T22:16:06-07:00
r0609,no_issue,,,,checker-4,2026-10-08T22:16:06-07:00
r0610,no_issue,,,,checker-4,2026-10-08T22:16:06-07:00
r0611,no_issue,,,,checker-4,2026-10-08T22:16:11-07:00
r0612,no_issue,,,,checker-4,2026-10-08T22:16:11-07:00
r0613,no_issue,,,,checker-4,2026-10-08T22:16:11-07:00
r0614,no_issue,,,,checker-4,2026-10-08T22:16:11-07:00
r0615,no_issue,,,,checker-4,2026-10-08T22:16:11-07:00
r0616,no_issue,,,,checker-4,2026-10-08T22:16:11-07:00
r0617,no_issue,,,,checker-4,2026-10-08T22:16:11-07:00
r0618,no_issue,,,,checker-4,2026-10-08T22:16:11-07:00
r0619,no_issue,,,,checker-4,2026-10-08T22:16:11-07:00
r0620,no_issue,,,,checker-4,2026-10-08T22:16:11-07:00
r0621,no_issue,,,,checker-4,2026-10-08T22:16:11-07:00
r0622,no_issue,,,,checker-4,2026-10-08T22:16:11-07:00
r0623,no_issue,,,,checker-4,2026-10-08T22:16:11-07:00
r0624,no_issue,,,,checker-4,2026-10-08T22:16:11-07:00
r0625,no_issue,,,,checker-4,2026-10-08T22:16:11-07:00
r0626,no_issue,,,,checker-4,2026-10-08T22:16:11-07:00
r0627,no_issue,,,,checker-4,2026-10-08T22:16:11-07:00
r0628,no_issue,,,,checker-4,2026-10-08T22:16:11-07:00
r0629,no_issue,,,,checker-4,2026-10-08T22:16:11-07:00
r0630,no_issue,,,,checker-4,2026-10-08T22:16:11-07:00
r0631,no_issue,,,,checker-4,2026-10-08T22:16:17-07:00
r0632,no_issue,,,,checker-4,2026-10-08T22:16:17-07:00
r0633,no_issue,,,,checker-4,2026-10-08T22:16:17-07:00
r0634,no_issue,,,,checker-4,2026-10-08T22:16:17-07:00
r0635,no_issue,,,,checker-4,2026-10-08T22:16:17-07:00
r0636,no_issue,,,,checker-4,2026-10-08T22:16:17-07:00
r0637,no_issue,,,,checker-4,2026-10-08T22:16:17-07:00
r0638,no_issue,,,,checker-4,2026-10-08T22:16:17-07:00
r0639,no_issue,,,,checker-4,2026-10-08T22:16:17-07:00
r0640,no_issue,,,,checker-4,2026-10-08T22:16:17-07:00
r0641,no_issue,,,,checker-4,2026-10-08T22:16:17-07:00
r0642,no_issue,,,,checker-4,2026-10-08T22:16:17-07:00
r0643,no_issue,,,,checker-4,2026-10-08T22:16:17-07:00
r0644,no_issue,,,,checker-4,2026-10-08T22:16:17-07:00
r0645,no_issue,,,,checker-4,2026-10-08T22:16:17-07:00
r0646,no_issue,,,,checker-4,2026-10-08T22:16:17-07:00
r0647,no_issue,,,,checker-4,2026-10-08T22:16:17-07:00
r0648,no_issue,,,,checker-4,2026-10-08T22:16:17-07:00
r0649,no_issue,,,,checker-4,2026-10-08T22:16:17-07:00
r0650,no_issue,,,,checker-4,2026-10-08T22:16:17-07:00
r0651,no_issue,,,,checker-4,2026-10-08T22:16:33-07:00
r0652,no_issue,,,,checker-4,2026-10-08T22:16:33-07:00
r0653,no_issue,,,,checker-4,2026-10-08T22:16:33-07:00
r0654,no_issue,,,,checker-4,2026-10-08T22:16:33-07:00
r0655,no_issue,,,,checker-4,2026-10-08T22:16:33-07:00
r0656,no_issue,,,,checker-4,2026-10-08T22:16:33-07:00
r0657,no_issue,,,,checker-4,2026-10-08T22:16:33-07:00
r0658,no_issue,,,,checker-4,2026-10-08T22:16:33-07:00
r0659,no_issue,,,,checker-4,2026-10-08T22:16:33-07:00
r0660,no_issue,,,,checker-4,2026-10-08T22:16:33-07:00
r0661,no_issue,,,,checker-4,2026-10-08T22:16:33-07:00
r0662,possible_issue,appeal-to-authority,"These evaluations, drawn from peer-reviewed analyses, underscore a pattern where advocacy prioritizes absolutist positions over causal evidence from prospective trials","In its own voice the article turns the critics' evaluations (Morris and colleagues, reported just before) into an established ""pattern""; possible issue because whether these critics are partisan or broadly accepted, and whether other experts disagree about advocacy's evidence use, is not settled by the text.",checker-4,2026-10-08T22:16:33-07:00
r0663,no_issue,,,,checker-4,2026-10-08T22:16:33-07:00
r0664,no_issue,,,,checker-4,2026-10-08T22:16:33-07:00
r0665,possible_issue,red-herring,"countering claims of foreskin-specific erogenous loss, as glans keratinization does not demonstrably impair overall penile sensation in controlled studies","The claim answered is loss of sensation from the removed foreskin tissue itself; the reply addresses glans keratinization and overall function instead. Possible issue because overall function data partly bears on whether that loss matters, as the next sentence concedes.",checker-4,2026-10-08T22:16:33-07:00
r0666,no_issue,,,,checker-4,2026-10-08T22:16:33-07:00
r0667,no_issue,,,,checker-4,2026-10-08T22:16:33-07:00
r0668,no_issue,,,,checker-4,2026-10-08T22:16:33-07:00
r0669,no_issue,,,,checker-4,2026-10-08T22:16:33-07:00
r0670,no_issue,,,,checker-4,2026-10-08T22:16:33-07:00
r0671,no_issue,,,,checker-4,2026-10-08T22:16:40-07:00
r0672,no_issue,,,,checker-4,2026-10-08T22:16:40-07:00
r0673,no_issue,,,,checker-4,2026-10-08T22:16:40-07:00
r0674,no_issue,,,,checker-4,2026-10-08T22:16:40-07:00
r0675,no_issue,,,,checker-4,2026-10-08T22:16:40-07:00
r0676,no_issue,,,,checker-4,2026-10-08T22:16:40-07:00
r0677,no_issue,,,,checker-4,2026-10-08T22:16:40-07:00
r0678,no_issue,,,,checker-4,2026-10-08T22:16:40-07:00
r0679,no_issue,,,,checker-4,2026-10-08T22:16:40-07:00
r0680,no_issue,,,,checker-4,2026-10-08T22:16:40-07:00
r0681,no_issue,,,,checker-4,2026-10-08T22:16:40-07:00
r0682,no_issue,,,,checker-4,2026-10-08T22:16:40-07:00
r0683,no_issue,,,,checker-4,2026-10-08T22:16:40-07:00
r0684,no_issue,,,,checker-4,2026-10-08T22:16:40-07:00
r0685,no_issue,,,,checker-4,2026-10-08T22:16:40-07:00
r0686,no_issue,,,,checker-4,2026-10-08T22:16:40-07:00
r0687,no_issue,,,,checker-4,2026-10-08T22:16:40-07:00
r0688,no_issue,,,,checker-4,2026-10-08T22:16:40-07:00
r0689,no_issue,,,,checker-4,2026-10-08T22:16:40-07:00
r0690,no_issue,,,,checker-4,2026-10-08T22:16:40-07:00
r0691,no_issue,,,,checker-4,2026-10-08T22:16:47-07:00
r0692,no_issue,,,,checker-4,2026-10-08T22:16:47-07:00
r0693,no_issue,,,,checker-4,2026-10-08T22:16:47-07:00
r0694,no_issue,,,,checker-4,2026-10-08T22:16:47-07:00
r0695,no_issue,,,,checker-4,2026-10-08T22:16:47-07:00
r0696,no_issue,,,,checker-4,2026-10-08T22:16:47-07:00
r0697,no_issue,,,,checker-4,2026-10-08T22:16:47-07:00
r0698,no_issue,,,,checker-4,2026-10-08T22:16:47-07:00
r0699,no_issue,,,,checker-4,2026-10-08T22:16:47-07:00
r0700,no_issue,,,,checker-4,2026-10-08T22:16:47-07:00
r0701,no_issue,,,,checker-4,2026-10-08T22:16:47-07:00
r0702,no_issue,,,,checker-4,2026-10-08T22:16:47-07:00
r0703,no_issue,,,,checker-4,2026-10-08T22:16:47-07:00
r0704,no_issue,,,,checker-4,2026-10-08T22:16:47-07:00
r0705,no_issue,,,,checker-4,2026-10-08T22:16:47-07:00
r0706,no_issue,,,,checker-4,2026-10-08T22:16:47-07:00
r0707,no_issue,,,,checker-4,2026-10-08T22:16:47-07:00
r0708,no_issue,,,,checker-4,2026-10-08T22:16:47-07:00
r0709,no_issue,,,,checker-4,2026-10-08T22:16:47-07:00
r0710,no_issue,,,,checker-4,2026-10-08T22:16:47-07:00
r0711,no_issue,,,,checker-4,2026-10-08T22:16:54-07:00
r0712,no_issue,,,,checker-4,2026-10-08T22:16:54-07:00
r0713,no_issue,,,,checker-4,2026-10-08T22:16:54-07:00
r0714,no_issue,,,,checker-4,2026-10-08T22:16:54-07:00
r0715,no_issue,,,,checker-4,2026-10-08T22:16:54-07:00
r0716,no_issue,,,,checker-4,2026-10-08T22:16:54-07:00
r0717,possible_issue,secundum-quid,"randomized controlled trials demonstrate that male circumcision, including khitan when performed medically, reduces heterosexual HIV acquisition by approximately 60%","Adult heterosexual trial results from high-prevalence Africa are stated without that qualification and extended to khitan generally (largely childhood, many low-prevalence settings); possible issue because the step's conclusion (khitan differs from FGC in health outcomes) may not depend on the dropped qualification, since FGC is said to have no benefits at all.",checker-4,2026-10-08T22:16:54-07:00
r0718,no_issue,,,,checker-4,2026-10-08T22:16:54-07:00
r0719,no_issue,,,,checker-4,2026-10-08T22:16:54-07:00
r0720,no_issue,,,,checker-4,2026-10-08T22:16:54-07:00
r0721,no_issue,,,,checker-4,2026-10-08T22:16:54-07:00
r0722,no_issue,,,,checker-4,2026-10-08T22:16:54-07:00
r0723,no_issue,,,,checker-4,2026-10-08T22:16:54-07:00
r0724,no_issue,,,,checker-4,2026-10-08T22:16:54-07:00
r0725,no_issue,,,,checker-4,2026-10-08T22:16:54-07:00
r0726,no_issue,,,,checker-4,2026-10-08T22:16:54-07:00
r0727,no_issue,,,,checker-4,2026-10-08T22:16:54-07:00
r0728,no_issue,,,,checker-4,2026-10-08T22:16:54-07:00
r0729,no_issue,,,,checker-4,2026-10-08T22:16:54-07:00
r0730,no_issue,,,,checker-4,2026-10-08T22:16:54-07:00
r0731,no_issue,,,,checker-4,2026-10-08T22:17:11-07:00
r0732,no_issue,,,,checker-4,2026-10-08T22:17:11-07:00
r0733,no_issue,,,,checker-4,2026-10-08T22:17:11-07:00
r0734,no_issue,,,,checker-4,2026-10-08T22:17:11-07:00
r0735,no_issue,,,,checker-4,2026-10-08T22:17:11-07:00
r0736,no_issue,,,,checker-4,2026-10-08T22:17:11-07:00
r0737,possible_issue,secundum-quid,Three randomized controlled trials conducted in Africa between 2005 and 2007 demonstrated that male circumcision reduces heterosexual HIV acquisition by 51% to 60%,"Under ""Evidence-Based Benefits of Ritual Circumcision"" (infant brit milah), adult high-prevalence African trial results are offered as a benefit of the ritual; the sentence itself keeps ""in Africa"" and ""heterosexual"", and the explicit extension to neonatal circumcision comes in the next sentence, so possible issue for this sentence.",checker-4,2026-10-08T22:17:11-07:00
r0738,no_issue,,,,checker-4,2026-10-08T22:17:11-07:00
r0739,no_issue,,,,checker-4,2026-10-08T22:17:11-07:00
r0740,no_issue,,,,checker-4,2026-10-08T22:17:11-07:00
r0741,no_issue,,,,checker-4,2026-10-08T22:17:11-07:00
r0742,no_issue,,,,checker-4,2026-10-08T22:17:11-07:00
r0743,no_issue,,,,checker-4,2026-10-08T22:17:11-07:00
r0744,no_issue,,,,checker-4,2026-10-08T22:17:11-07:00
r0745,no_issue,,,,checker-4,2026-10-08T22:17:11-07:00
r0746,no_issue,,,,checker-4,2026-10-08T22:17:11-07:00
r0747,no_issue,,,,checker-4,2026-10-08T22:17:11-07:00
r0748,possible_issue,observational-interpretation,"mandatory reporting and hygiene protocols have sustained low adverse event rates, demonstrating that standardized training and prompt intervention—such as cauterization for bleeding—effectively minimize both acute and long-term risks","A causal effect of training and protocols on acute and long-term risks is stated as demonstrated from low reported rates in one setting, with no comparison group; possible issue because hygiene and prompt care reducing acute complications is a well-known mechanism, though the long-term claim would need follow-up data comparing settings with and without these protocols.",checker-4,2026-10-08T22:17:11-07:00
r0749,no_issue,,,,checker-4,2026-10-08T22:17:11-07:00
r0750,no_issue,,,,checker-4,2026-10-08T22:17:11-07:00
r0751,no_issue,,,,checker-4,2026-10-08T22:17:19-07:00
r0752,no_issue,,,,checker-4,2026-10-08T22:17:19-07:00
r0753,no_issue,,,,checker-4,2026-10-08T22:17:19-07:00
r0754,no_issue,,,,checker-4,2026-10-08T22:17:19-07:00
r0755,no_issue,,,,checker-4,2026-10-08T22:17:19-07:00
r0756,no_issue,,,,checker-4,2026-10-08T22:17:19-07:00
r0757,no_issue,,,,checker-4,2026-10-08T22:17:19-07:00
r0758,no_issue,,,,checker-4,2026-10-08T22:17:19-07:00
r0759,no_issue,,,,checker-4,2026-10-08T22:17:19-07:00
r0760,no_issue,,,,checker-4,2026-10-08T22:17:19-07:00
r0761,no_issue,,,,checker-5,2026-10-08T22:15:42-07:00
r0762,no_issue,,,,checker-5,2026-10-08T22:15:42-07:00
r0763,no_issue,,,,checker-5,2026-10-08T22:15:42-07:00
r0764,no_issue,,,,checker-5,2026-10-08T22:15:42-07:00
r0765,no_issue,,,,checker-5,2026-10-08T22:15:42-07:00
r0766,no_issue,,,,checker-5,2026-10-08T22:15:42-07:00
r0767,no_issue,,,,checker-5,2026-10-08T22:15:42-07:00
r0768,no_issue,,,,checker-5,2026-10-08T22:15:42-07:00
r0769,no_issue,,,,checker-5,2026-10-08T22:15:42-07:00
r0770,no_issue,,,,checker-5,2026-10-08T22:15:42-07:00
r0771,no_issue,,,,checker-5,2026-10-08T22:15:42-07:00
r0772,no_issue,,,,checker-5,2026-10-08T22:15:42-07:00
r0773,no_issue,,,,checker-5,2026-10-08T22:15:42-07:00
r0774,no_issue,,,,checker-5,2026-10-08T22:15:42-07:00
r0775,no_issue,,,,checker-5,2026-10-08T22:15:42-07:00
r0776,no_issue,,,,checker-5,2026-10-08T22:15:42-07:00
r0777,no_issue,,,,checker-5,2026-10-08T22:15:42-07:00
r0778,no_issue,,,,checker-5,2026-10-08T22:15:42-07:00
r0779,no_issue,,,,checker-5,2026-10-08T22:15:42-07:00
r0780,no_issue,,,,checker-5,2026-10-08T22:15:42-07:00
r0781,no_issue,,,,checker-5,2026-10-08T22:15:50-07:00
r0782,no_issue,,,,checker-5,2026-10-08T22:15:50-07:00
r0783,no_issue,,,,checker-5,2026-10-08T22:15:50-07:00
r0784,no_issue,,,,checker-5,2026-10-08T22:15:50-07:00
r0785,no_issue,,,,checker-5,2026-10-08T22:15:50-07:00
r0786,no_issue,,,,checker-5,2026-10-08T22:15:50-07:00
r0787,no_issue,,,,checker-5,2026-10-08T22:15:50-07:00
r0788,no_issue,,,,checker-5,2026-10-08T22:15:50-07:00
r0789,no_issue,,,,checker-5,2026-10-08T22:15:50-07:00
r0790,no_issue,,,,checker-5,2026-10-08T22:15:50-07:00
r0791,no_issue,,,,checker-5,2026-10-08T22:15:50-07:00
r0792,no_issue,,,,checker-5,2026-10-08T22:15:50-07:00
r0793,no_issue,,,,checker-5,2026-10-08T22:15:50-07:00
r0794,no_issue,,,,checker-5,2026-10-08T22:15:50-07:00
r0795,no_issue,,,,checker-5,2026-10-08T22:15:50-07:00
r0796,no_issue,,,,checker-5,2026-10-08T22:15:50-07:00
r0797,no_issue,,,,checker-5,2026-10-08T22:15:50-07:00
r0798,no_issue,,,,checker-5,2026-10-08T22:15:50-07:00
r0799,no_issue,,,,checker-5,2026-10-08T22:15:50-07:00
r0800,no_issue,,,,checker-5,2026-10-08T22:15:50-07:00
r0801,no_issue,,,,checker-5,2026-10-08T22:15:59-07:00
r0802,no_issue,,,,checker-5,2026-10-08T22:15:59-07:00
r0803,no_issue,,,,checker-5,2026-10-08T22:15:59-07:00
r0804,no_issue,,,,checker-5,2026-10-08T22:15:59-07:00
r0805,no_issue,,,,checker-5,2026-10-08T22:15:59-07:00
r0806,no_issue,,,,checker-5,2026-10-08T22:15:59-07:00
r0807,no_issue,,,,checker-5,2026-10-08T22:15:59-07:00
r0808,no_issue,,,,checker-5,2026-10-08T22:15:59-07:00
r0809,possible_issue,cherry-picking,risk-benefit analyses suggest net positives exceeding 100:1 for certain conditions over a lifetime,"Own-voice rebuttal answers a general critique (benefits overstated relative to risks for neonatal procedures) with a ratio limited to ""certain conditions""; whether this selects favourable conditions depends on whether the overall risk-benefit estimate differs, which the text does not give.",checker-5,2026-10-08T22:15:59-07:00
r0810,no_issue,,,,checker-5,2026-10-08T22:15:59-07:00
r0811,no_issue,,,,checker-5,2026-10-08T22:15:59-07:00
r0812,no_issue,,,,checker-5,2026-10-08T22:15:59-07:00
r0813,no_issue,,,,checker-5,2026-10-08T22:15:59-07:00
r0814,no_issue,,,,checker-5,2026-10-08T22:15:59-07:00
r0815,no_issue,,,,checker-5,2026-10-08T22:15:59-07:00
r0816,possible_issue,hasty-generalization,These early studies on stapler devices established the technique's feasibility and safety,"The only study described is 62 adult patients with a 4.8% complication rate, offered as having ""established"" safety; settled by how many and how large the other early studies were, which the passage does not say.",checker-5,2026-10-08T22:15:59-07:00
r0817,no_issue,,,,checker-5,2026-10-08T22:15:59-07:00
r0818,no_issue,,,,checker-5,2026-10-08T22:15:59-07:00
r0819,no_issue,,,,checker-5,2026-10-08T22:15:59-07:00
r0820,no_issue,,,,checker-5,2026-10-08T22:15:59-07:00
r0821,no_issue,,,,checker-5,2026-10-08T22:16:06-07:00
r0822,no_issue,,,,checker-5,2026-10-08T22:16:06-07:00
r0823,no_issue,,,,checker-5,2026-10-08T22:16:06-07:00
r0824,no_issue,,,,checker-5,2026-10-08T22:16:06-07:00
r0825,no_issue,,,,checker-5,2026-10-08T22:16:06-07:00
r0826,no_issue,,,,checker-5,2026-10-08T22:16:32-07:00
r0827,no_issue,,,,checker-5,2026-10-08T22:16:06-07:00
r0828,no_issue,,,,checker-5,2026-10-08T22:16:06-07:00
r0829,no_issue,,,,checker-5,2026-10-08T22:16:06-07:00
r0830,no_issue,,,,checker-5,2026-10-08T22:16:06-07:00
r0831,no_issue,,,,checker-5,2026-10-08T22:16:06-07:00
r0832,no_issue,,,,checker-5,2026-10-08T22:16:06-07:00
r0833,no_issue,,,,checker-5,2026-10-08T22:16:06-07:00
r0834,no_issue,,,,checker-5,2026-10-08T22:16:06-07:00
r0835,no_issue,,,,checker-5,2026-10-08T22:16:06-07:00
r0836,no_issue,,,,checker-5,2026-10-08T22:16:06-07:00
r0837,no_issue,,,,checker-5,2026-10-08T22:16:06-07:00
r0838,no_issue,,,,checker-5,2026-10-08T22:16:06-07:00
r0839,no_issue,,,,checker-5,2026-10-08T22:16:06-07:00
r0840,no_issue,,,,checker-5,2026-10-08T22:16:06-07:00
r0841,no_issue,,,,checker-5,2026-10-08T22:16:11-07:00
r0842,no_issue,,,,checker-5,2026-10-08T22:16:11-07:00
r0843,no_issue,,,,checker-5,2026-10-08T22:16:11-07:00
r0844,no_issue,,,,checker-5,2026-10-08T22:16:11-07:00
r0845,no_issue,,,,checker-5,2026-10-08T22:16:11-07:00
r0846,no_issue,,,,checker-5,2026-10-08T22:16:11-07:00
r0847,no_issue,,,,checker-5,2026-10-08T22:16:11-07:00
r0848,no_issue,,,,checker-5,2026-10-08T22:16:11-07:00
r0849,no_issue,,,,checker-5,2026-10-08T22:16:11-07:00
r0850,no_issue,,,,checker-5,2026-10-08T22:16:11-07:00
r0851,no_issue,,,,checker-5,2026-10-08T22:16:11-07:00
r0852,no_issue,,,,checker-5,2026-10-08T22:16:11-07:00
r0853,no_issue,,,,checker-5,2026-10-08T22:16:11-07:00
r0854,no_issue,,,,checker-5,2026-10-08T22:16:11-07:00
r0855,no_issue,,,,checker-5,2026-10-08T22:16:11-07:00
r0856,no_issue,,,,checker-5,2026-10-08T22:16:11-07:00
r0857,no_issue,,,,checker-5,2026-10-08T22:16:11-07:00
r0858,no_issue,,,,checker-5,2026-10-08T22:16:11-07:00
r0859,no_issue,,,,checker-5,2026-10-08T22:16:11-07:00
r0860,no_issue,,,,checker-5,2026-10-08T22:16:11-07:00
r0861,no_issue,,,,checker-5,2026-10-08T22:16:32-07:00
r0862,no_issue,,,,checker-5,2026-10-08T22:16:32-07:00
r0863,no_issue,,,,checker-5,2026-10-08T22:16:32-07:00
r0864,no_issue,,,,checker-5,2026-10-08T22:16:32-07:00
r0865,no_issue,,,,checker-5,2026-10-08T22:16:32-07:00
r0866,no_issue,,,,checker-5,2026-10-08T22:16:32-07:00
r0867,no_issue,,,,checker-5,2026-10-08T22:16:32-07:00
r0868,no_issue,,,,checker-5,2026-10-08T22:16:32-07:00
r0869,no_issue,,,,checker-5,2026-10-08T22:16:32-07:00
r0870,no_issue,,,,checker-5,2026-10-08T22:16:32-07:00
r0871,flag,false-analogy,parental proxy consent is a established legal norm for interventions like vaccinations or ear piercings in minors,"Own-voice step: proxy consent is accepted for vaccinations and ear piercing, so the stance against non-therapeutic circumcision is undermined; the objection being answered (s0118, s0120) rests on irreversible surgical removal of tissue without necessity, and vaccination is not surgery and ear piercing removes no tissue, so the cases differ in the respect the conclusion turns on; not mere illustration, since ""undermining"" draws the conclusion.",checker-5,2026-10-08T22:16:32-07:00
r0872,no_issue,,,,checker-5,2026-10-08T22:16:32-07:00
r0873,no_issue,,,,checker-5,2026-10-08T22:16:32-07:00
r0874,no_issue,,,,checker-5,2026-10-08T22:16:32-07:00
r0875,no_issue,,,,checker-5,2026-10-08T22:16:32-07:00
r0876,no_issue,,,,checker-5,2026-10-08T22:16:32-07:00
r0877,no_issue,,,,checker-5,2026-10-08T22:16:32-07:00
r0878,flag,false-analogy,"equating a low-risk, benefit-accruing intervention—comparable to routine ear piercing in some cultures—with non-therapeutic harm","Own-voice rebuttal of the ""mutilation"" label draws on likeness to ear piercing; the label turns on irreversible surgical removal of tissue, which ear piercing does not involve (common knowledge), so the cases differ in the respect relevant to the conclusion; the comparison carries the rebuttal rather than illustrating it.",checker-5,2026-10-08T22:16:32-07:00
r0878,possible_issue,slippery-slope,a bulwark against overreach that could parallel compelled reversals of other childhood norms,"Restricting circumcision is said to risk a chain toward compelled reversal of other childhood norms with no link given; hedged with ""could"" and the steps would need new decisions, so settled by whether any binding mechanism linking a circumcision rule to other norms is shown.",checker-5,2026-10-08T22:16:32-07:00
r0879,no_issue,,,,checker-5,2026-10-08T22:16:32-07:00
r0880,no_issue,,,,checker-5,2026-10-08T22:16:32-07:00
r0881,no_issue,,,,checker-5,2026-10-08T22:16:47-07:00
r0882,no_issue,,,,checker-5,2026-10-08T22:16:47-07:00
r0883,no_issue,,,,checker-5,2026-10-08T22:16:47-07:00
r0884,no_issue,,,,checker-5,2026-10-08T22:16:47-07:00
r0885,no_issue,,,,checker-5,2026-10-08T22:16:47-07:00
r0886,no_issue,,,,checker-5,2026-10-08T22:16:47-07:00
r0887,no_issue,,,,checker-5,2026-10-08T22:16:47-07:00
r0888,no_issue,,,,checker-5,2026-10-08T22:16:47-07:00
r0889,no_issue,,,,checker-5,2026-10-08T22:16:47-07:00
r0890,flag,secundum-quid,"the resolution's categorical condemnation overlooked systematic reviews documenting net health benefits for neonatal male circumcision, including 50-60% reductions in heterosexual HIV acquisition","Own-voice criticism treats the 50-60% figure, which comes from adult heterosexual trials in high-prevalence settings (as the article states elsewhere), as a documented benefit of neonatal circumcision generally; the limiting conditions (adult, high-prevalence, heterosexual) are dropped though they bear on the conclusion; not a mere illustration.",checker-5,2026-10-08T22:16:47-07:00
r0891,no_issue,,,,checker-5,2026-10-08T22:16:47-07:00
r0892,possible_issue,straw-man,These positions counter activist claims of net harm by prioritizing randomized and cohort data over anecdotal or ideological critiques,"Own-voice sentence sums up opposing critiques as anecdotal or ideological and treats them as answered; whether this misstates what critics hold depends on their actual arguments, which this passage does not quote.",checker-5,2026-10-08T22:16:47-07:00
r0893,no_issue,,,,checker-5,2026-10-08T22:16:47-07:00
r0894,no_issue,,,,checker-5,2026-10-08T22:16:47-07:00
r0895,no_issue,,,,checker-5,2026-10-08T22:16:47-07:00
r0896,no_issue,,,,checker-5,2026-10-08T22:16:47-07:00
r0897,no_issue,,,,checker-5,2026-10-08T22:16:47-07:00
r0898,no_issue,,,,checker-5,2026-10-08T22:16:47-07:00
r0899,no_issue,,,,checker-5,2026-10-08T22:16:47-07:00
r0900,no_issue,,,,checker-5,2026-10-08T22:16:47-07:00
r0901,flag,red-herring,despite empirical data showing low complication rates (under 1% for trained providers) and no long-term functional deficits in peer-reviewed studies,"Own-voice ""despite"" sets complication and function data against an objection framed as a violation of autonomy; the autonomy objection does not rest on complication rates, and the sentence does not show how the data bears on consent, so the new topic draws attention from the issue raised.",checker-5,2026-10-08T22:17:14-07:00
r0902,no_issue,,,,checker-5,2026-10-08T22:17:14-07:00
r0903,no_issue,,,,checker-5,2026-10-08T22:17:14-07:00
r0904,no_issue,,,,checker-5,2026-10-08T22:17:14-07:00
r0905,no_issue,,,,checker-5,2026-10-08T22:17:14-07:00
r0906,possible_issue,secundum-quid,"Societal utility further bolsters parental discretion in circumcision, as the procedure contributes to population-level reductions in sexually transmitted infections",Population-level STI reductions (supported in the next sentence by adult heterosexual HIV trials) are used to bolster parental discretion over infant circumcision generally; settled by whether such population reductions are shown for neonatal circumcision in the low-prevalence settings the discretion claim covers.,checker-5,2026-10-08T22:17:14-07:00
r0907,flag,secundum-quid,"These effects extend to broader public health gains, including decreased healthcare burdens from preventable infections, justifying proxy interventions where net benefits accrue to dependents and society despite the child's inability to consent","""These effects"" are the adult heterosexual HIV/STI trial results of the previous sentence; they are used without that qualification to justify proxy (infant) interventions, and the conclusion relies on dropping the adult, high-prevalence qualifier.",checker-5,2026-10-08T22:17:14-07:00
r0908,no_issue,,,,checker-5,2026-10-08T22:17:14-07:00
r0909,no_issue,,,,checker-5,2026-10-08T22:17:14-07:00
r0910,no_issue,,,,checker-5,2026-10-08T22:17:14-07:00
r0911,no_issue,,,,checker-5,2026-10-08T22:17:14-07:00
r0912,possible_issue,mcnamara-fallacy,"Prioritizing observable utilities over subjective proxies, the procedure's net causal effect favors reduced disease transmission over unsubstantiated pleasure deficits","The judgement weighs measured disease outcomes and sets aside sensitivity reports as ""subjective proxies""; a flag needs that sexual experience is important and not captured by the satisfaction measures cited just before, which the text does not settle.",checker-5,2026-10-08T22:17:14-07:00
r0913,no_issue,,,,checker-5,2026-10-08T22:17:14-07:00
r0914,no_issue,,,,checker-5,2026-10-08T22:17:14-07:00
r0915,no_issue,,,,checker-5,2026-10-08T22:17:14-07:00
r0916,possible_issue,tu-quoque,"selective cultural relativism and misinformation tactics by anti-circumcision activists, who aggressively oppose male procedures while supporting interventions against female genital mutilation","Activists' position is discredited by an alleged inconsistency, but opposing both male and female procedures is not inconsistent with the principle they state; settled by showing which stated principle the activists apply selectively.",checker-5,2026-10-08T22:17:14-07:00
r0917,no_issue,,,,checker-5,2026-10-08T22:17:14-07:00
r0918,no_issue,,,,checker-5,2026-10-08T22:17:14-07:00
r0919,no_issue,,,,checker-5,2026-10-08T22:17:14-07:00
r0920,no_issue,,,,checker-5,2026-10-08T22:17:14-07:00
r0921,possible_issue,appeal-to-tradition,"historical continuity in experienced communal hands suggests adaptive safety mechanisms, such as herbal antiseptics, enabling generational persistence","Own-voice step sets the practice's long continuity against the noted elevated risks and infers safety mechanisms from it; hedged with ""suggests"", and a long record can be some evidence, so settled by whether any evidence beyond persistence is given that the traditional mechanisms actually lower risk.",checker-5,2026-10-08T22:17:43-07:00
r0922,no_issue,,,,checker-5,2026-10-08T22:17:43-07:00
r0923,no_issue,,,,checker-5,2026-10-08T22:17:43-07:00
r0924,possible_issue,red-herring,"This framework privileges verifiable causal benefits—such as infection risk mitigation—over hypothetical future regrets, which surveys indicate affect a minority of parents regardless of choice","The future-regret concern in a consent debate is the child's, but the evidence offered is parents' regret; settled by whether ""future regrets"" here was meant as parental regret, in which case the survey bears on it.",checker-5,2026-10-08T22:17:43-07:00
r0925,no_issue,,,,checker-5,2026-10-08T22:17:43-07:00
r0926,flag,false-analogy,"Pain scores from observational studies equate heel lancing (mean 2.2-4.0 on validated scales) with unanesthetized circumcision, but both are ethically endorsed when net utility prevails","Own-voice step: heel lancing is accepted despite similar pain, so circumcision is too; the cases differ in respects relevant to the ethical conclusion (heel lancing is a diagnostic needle prick that removes no tissue and screens for conditions like PKU that cause disability, as the prior sentence says, while circumcision is irreversible tissue removal), and the comparison carries the conclusion rather than illustrating it.",checker-5,2026-10-08T22:17:43-07:00
r0927,possible_issue,false-analogy,Labeling circumcision non-therapeutic overlooks its analogous preventive ontology,"Carries the heel-prick/newborn-screening analogy forward to reject the ""non-therapeutic"" label; settled by whether the preventive benefit cited (a modeled 16% lifetime HIV reduction) is comparable to what screening averts, which the text does not show.",checker-5,2026-10-08T22:17:43-07:00
r0928,no_issue,,,,checker-5,2026-10-08T22:17:43-07:00
r0929,no_issue,,,,checker-5,2026-10-08T22:17:43-07:00
r0930,no_issue,,,,checker-5,2026-10-08T22:17:43-07:00
r0931,flag,genetic-fallacy,"This environmental causality underscores how cultural persistence can embody practical responses to historical exigencies, validating continuity","A hypothesised origin as a hygiene adaptation in arid, water-scarce settings (stated just before as ""may have originated"", ""potentially"") is offered as validating continuation of the practice today; that origin does not bear on present merits where the exigency no longer applies, and the hedged hypothesis is restated as ""causality"".",checker-5,2026-10-08T22:17:43-07:00
r0931,possible_issue,argument-from-ignorance,validating continuity where no overriding harm is empirically demonstrated,"Continuation is treated as validated because overriding harm has not been shown; settled by whether a thorough search for such harm is shown, or whether this is meant as a stated procedural default rather than a conclusion of no harm.",checker-5,2026-10-08T22:17:43-07:00
r0932,no_issue,,,,checker-5,2026-10-08T22:17:43-07:00
r0933,no_issue,,,,checker-5,2026-10-08T22:17:43-07:00
r0934,no_issue,,,,checker-5,2026-10-08T22:17:43-07:00
r0935,possible_issue,secundum-quid,grounded in randomized trial outcomes rather than speculative autonomy projections,"Infant parental prerogative is said to rest on randomized trial outcomes; the only randomized trials in this article's evidence are adult heterosexual HIV trials in high-prevalence settings, so settled by which trial outcomes are meant and whether they apply to infants generally.",checker-5,2026-10-08T22:17:43-07:00
r0936,no_issue,,,,checker-5,2026-10-08T22:17:43-07:00
r0937,no_issue,,,,checker-5,2026-10-08T22:17:43-07:00
r0938,possible_issue,secundum-quid,"heterosexual HIV acquisition by up to 60% in high-prevalence areas, with benefits outweighing rare complications like bleeding or adhesions when performed neonatally under sterile conditions","The adult, high-prevalence HIV effect is listed among the benefits that outweigh risks for neonatal circumcision; the qualifier is kept for the HIV figure but not for the net-benefit conclusion, so settled by whether the net-benefit judgement holds without the HIV benefit outside high-prevalence settings.",checker-5,2026-10-08T22:17:43-07:00
r0939,no_issue,,,,checker-5,2026-10-08T22:17:43-07:00
r0940,no_issue,,,,checker-5,2026-10-08T22:17:43-07:00
r0941,no_issue,,,,checker-5,2026-10-08T22:17:54-07:00
r0942,no_issue,,,,checker-5,2026-10-08T22:17:54-07:00
r0943,no_issue,,,,checker-5,2026-10-08T22:17:54-07:00
r0944,no_issue,,,,checker-5,2026-10-08T22:17:54-07:00
r0945,possible_issue,false-analogy,"lower than the mortality risk associated with common pediatric surgeries like appendectomy, which exceeds 1% in infants under one year","Elective circumcision of healthy infants is set against appendectomy mortality, which is surgery on infants already ill with appendicitis, to show relative safety; the difference in underlying illness bears on mortality, but the sentence's main claim stands on its own figure, so settled by whether the comparison is meant as support or only as context.",checker-5,2026-10-08T22:17:54-07:00
r0946,flag,red-herring,undermining exaggerated characterizations of the procedure as inherently mutilative,"Own-voice step uses low complication rates to undermine the ""inherently mutilative"" characterization; that charge rests on cutting away healthy tissue without consent, not on complication rates, and the sentence does not show how complication data bears on it, so the topic shifts from the issue raised.",checker-5,2026-10-08T22:17:54-07:00
r0947,no_issue,,,,checker-5,2026-10-08T22:17:54-07:00
r0948,possible_issue,appeal-to-authority,a threshold not met given medical consensus on net benefits,"The threshold for intervention is said to be unmet because of a medical consensus on net benefits, while the same article reports European bodies (e.g., the Danish Medical Association) urging an end to non-therapeutic infant circumcision, so experts disagree; possible rather than flag because the sentence sits in the section setting out proponents' case and may be reporting their view.",checker-5,2026-10-08T22:17:54-07:00
r0949,flag,secundum-quid,whereas voluntary medical male circumcision (VMMC) demonstrates empirical benefits such as reduced heterosexual HIV acquisition,"The analogy being rebutted concerns non-therapeutic circumcision of minors (next sentence: bans on circumcision of minors), but the benefit cited is from voluntary adult programmes in high-prevalence settings; the rebuttal relies on dropping the adult, voluntary, high-prevalence qualification.",checker-5,2026-10-08T22:17:54-07:00
