item,tier,article,sentence_id
r0001,A,ashley-montagu-resolution,s0042
r0002,A,ashley-montagu-resolution,s0046
r0003,A,ashley-montagu-resolution,s0067
r0004,A,ashley-montagu-resolution,s0147
r0005,A,ashley-montagu-resolution,s0153
r0006,A,ashley-montagu-resolution,s0155
r0007,A,ashley-montagu-resolution,s0156
r0008,A,ashley-montagu-resolution,s0163
r0009,A,ashley-montagu-resolution,s0166
r0010,A,ashley-montagu-resolution,s0177
r0011,A,ashley-montagu-resolution,s0183
r0012,A,ashley-montagu-resolution,s0185
r0013,A,ashley-montagu-resolution,s0186
r0014,A,ashley-montagu-resolution,s0188
r0015,A,ashley-montagu-resolution,s0189
r0016,A,ashley-montagu-resolution,s0193
r0017,A,ashley-montagu-resolution,s0194
r0018,A,ashley-montagu-resolution,s0196
r0019,A,ashley-montagu-resolution,s0197
r0020,A,ashley-montagu-resolution,s0198
r0021,A,ashley-montagu-resolution,s0199
r0022,A,ashley-montagu-resolution,s0201
r0023,A,ashley-montagu-resolution,s0202
r0024,A,ashley-montagu-resolution,s0203
r0025,A,ashley-montagu-resolution,s0207
r0026,A,ashley-montagu-resolution,s0208
r0027,A,ashley-montagu-resolution,s0209
r0028,A,ashley-montagu-resolution,s0211
r0029,A,ashley-montagu-resolution,s0212
r0030,A,ashley-montagu-resolution,s0213
r0031,A,ashley-montagu-resolution,s0215
r0032,A,ashley-montagu-resolution,s0216
r0033,A,ashley-montagu-resolution,s0217
r0034,A,ashley-montagu-resolution,s0218
r0035,A,ashley-montagu-resolution,s0220
r0036,A,ashley-montagu-resolution,s0222
r0037,A,ashley-montagu-resolution,s0242
r0038,A,ashley-montagu-resolution,s0244
r0039,A,brit-milah,s0019
r0040,A,brit-milah,s0020
r0041,A,brit-milah,s0044
r0042,A,brit-milah,s0076
r0043,A,brit-milah,s0077
r0044,A,brit-milah,s0091
r0045,A,brit-milah,s0129
r0046,A,brit-milah,s0130
r0047,A,brit-milah,s0167
r0048,A,brit-milah,s0174
r0049,A,brit-milah,s0207
r0050,A,brit-milah,s0208
r0051,A,brit-milah,s0209
r0052,A,brit-milah,s0211
r0053,A,brit-milah,s0212
r0054,A,brit-milah,s0213
r0055,A,brit-milah,s0215
r0056,A,brit-milah,s0216
r0057,A,brit-milah,s0218
r0058,A,brit-milah,s0219
r0059,A,brit-milah,s0220
r0060,A,brit-milah,s0255
r0061,A,brit-milah,s0256
r0062,A,brit-milah,s0264
r0063,A,brit-milah,s0271
r0064,A,brit-milah,s0283
r0065,A,brit-milah,s0285
r0066,A,brit-milah,s0286
r0067,A,brit-milah,s0289
r0068,A,brit-milah,s0290
r0069,A,brit-milah,s0291
r0070,A,brit-milah,s0316
r0071,A,brit-milah,s0330
r0072,A,brit-milah,s0331
r0073,A,brit-milah,s0334
r0074,A,brit-milah,s0335
r0075,A,brit-milah,s0339
r0076,A,brit-shalom-naming-ceremony,s0030
r0077,A,brit-shalom-naming-ceremony,s0032
r0078,A,brit-shalom-naming-ceremony,s0037
r0079,A,brit-shalom-naming-ceremony,s0038
r0080,A,brit-shalom-naming-ceremony,s0040
r0081,A,brit-shalom-naming-ceremony,s0092
r0082,A,brit-shalom-naming-ceremony,s0093
r0083,A,brit-shalom-naming-ceremony,s0095
r0084,A,brit-shalom-naming-ceremony,s0096
r0085,A,brit-shalom-naming-ceremony,s0098
r0086,A,brit-shalom-naming-ceremony,s0099
r0087,A,brit-shalom-naming-ceremony,s0100
r0088,A,brit-shalom-naming-ceremony,s0103
r0089,A,brit-shalom-naming-ceremony,s0108
r0090,A,brit-shalom-naming-ceremony,s0119
r0091,A,brit-shalom-naming-ceremony,s0120
r0092,A,circumcision,s0038
r0093,A,circumcision,s0059
r0094,A,circumcision,s0063
r0095,A,circumcision,s0064
r0096,A,circumcision,s0067
r0097,A,circumcision,s0070
r0098,A,circumcision,s0074
r0099,A,circumcision,s0077
r0100,A,circumcision,s0081
r0101,A,circumcision,s0082
r0102,A,circumcision,s0083
r0103,A,circumcision,s0114
r0104,A,circumcision,s0115
r0105,A,circumcision,s0116
r0106,A,circumcision,s0117
r0107,A,circumcision,s0125
r0108,A,circumcision,s0126
r0109,A,circumcision,s0127
r0110,A,circumcision,s0132
r0111,A,circumcision,s0140
r0112,A,circumcision,s0142
r0113,A,circumcision,s0143
r0114,A,circumcision,s0144
r0115,A,circumcision,s0145
r0116,A,circumcision,s0146
r0117,A,circumcision,s0148
r0118,A,circumcision,s0150
r0119,A,circumcision,s0151
r0120,A,circumcision,s0152
r0121,A,circumcision,s0158
r0122,A,circumcision,s0160
r0123,A,circumcision,s0161
r0124,A,circumcision,s0162
r0125,A,circumcision,s0165
r0126,A,circumcision,s0166
r0127,A,circumcision,s0171
r0128,A,circumcision,s0172
r0129,A,circumcision,s0183
r0130,A,circumcision,s0186
r0131,A,circumcision,s0187
r0132,A,circumcision,s0188
r0133,A,circumcision,s0191
r0134,A,circumcision,s0192
r0135,A,circumcision,s0193
r0136,A,circumcision,s0194
r0137,A,circumcision,s0195
r0138,A,circumcision,s0196
r0139,A,circumcision,s0197
r0140,A,circumcision,s0198
r0141,A,circumcision,s0203
r0142,A,circumcision,s0204
r0143,A,circumcision,s0205
r0144,A,circumcision,s0209
r0145,A,circumcision,s0210
r0146,A,circumcision,s0211
r0147,A,circumcision,s0212
r0148,A,circumcision,s0213
r0149,A,circumcision,s0214
r0150,A,circumcision,s0216
r0151,A,circumcision,s0217
r0152,A,circumcision,s0220
r0153,A,circumcision,s0221
r0154,A,circumcision,s0222
r0155,A,circumcision,s0223
r0156,A,circumcision,s0226
r0157,A,circumcision,s0253
r0158,A,circumcision,s0256
r0159,A,circumcision,s0257
r0160,A,circumcision,s0258
r0161,A,circumcision,s0262
r0162,A,circumcision,s0263
r0163,A,circumcision,s0275
r0164,A,circumcision,s0278
r0165,A,circumcision,s0279
r0166,A,circumcision,s0290
r0167,A,circumcision,s0323
r0168,A,circumcision,s0324
r0169,A,circumcision,s0325
r0170,A,circumcision,s0328
r0171,A,circumcision,s0329
r0172,A,circumcision,s0331
r0173,A,circumcision,s0332
r0174,A,circumcision,s0363
r0175,A,circumcision,s0364
r0176,A,circumcision,s0369
r0177,A,circumcision,s0370
r0178,A,circumcision,s0387
r0179,A,circumcision,s0388
r0180,A,circumcision,s0402
r0181,A,circumcision,s0413
r0182,A,circumcision,s0414
r0183,A,circumcision,s0422
r0184,A,circumcision,s0423
r0185,A,circumcision,s0424
r0186,A,circumcision,s0439
r0187,A,circumcision,s0440
r0188,A,circumcision,s0441
r0189,A,circumcision,s0442
r0190,A,circumcision,s0444
r0191,A,circumcision,s0446
r0192,A,circumcision,s0448
r0193,A,circumcision,s0449
r0194,A,circumcision,s0450
r0195,A,circumcision,s0452
r0196,A,circumcision,s0453
r0197,A,circumcision,s0454
r0198,A,circumcision,s0457
r0199,A,circumcision,s0458
r0200,A,circumcision-and-hiv,s0001
r0201,A,circumcision-and-hiv,s0002
r0202,A,circumcision-and-hiv,s0003
r0203,A,circumcision-and-hiv,s0005
r0204,A,circumcision-and-hiv,s0007
r0205,A,circumcision-and-hiv,s0008
r0206,A,circumcision-and-hiv,s0012
r0207,A,circumcision-and-hiv,s0015
r0208,A,circumcision-and-hiv,s0016
r0209,A,circumcision-and-hiv,s0019
r0210,A,circumcision-and-hiv,s0020
r0211,A,circumcision-and-hiv,s0023
r0212,A,circumcision-and-hiv,s0024
r0213,A,circumcision-and-hiv,s0026
r0214,A,circumcision-and-hiv,s0027
r0215,A,circumcision-and-hiv,s0033
r0216,A,circumcision-and-hiv,s0034
r0217,A,circumcision-and-hiv,s0035
r0218,A,circumcision-and-hiv,s0039
r0219,A,circumcision-and-hiv,s0042
r0220,A,circumcision-and-hiv,s0043
r0221,A,circumcision-and-hiv,s0044
r0222,A,circumcision-and-hiv,s0047
r0223,A,circumcision-and-hiv,s0048
r0224,A,circumcision-and-hiv,s0049
r0225,A,circumcision-and-hiv,s0053
r0226,A,circumcision-and-hiv,s0056
r0227,A,circumcision-and-hiv,s0058
r0228,A,circumcision-and-hiv,s0066
r0229,A,circumcision-and-hiv,s0074
r0230,A,circumcision-and-hiv,s0076
r0231,A,circumcision-and-hiv,s0077
r0232,A,circumcision-and-hiv,s0084
r0233,A,circumcision-and-hiv,s0085
r0234,A,circumcision-and-hiv,s0086
r0235,A,circumcision-and-hiv,s0088
r0236,A,circumcision-and-hiv,s0090
r0237,A,circumcision-and-hiv,s0091
r0238,A,circumcision-and-hiv,s0093
r0239,A,circumcision-and-hiv,s0095
r0240,A,circumcision-and-hiv,s0096
r0241,A,circumcision-and-hiv,s0098
r0242,A,circumcision-and-hiv,s0099
r0243,A,circumcision-and-hiv,s0103
r0244,A,circumcision-and-hiv,s0128
r0245,A,circumcision-and-hiv,s0131
r0246,A,circumcision-and-hiv,s0137
r0247,A,circumcision-and-hiv,s0138
r0248,A,circumcision-and-hiv,s0139
r0249,A,circumcision-and-hiv,s0147
r0250,A,circumcision-and-hiv,s0148
r0251,A,circumcision-and-hiv,s0151
r0252,A,circumcision-and-hiv,s0152
r0253,A,circumcision-and-hiv,s0154
r0254,A,circumcision-and-hiv,s0155
r0255,A,circumcision-and-hiv,s0156
r0256,A,circumcision-and-hiv,s0159
r0257,A,circumcision-and-hiv,s0160
r0258,A,circumcision-and-hiv,s0164
r0259,A,circumcision-and-hiv,s0165
r0260,A,circumcision-and-hiv,s0167
r0261,A,circumcision-and-hiv,s0170
r0262,A,circumcision-and-hiv,s0175
r0263,A,circumcision-and-hiv,s0177
r0264,A,circumcision-and-hiv,s0178
r0265,A,circumcision-and-hiv,s0179
r0266,A,circumcision-and-hiv,s0182
r0267,A,circumcision-and-hiv,s0183
r0268,A,circumcision-and-hiv,s0186
r0269,A,circumcision-and-hiv,s0189
r0270,A,circumcision-and-hiv,s0191
r0271,A,circumcision-and-hiv,s0194
r0272,A,circumcision-and-hiv,s0200
r0273,A,circumcision-and-hiv,s0224
r0274,A,circumcision-and-hiv,s0225
r0275,A,circumcision-and-hiv,s0226
r0276,A,circumcision-and-hiv,s0227
r0277,A,circumcision-and-hiv,s0229
r0278,A,circumcision-and-hiv,s0230
r0279,A,circumcision-and-hiv,s0231
r0280,A,circumcision-and-hiv,s0245
r0281,A,circumcision-and-hiv,s0246
r0282,A,circumcision-and-hiv,s0247
r0283,A,circumcision-and-hiv,s0249
r0284,A,circumcision-and-hiv,s0250
r0285,A,circumcision-and-hiv,s0251
r0286,A,circumcision-and-hiv,s0256
r0287,A,circumcision-and-hiv,s0259
r0288,A,circumcision-and-hiv,s0260
r0289,A,circumcision-and-hiv,s0261
r0290,A,circumcision-and-hiv,s0263
r0291,A,circumcision-and-hiv,s0264
r0292,A,circumcision-and-hiv,s0268
r0293,A,circumcision-and-hiv,s0269
r0294,A,circumcision-and-hiv,s0272
r0295,A,circumcision-and-hiv,s0273
r0296,A,circumcision-and-hiv,s0274
r0297,A,circumcision-and-hiv,s0276
r0298,A,circumcision-and-hiv,s0277
r0299,A,circumcision-and-hiv,s0278
r0300,A,circumcision-and-law,s0003
r0301,A,circumcision-and-law,s0066
r0302,A,circumcision-and-law,s0067
r0303,A,circumcision-and-law,s0070
r0304,A,circumcision-and-law,s0077
r0305,A,circumcision-and-law,s0078
r0306,A,circumcision-and-law,s0083
r0307,A,circumcision-and-law,s0095
r0308,A,circumcision-and-law,s0117
r0309,A,circumcision-and-law,s0131
r0310,A,circumcision-and-law,s0132
r0311,A,circumcision-and-law,s0205
r0312,A,circumcision-and-law,s0261
r0313,A,circumcision-and-law,s0327
r0314,A,circumcision-and-law,s0336
r0315,A,circumcision-and-law,s0346
r0316,A,circumcision-and-law,s0355
r0317,A,circumcision-and-law,s0376
r0318,A,circumcision-and-law,s0385
r0319,A,circumcision-and-law,s0394
r0320,A,circumcision-and-law,s0397
r0321,A,circumcision-and-law,s0398
r0322,A,circumcision-controversies,s0002
r0323,A,circumcision-controversies,s0036
r0324,A,circumcision-controversies,s0037
r0325,A,circumcision-controversies,s0038
r0326,A,circumcision-controversies,s0040
r0327,A,circumcision-controversies,s0041
r0328,A,circumcision-controversies,s0042
r0329,A,circumcision-controversies,s0044
r0330,A,circumcision-controversies,s0045
r0331,A,circumcision-controversies,s0046
r0332,A,circumcision-controversies,s0047
r0333,A,circumcision-controversies,s0049
r0334,A,circumcision-controversies,s0050
r0335,A,circumcision-controversies,s0053
r0336,A,circumcision-controversies,s0057
r0337,A,circumcision-controversies,s0061
r0338,A,circumcision-controversies,s0062
r0339,A,circumcision-controversies,s0063
r0340,A,circumcision-controversies,s0065
r0341,A,circumcision-controversies,s0066
r0342,A,circumcision-controversies,s0067
r0343,A,circumcision-controversies,s0070
r0344,A,circumcision-controversies,s0072
r0345,A,circumcision-controversies,s0086
r0346,A,circumcision-controversies,s0087
r0347,A,circumcision-controversies,s0088
r0348,A,circumcision-controversies,s0089
r0349,A,circumcision-controversies,s0090
r0350,A,circumcision-controversies,s0091
r0351,A,circumcision-controversies,s0092
r0352,A,circumcision-controversies,s0093
r0353,A,circumcision-controversies,s0097
r0354,A,circumcision-controversies,s0100
r0355,A,circumcision-controversies,s0104
r0356,A,circumcision-controversies,s0109
r0357,A,circumcision-controversies,s0110
r0358,A,circumcision-controversies,s0112
r0359,A,circumcision-controversies,s0113
r0360,A,circumcision-controversies,s0114
r0361,A,circumcision-controversies,s0115
r0362,A,circumcision-controversies,s0116
r0363,A,circumcision-controversies,s0117
r0364,A,circumcision-controversies,s0124
r0365,A,circumcision-controversies,s0125
r0366,A,circumcision-controversies,s0127
r0367,A,circumcision-controversies,s0156
r0368,A,circumcision-controversies,s0157
r0369,A,circumcision-controversies,s0161
r0370,A,circumcision-controversies,s0165
r0371,A,circumcision-controversies,s0192
r0372,A,circumcision-controversies,s0209
r0373,A,circumcision-controversies,s0211
r0374,A,circumcision-controversies,s0212
r0375,A,circumcision-controversies,s0213
r0376,A,circumcision-controversies,s0215
r0377,A,circumcision-controversies,s0216
r0378,A,circumcision-controversies,s0219
r0379,A,circumcision-controversies,s0223
r0380,A,circumcision-controversies,s0229
r0381,A,circumcision-controversy-in-early-christianity,s0070
r0382,A,circumcision-controversy-in-early-christianity,s0071
r0383,A,circumcision-controversy-in-early-christianity,s0075
r0384,A,circumcision-controversy-in-early-christianity,s0076
r0385,A,circumcision-controversy-in-early-christianity,s0077
r0386,A,circumcision-controversy-in-early-christianity,s0079
r0387,A,circumcision-controversy-in-early-christianity,s0080
r0388,A,circumcision-controversy-in-early-christianity,s0081
r0389,A,circumcision-controversy-in-early-christianity,s0117
r0390,A,circumcision-controversy-in-early-christianity,s0145
r0391,A,circumcision-in-africa,s0005
r0392,A,circumcision-in-africa,s0030
r0393,A,circumcision-in-africa,s0039
r0394,A,circumcision-in-africa,s0138
r0395,A,circumcision-in-africa,s0150
r0396,A,circumcision-in-africa,s0151
r0397,A,circumcision-in-africa,s0169
r0398,A,circumcision-in-africa,s0170
r0399,A,circumcision-in-africa,s0171
r0400,A,circumcision-in-africa,s0172
r0401,A,circumcision-in-africa,s0175
r0402,A,circumcision-in-africa,s0179
r0403,A,circumcision-in-africa,s0183
r0404,A,circumcision-in-africa,s0187
r0405,A,circumcision-in-africa,s0194
r0406,A,circumcision-in-africa,s0205
r0407,A,circumcision-in-africa,s0209
r0408,A,circumcision-in-africa,s0210
r0409,A,circumcision-in-africa,s0211
r0410,A,circumcision-in-africa,s0212
r0411,A,circumcision-in-africa,s0214
r0412,A,circumcision-in-africa,s0215
r0413,A,circumcision-in-africa,s0216
r0414,A,circumcision-in-africa,s0217
r0415,A,circumcision-in-africa,s0220
r0416,A,circumcision-in-africa,s0221
r0417,A,circumcision-in-africa,s0223
r0418,A,circumcision-in-africa,s0224
r0419,A,circumcision-in-africa,s0225
r0420,A,circumcision-in-africa,s0227
r0421,A,circumcision-in-africa,s0228
r0422,A,circumcision-in-africa,s0229
r0423,A,circumcision-in-africa,s0231
r0424,A,circumcision-in-africa,s0232
r0425,A,circumcision-in-africa,s0233
r0426,A,circumcision-in-africa,s0237
r0427,A,circumcision-in-africa,s0240
r0428,A,circumcision-in-africa,s0253
r0429,A,circumcision-in-africa,s0256
r0430,A,circumcision-in-africa,s0267
r0431,A,circumcision-in-africa,s0275
r0432,A,circumcision-in-africa,s0276
r0433,A,circumcision-in-africa,s0277
r0434,A,circumcision-in-africa,s0279
r0435,A,circumcision-in-africa,s0280
r0436,A,circumcision-in-africa,s0281
r0437,A,circumcision-in-africa,s0287
r0438,A,circumcision-in-brunei,s0049
r0439,A,circumcision-in-brunei,s0050
r0440,A,circumcision-in-brunei,s0052
r0441,A,circumcision-in-brunei,s0053
r0442,A,circumcision-in-china,s0060
r0443,A,circumcision-surgical-procedure,s0004
r0444,A,circumcision-surgical-procedure,s0005
r0445,A,circumcision-surgical-procedure,s0020
r0446,A,circumcision-surgical-procedure,s0034
r0447,A,circumcision-surgical-procedure,s0035
r0448,A,circumcision-surgical-procedure,s0036
r0449,A,circumcision-surgical-procedure,s0038
r0450,A,circumcision-surgical-procedure,s0039
r0451,A,circumcision-surgical-procedure,s0041
r0452,A,circumcision-surgical-procedure,s0042
r0453,A,circumcision-surgical-procedure,s0043
r0454,A,circumcision-surgical-procedure,s0045
r0455,A,circumcision-surgical-procedure,s0046
r0456,A,circumcision-surgical-procedure,s0047
r0457,A,circumcision-surgical-procedure,s0063
r0458,A,circumcision-surgical-procedure,s0092
r0459,A,circumcision-surgical-procedure,s0264
r0460,A,circumcision-surgical-procedure,s0270
r0461,A,circumcision-surgical-procedure,s0271
r0462,A,circumcision-surgical-procedure,s0278
r0463,A,circumcision-surgical-procedure,s0282
r0464,A,circumcision-surgical-procedure,s0309
r0465,A,circumcision-surgical-procedure,s0321
r0466,A,circumcision-surgical-procedure,s0322
r0467,A,circumcision-surgical-procedure,s0325
r0468,A,circumcision-surgical-procedure,s0329
r0469,A,circumcision-surgical-procedure,s0330
r0470,A,circumcision-surgical-procedure,s0331
r0471,A,circumcision-surgical-procedure,s0333
r0472,A,cost-of-circumcision-surgery-in-chaozhou,s0026
r0473,A,cultural-views-on-circumcision-aesthetics,s0003
r0474,A,cultural-views-on-circumcision-aesthetics,s0020
r0475,A,cultural-views-on-circumcision-aesthetics,s0021
r0476,A,cultural-views-on-circumcision-aesthetics,s0030
r0477,A,cultural-views-on-circumcision-aesthetics,s0031
r0478,A,cultural-views-on-circumcision-aesthetics,s0032
r0479,A,cultural-views-on-circumcision-aesthetics,s0034
r0480,A,cultural-views-on-circumcision-aesthetics,s0035
r0481,A,cultural-views-on-circumcision-aesthetics,s0036
r0482,A,cultural-views-on-circumcision-aesthetics,s0049
r0483,A,cultural-views-on-circumcision-aesthetics,s0050
r0484,A,cultural-views-on-circumcision-aesthetics,s0055
r0485,A,cultural-views-on-circumcision-aesthetics,s0086
r0486,A,cultural-views-on-circumcision-aesthetics,s0099
r0487,A,cultural-views-on-circumcision-aesthetics,s0100
r0488,A,cultural-views-on-circumcision-aesthetics,s0102
r0489,A,cultural-views-on-circumcision-aesthetics,s0103
r0490,A,cultural-views-on-circumcision-aesthetics,s0105
r0491,A,cultural-views-on-circumcision-aesthetics,s0106
r0492,A,cultural-views-on-circumcision-aesthetics,s0117
r0493,A,cultural-views-on-circumcision-aesthetics,s0121
r0494,A,cultural-views-on-circumcision-aesthetics,s0122
r0495,A,ethics-of-circumcision,s0004
r0496,A,ethics-of-circumcision,s0014
r0497,A,ethics-of-circumcision,s0018
r0498,A,ethics-of-circumcision,s0027
r0499,A,ethics-of-circumcision,s0038
r0500,A,ethics-of-circumcision,s0040
r0501,A,ethics-of-circumcision,s0042
r0502,A,ethics-of-circumcision,s0043
r0503,A,ethics-of-circumcision,s0044
r0504,A,ethics-of-circumcision,s0046
r0505,A,ethics-of-circumcision,s0047
r0506,A,ethics-of-circumcision,s0049
r0507,A,ethics-of-circumcision,s0050
r0508,A,ethics-of-circumcision,s0051
r0509,A,ethics-of-circumcision,s0053
r0510,A,ethics-of-circumcision,s0054
r0511,A,ethics-of-circumcision,s0060
r0512,A,ethics-of-circumcision,s0061
r0513,A,ethics-of-circumcision,s0064
r0514,A,ethics-of-circumcision,s0067
r0515,A,ethics-of-circumcision,s0068
r0516,A,ethics-of-circumcision,s0069
r0517,A,ethics-of-circumcision,s0071
r0518,A,ethics-of-circumcision,s0073
r0519,A,ethics-of-circumcision,s0075
r0520,A,ethics-of-circumcision,s0085
r0521,A,ethics-of-circumcision,s0087
r0522,A,ethics-of-circumcision,s0088
r0523,A,ethics-of-circumcision,s0094
r0524,A,ethics-of-circumcision,s0095
r0525,A,ethics-of-circumcision,s0096
r0526,A,ethics-of-circumcision,s0098
r0527,A,ethics-of-circumcision,s0099
r0528,A,ethics-of-circumcision,s0103
r0529,A,ethics-of-circumcision,s0104
r0530,A,ethics-of-circumcision,s0113
r0531,A,ethics-of-circumcision,s0117
r0532,A,ethics-of-circumcision,s0118
r0533,A,ethics-of-circumcision,s0120
r0534,A,ethics-of-circumcision,s0123
r0535,A,ethics-of-circumcision,s0124
r0536,A,ethics-of-circumcision,s0127
r0537,A,ethics-of-circumcision,s0130
r0538,A,ethics-of-circumcision,s0133
r0539,A,ethics-of-circumcision,s0136
r0540,A,ethics-of-circumcision,s0143
r0541,A,ethics-of-circumcision,s0144
r0542,A,ethics-of-circumcision,s0147
r0543,A,ethics-of-circumcision,s0148
r0544,A,ethics-of-circumcision,s0149
r0545,A,ethics-of-circumcision,s0151
r0546,A,ethics-of-circumcision,s0152
r0547,A,ethics-of-circumcision,s0153
r0548,A,ethics-of-circumcision,s0155
r0549,A,ethics-of-circumcision,s0156
r0550,A,ethics-of-circumcision,s0158
r0551,A,ethics-of-circumcision,s0159
r0552,A,ethics-of-circumcision,s0160
r0553,A,ethics-of-circumcision,s0161
r0554,A,ethics-of-circumcision,s0162
r0555,A,ethics-of-circumcision,s0163
r0556,A,ethics-of-circumcision,s0170
r0557,A,ethics-of-circumcision,s0171
r0558,A,ethics-of-circumcision,s0172
r0559,A,ethics-of-circumcision,s0174
r0560,A,ethics-of-circumcision,s0175
r0561,A,ethics-of-circumcision,s0176
r0562,A,ethics-of-circumcision,s0178
r0563,A,ethics-of-circumcision,s0179
r0564,A,ethics-of-circumcision,s0181
r0565,A,ethics-of-circumcision,s0182
r0566,A,ethics-of-circumcision,s0200
r0567,A,ethics-of-circumcision,s0207
r0568,A,ethics-of-circumcision,s0208
r0569,A,ethics-of-circumcision,s0210
r0570,A,ethics-of-circumcision,s0211
r0571,A,ethics-of-circumcision,s0212
r0572,A,ethics-of-circumcision,s0233
r0573,A,ethics-of-circumcision,s0237
r0574,A,ethics-of-circumcision,s0238
r0575,A,ethics-of-circumcision,s0239
r0576,A,ethics-of-circumcision,s0241
r0577,A,ethics-of-circumcision,s0243
r0578,A,ethics-of-circumcision,s0245
r0579,A,ethics-of-circumcision,s0246
r0580,A,ethics-of-circumcision,s0248
r0581,A,ethics-of-circumcision,s0249
r0582,A,ethics-of-circumcision,s0250
r0583,A,ethics-of-circumcision,s0251
r0584,A,ethics-of-circumcision,s0252
r0585,A,ethics-of-circumcision,s0254
r0586,A,ethics-of-circumcision,s0255
r0587,A,ethics-of-circumcision,s0259
r0588,A,ethics-of-circumcision,s0264
r0589,A,ethics-of-circumcision,s0267
r0590,A,ethics-of-circumcision,s0268
r0591,A,ethics-of-circumcision,s0301
r0592,A,ethics-of-circumcision,s0304
r0593,A,ethics-of-circumcision,s0306
r0594,A,ethics-of-circumcision,s0307
r0595,A,ethics-of-circumcision,s0309
r0596,A,ethics-of-circumcision,s0310
r0597,A,ethics-of-circumcision,s0317
r0598,A,ethics-of-circumcision,s0318
r0599,A,forced-circumcision,s0173
r0600,A,forced-circumcision,s0175
r0601,A,forced-circumcision,s0177
r0602,A,forced-circumcision,s0179
r0603,A,forced-circumcision,s0185
r0604,A,forced-circumcision,s0191
r0605,A,forced-circumcision,s0199
r0606,A,forced-circumcision,s0200
r0607,A,forced-circumcision,s0201
r0608,A,forced-circumcision,s0205
r0609,A,forced-circumcision,s0209
r0610,A,forced-circumcision,s0213
r0611,A,forced-circumcision,s0235
r0612,A,forced-circumcision,s0237
r0613,A,forced-circumcision,s0238
r0614,A,forced-circumcision,s0259
r0615,A,forced-circumcision,s0260
r0616,A,forced-circumcision,s0261
r0617,A,forced-circumcision,s0263
r0618,A,forced-circumcision,s0264
r0619,A,forced-circumcision,s0265
r0620,A,forced-circumcision,s0266
r0621,A,forced-circumcision,s0267
r0622,A,forced-circumcision,s0268
r0623,A,forced-circumcision,s0269
r0624,A,forced-circumcision,s0270
r0625,A,forced-circumcision,s0271
r0626,A,forced-circumcision,s0274
r0627,A,forced-circumcision,s0275
r0628,A,forced-circumcision,s0278
r0629,A,foreskin,s0009
r0630,A,foreskin,s0077
r0631,A,foreskin,s0080
r0632,A,foreskin,s0157
r0633,A,foreskin,s0160
r0634,A,foreskin,s0161
r0635,A,foreskin,s0163
r0636,A,foreskin,s0164
r0637,A,foreskin,s0176
r0638,A,foreskin,s0183
r0639,A,foreskin,s0185
r0640,A,foreskin,s0187
r0641,A,foreskin,s0188
r0642,A,foreskin,s0189
r0643,A,foreskin,s0191
r0644,A,foreskin,s0192
r0645,A,foreskin,s0193
r0646,A,foreskin,s0195
r0647,A,foreskin,s0196
r0648,A,foreskin,s0197
r0649,A,foreskin,s0203
r0650,A,foreskin,s0204
r0651,A,foreskin,s0209
r0652,A,foreskin,s0268
r0653,A,foreskin,s0269
r0654,A,foreskin,s0270
r0655,A,foreskin,s0271
r0656,A,foreskin,s0273
r0657,A,foreskin,s0274
r0658,A,foreskin,s0275
r0659,A,foreskin,s0277
r0660,A,foreskin,s0278
r0661,A,foreskin,s0279
r0662,A,foreskin,s0280
r0663,A,foreskin,s0282
r0664,A,foreskin,s0283
r0665,A,foreskin,s0289
r0666,A,foreskin-man,s0075
r0667,A,foreskin-man,s0082
r0668,A,foreskin-man,s0084
r0669,A,foreskin-man,s0085
r0670,A,foreskin-man,s0088
r0671,A,foreskin-man,s0092
r0672,A,foreskin-man,s0096
r0673,A,foreskin-man,s0106
r0674,A,foreskin-man,s0119
r0675,A,foreskin-man,s0120
r0676,A,foreskin-man,s0125
r0677,A,foreskin-restoration,s0011
r0678,A,foreskin-restoration,s0267
r0679,A,foreskin-restoration,s0268
r0680,A,history-of-circumcision,s0071
r0681,A,history-of-circumcision,s0110
r0682,A,history-of-circumcision,s0177
r0683,A,history-of-circumcision,s0178
r0684,A,history-of-circumcision,s0179
r0685,A,history-of-circumcision,s0182
r0686,A,history-of-circumcision,s0190
r0687,A,history-of-circumcision,s0191
r0688,A,history-of-circumcision,s0192
r0689,A,history-of-circumcision,s0193
r0690,A,history-of-circumcision,s0195
r0691,A,history-of-circumcision,s0197
r0692,A,history-of-circumcision,s0199
r0693,A,history-of-circumcision,s0200
r0694,A,history-of-circumcision,s0201
r0695,A,history-of-circumcision,s0204
r0696,A,khitan-circumcision,s0007
r0697,A,khitan-circumcision,s0081
r0698,A,khitan-circumcision,s0126
r0699,A,khitan-circumcision,s0146
r0700,A,khitan-circumcision,s0147
r0701,A,khitan-circumcision,s0148
r0702,A,khitan-circumcision,s0150
r0703,A,khitan-circumcision,s0151
r0704,A,khitan-circumcision,s0153
r0705,A,khitan-circumcision,s0154
r0706,A,khitan-circumcision,s0156
r0707,A,khitan-circumcision,s0157
r0708,A,khitan-circumcision,s0180
r0709,A,khitan-circumcision,s0181
r0710,A,khitan-circumcision,s0182
r0711,A,khitan-circumcision,s0185
r0712,A,khitan-circumcision,s0198
r0713,A,khitan-circumcision,s0199
r0714,A,khitan-circumcision,s0201
r0715,A,khitan-circumcision,s0202
r0716,A,khitan-circumcision,s0203
r0717,A,khitan-circumcision,s0205
r0718,A,khitan-circumcision,s0206
r0719,A,khitan-circumcision,s0209
r0720,A,khitan-circumcision,s0210
r0721,A,khitan-circumcision,s0229
r0722,A,khitan-circumcision,s0230
r0723,A,meatal-stenosis,s0004
r0724,A,meatal-stenosis,s0151
r0725,A,meatal-stenosis,s0158
r0726,A,meatal-stenosis,s0165
r0727,A,meatal-stenosis,s0166
r0728,A,meatal-stenosis,s0167
r0729,A,mohel,s0004
r0730,A,mohel,s0016
r0731,A,mohel,s0068
r0732,A,mohel,s0084
r0733,A,mohel,s0100
r0734,A,mohel,s0116
r0735,A,mohel,s0118
r0736,A,mohel,s0119
r0737,A,mohel,s0121
r0738,A,mohel,s0124
r0739,A,mohel,s0125
r0740,A,mohel,s0127
r0741,A,mohel,s0128
r0742,A,mohel,s0130
r0743,A,mohel,s0131
r0744,A,mohel,s0134
r0745,A,mohel,s0136
r0746,A,mohel,s0138
r0747,A,mohel,s0139
r0748,A,mohel,s0140
r0749,A,mohel,s0158
r0750,A,mohel,s0159
r0751,A,mohel,s0172
r0752,A,mohel,s0182
r0753,A,mohel,s0224
r0754,A,mohel,s0225
r0755,A,mohel,s0226
r0756,A,mohel,s0229
r0757,A,mohel,s0230
r0758,A,paraphimosis,s0112
r0759,A,paraphimosis,s0173
r0760,A,paraphimosis,s0174
r0761,A,paraphimosis,s0181
r0762,A,paraphimosis,s0203
r0763,A,paraphimosis,s0204
r0764,A,penile-subincision,s0092
r0765,A,penile-subincision,s0094
r0766,A,penile-subincision,s0096
r0767,A,penile-subincision,s0116
r0768,A,penile-subincision,s0123
r0769,A,penile-subincision,s0129
r0770,A,penile-subincision,s0139
r0771,A,phimosis,s0075
r0772,A,phimosis,s0142
r0773,A,phimosis,s0155
r0774,A,phimosis,s0156
r0775,A,phimosis,s0206
r0776,A,phimosis,s0209
r0777,A,phimosis,s0246
r0778,A,phimosis,s0261
r0779,A,phimosis,s0262
r0780,A,phimosis,s0266
r0781,A,phimosis,s0272
r0782,A,phimosis,s0274
r0783,A,phimosis,s0276
r0784,A,phimosis,s0287
r0785,A,prevalence-of-circumcision,s0053
r0786,A,prevalence-of-circumcision,s0054
r0787,A,prevalence-of-circumcision,s0057
r0788,A,prevalence-of-circumcision,s0090
r0789,A,prevalence-of-circumcision,s0095
r0790,A,prevalence-of-circumcision,s0098
r0791,A,redundant-prepuce,s0096
r0792,A,redundant-prepuce,s0101
r0793,A,redundant-prepuce,s0106
r0794,A,redundant-prepuce,s0163
r0795,A,religion-and-circumcision,s0187
r0796,A,religion-and-circumcision,s0188
r0797,A,religion-and-circumcision,s0199
r0798,A,religion-and-circumcision,s0203
r0799,A,religion-and-circumcision,s0208
r0800,A,religion-and-circumcision,s0210
r0801,A,religion-and-circumcision,s0211
r0802,A,religion-and-circumcision,s0214
r0803,A,religion-and-circumcision,s0216
r0804,A,religion-and-circumcision,s0217
r0805,A,religion-and-circumcision,s0218
r0806,A,religion-and-circumcision,s0219
r0807,A,religion-and-circumcision,s0223
r0808,A,religion-and-circumcision,s0225
r0809,A,religion-and-circumcision,s0227
r0810,A,stapler-circumcision,s0005
r0811,A,stapler-circumcision,s0104
r0812,A,stapler-circumcision,s0127
r0813,A,stapler-circumcision,s0139
r0814,A,stapler-circumcision,s0145
r0815,A,stapler-circumcision,s0209
r0816,A,stapler-circumcision,s0211
r0817,A,ulwaluko,s0040
r0818,A,ulwaluko,s0050
r0819,A,ulwaluko,s0081
r0820,A,ulwaluko,s0083
r0821,A,ulwaluko,s0099
r0822,A,ulwaluko,s0100
r0823,A,ulwaluko,s0102
r0824,A,ulwaluko,s0103
r0825,A,ulwaluko,s0109
r0826,A,ulwaluko,s0110
r0827,A,ulwaluko,s0122
r0828,A,ulwaluko,s0144
r0829,A,ulwaluko,s0153
r0830,A,ulwaluko,s0176
r0831,A,ulwaluko,s0177
r0832,A,ulwaluko,s0181
r0833,A,ulwaluko,s0182
r0834,A,ulwaluko,s0183
r0835,A,ulwaluko,s0185
r0836,A,ulwaluko,s0189
r0837,A,ulwaluko,s0207
r0838,A,views-on-circumcision,s0003
r0839,A,views-on-circumcision,s0005
r0840,A,views-on-circumcision,s0066
r0841,A,views-on-circumcision,s0069
r0842,A,views-on-circumcision,s0070
r0843,A,views-on-circumcision,s0071
r0844,A,views-on-circumcision,s0073
r0845,A,views-on-circumcision,s0074
r0846,A,views-on-circumcision,s0075
r0847,A,views-on-circumcision,s0077
r0848,A,views-on-circumcision,s0078
r0849,A,views-on-circumcision,s0079
r0850,A,views-on-circumcision,s0080
r0851,A,views-on-circumcision,s0082
r0852,A,views-on-circumcision,s0083
r0853,A,views-on-circumcision,s0084
r0854,A,views-on-circumcision,s0086
r0855,A,views-on-circumcision,s0087
r0856,A,views-on-circumcision,s0089
r0857,A,views-on-circumcision,s0090
r0858,A,views-on-circumcision,s0093
r0859,A,views-on-circumcision,s0094
r0860,A,views-on-circumcision,s0095
r0861,A,views-on-circumcision,s0097
r0862,A,views-on-circumcision,s0099
r0863,A,views-on-circumcision,s0101
r0864,A,views-on-circumcision,s0102
r0865,A,views-on-circumcision,s0104
r0866,A,views-on-circumcision,s0105
r0867,A,views-on-circumcision,s0113
r0868,A,views-on-circumcision,s0119
r0869,A,views-on-circumcision,s0121
r0870,A,views-on-circumcision,s0122
r0871,A,views-on-circumcision,s0123
r0872,A,views-on-circumcision,s0127
r0873,A,views-on-circumcision,s0129
r0874,A,views-on-circumcision,s0131
r0875,A,views-on-circumcision,s0132
r0876,A,views-on-circumcision,s0133
r0877,A,views-on-circumcision,s0135
r0878,A,views-on-circumcision,s0136
r0879,A,views-on-circumcision,s0137
r0880,A,views-on-circumcision,s0155
r0881,A,views-on-circumcision,s0168
r0882,A,views-on-circumcision,s0171
r0883,A,views-on-circumcision,s0172
r0884,A,views-on-circumcision,s0178
r0885,A,views-on-circumcision,s0179
r0886,A,views-on-circumcision,s0188
r0887,A,views-on-circumcision,s0190
r0888,A,views-on-circumcision,s0191
r0889,B,ashley-montagu-resolution,s0009
r0890,B,ashley-montagu-resolution,s0176
r0891,B,ashley-montagu-resolution,s0204
r0892,B,brit-milah,s0293
r0893,B,circumcision,s0180
r0894,B,circumcision,s0181
r0895,B,circumcision,s0333
r0896,B,circumcision-and-hiv,s0232
r0897,B,circumcision-and-hiv,s0233
r0898,B,circumcision-and-hiv,s0234
r0899,B,circumcision-and-hiv,s0252
r0900,B,circumcision-and-law,s0007
r0901,B,circumcision-and-law,s0102
r0902,B,circumcision-controversies,s0059
r0903,B,circumcision-controversies,s0085
r0904,B,circumcision-controversies,s0099
r0905,B,circumcision-controversies,s0101
r0906,B,circumcision-controversies,s0103
r0907,B,circumcision-controversies,s0105
r0908,B,circumcision-controversies,s0120
r0909,B,circumcision-controversies,s0121
r0910,B,circumcision-controversies,s0122
r0911,B,circumcision-controversies,s0126
r0912,B,circumcision-controversies,s0128
r0913,B,circumcision-controversies,s0225
r0914,B,circumcision-controversies,s0226
r0915,B,circumcision-in-africa,s0282
r0916,B,circumcision-in-africa,s0284
r0917,B,circumcision-in-africa,s0285
r0918,B,cultural-views-on-circumcision-aesthetics,s0124
r0919,B,cultural-views-on-circumcision-aesthetics,s0125
r0920,B,cultural-views-on-circumcision-aesthetics,s0126
r0921,B,ethics-of-circumcision,s0024
r0922,B,ethics-of-circumcision,s0072
r0923,B,ethics-of-circumcision,s0076
r0924,B,ethics-of-circumcision,s0100
r0925,B,ethics-of-circumcision,s0105
r0926,B,ethics-of-circumcision,s0107
r0927,B,ethics-of-circumcision,s0108
r0928,B,ethics-of-circumcision,s0110
r0929,B,ethics-of-circumcision,s0111
r0930,B,ethics-of-circumcision,s0164
r0931,B,ethics-of-circumcision,s0168
r0932,B,ethics-of-circumcision,s0214
r0933,B,ethics-of-circumcision,s0215
r0934,B,ethics-of-circumcision,s0242
r0935,B,ethics-of-circumcision,s0311
r0936,B,foreskin,s0166
r0937,B,foreskin,s0167
r0938,B,khitan-circumcision,s0006
r0939,B,khitan-circumcision,s0207
r0940,B,phimosis,s0265
r0941,B,ulwaluko,s0085
r0942,B,ulwaluko,s0130
r0943,B,ulwaluko,s0131
r0944,B,ulwaluko,s0154
r0945,B,views-on-circumcision,s0091
r0946,B,views-on-circumcision,s0098
r0947,B,views-on-circumcision,s0126
r0948,B,views-on-circumcision,s0128
r0949,B,views-on-circumcision,s0184
