candidate,survivor_article,survivor_id,prior_article,prior_id,link_type,prefilter,reason,judged_by
c0001,ashley-montagu-resolution,s0009,ashley-montagu-resolution,s0176,same_article,K:hiv_trial_carryover,"applies the 50-60% adult HIV trial reduction as evidence against condemning neonatal circumcision, the same carry-over claim the prior makes",model-1
c0048,circumcision,s0181,circumcision,s0180,same_article,W,"""This effect"" is the prior's case-control odds ratio read as causal; the survivor explains its mechanism, taking that causal reading as given",model-1
c0101,circumcision-and-hiv,s0233,circumcision-and-hiv,s0232,same_article,K:no_risk_compensation|W,restates and relies on the prior's inference that net HIV reductions persisting in the data show compensation is not happening,model-1
c0102,circumcision-and-hiv,s0234,circumcision-and-hiv,s0232,same_article,K:no_risk_compensation|W,"""Overall, the absence of verifiable risk compensation"" draws its conclusion from the paragraph's no-compensation finding, which includes the prior's inference",model-1
c0128,circumcision-controversies,s0059,circumcision-controversies,s0126,same_article,K:observational_double_standard,"discounts sensitivity-loss reports as recall-biased retrospective surveys, the same claim the prior is flagged for (double standard on self-reports)",model-1
c0142,circumcision-controversies,s0099,circumcision-controversies,s0101,same_article,K:preventive_medicine_analogy|W,"states the vaccination and orthodontics proxy-consent analogy that the prior applies to neonatal circumcision, the same claim the prior is flagged for (false analogy)",model-1
c0179,circumcision-controversies,s0120,circumcision-controversies,s0122,same_article,W,"states the modern-lifestyle mismatch story that the prior uses to justify removal, the same untested hypothesis the prior is flagged for",model-1
c0181,circumcision-controversies,s0121,circumcision-controversies,s0122,same_article,W,continues the same evolutionary mismatch hypothesis (infection vectors less selected in pre-agricultural epochs) that the prior is flagged for,model-1
c0199,circumcision-controversies,s0128,circumcision-controversies,s0126,same_article,W,"calls pleasure deficits unsubstantiated, building on the prior's dismissal of the self-report sensitivity study",model-1
c0202,circumcision-controversies,s0225,circumcision-controversies,s0073,same_article,K:vmmc_decline_causal,"asserts programme-level HIV incidence reductions caused by VMMC scale-up, the same population causation claim the prior is flagged for",model-1
c0203,circumcision-controversies,s0226,circumcision-controversies,s0073,same_article,K:vmmc_decline_causal,"""These programs ... have averted millions of infections"" builds on the same programme-level causation claim",model-1
c0224,circumcision-in-africa,s0284,circumcision-in-africa,s0282,same_article,K:critics_dismissed|W,"""Additional scrutiny"" continues the prior's discounting of opponents by their character and motives rather than their arguments",model-1
c0232,circumcision-in-africa,s0286,circumcision-in-africa,s0285,same_article,K:critics_dismissed|W,"""These actions"" refers to the prior's review-bombing episode and uses it as a premise to discount critics as conflicted advocates",model-1
c0246,cultural-views-on-circumcision-aesthetics,s0125,cultural-views-on-circumcision-aesthetics,s0124,same_article,W,"""Key reasons included"" presupposes the prior's claim that an overwhelming majority of studies show a preference",model-1
c0247,cultural-views-on-circumcision-aesthetics,s0126,cultural-views-on-circumcision-aesthetics,s0124,same_article,W,"continues the prior's review finding, the very claim that clashes with the section's earlier statement of no consistent preference",model-1
c0276,ethics-of-circumcision,s0107,ethics-of-circumcision,s0106,same_article,K:preventive_medicine_analogy|W,"restates and builds on the prior's heel-lancing analogy, concluding both are endorsed when net utility prevails",model-1
c0279,ethics-of-circumcision,s0108,ethics-of-circumcision,s0106,same_article,W,"""its analogous preventive ontology"" builds on the prior's preventive-medicine analogy (heel-stick screening)",model-1
c0285,ethics-of-circumcision,s0111,ethics-of-circumcision,s0110,same_article,W,"builds on the prior's recasting of the FGM comparison as a health-equivalence claim, rejecting ""unsubstantiated equivalences"" on net health effects only",model-1
c0323,ethics-of-circumcision,s0215,ethics-of-circumcision,s0214,same_article,W,"builds on the prior's framing of circumcision pain as transient and mitigable, contrasted with worse harms elsewhere",model-1
c0341,ethics-of-circumcision,s0247,ethics-of-circumcision,s0242,same_article,W,"""adult uptake failures"" rests on the prior's claim that uncircumcised men rarely seek later circumcision and so forfeit protection",model-1
c0364,ethics-of-circumcision,s0311,ethics-of-circumcision,s0100,same_article,K:outcomes_answer_consent,"sets trial outcomes against ""speculative autonomy projections"", the same recasting of the consent objection as speculation that the prior is flagged for",model-1
c0380,foreskin,s0167,foreskin,s0166,same_article,W,"""Similar mechanisms"" builds on the prior's Langerhans-cell enrichment mechanism, the claim flagged as clashing with the article's own figures",model-1
c0439,ulwaluko,s0131,ulwaluko,s0130,same_article,W,"""Additional protective effects"" extends the prior's list of trial benefits said to apply to properly performed Ulwaluko, the carry-over the prior is flagged for",model-1
c0441,ulwaluko,s0154,ulwaluko,s0147,same_article,W,"""tied to negligence rather than inherent rite elements"" restates the prior's flagged claim that risk comes from modern encroachments, not the procedure",model-1
c0473,views-on-circumcision,s0128,views-on-circumcision,s0126,same_article,K:outcomes_answer_consent|W,"""bans would require evidence of net harm ... a threshold not met"" relies on the prior's claim that the absence of provable detriment answers the case for prohibition",model-1
