article,sentence_id,claim_key
ashley-montagu-resolution,s0176,hiv_trial_carryover
ashley-montagu-resolution,s0204,net_benefit_settled
brit-milah,s0138,pain_minimal
brit-milah,s0293,critics_dismissed
circumcision,s0060,pain_minimal
circumcision,s0180,
circumcision,s0333,net_benefit_settled
circumcision,s0459,observational_double_standard
circumcision-and-hiv,s0232,no_risk_compensation
circumcision-and-hiv,s0252,critics_dismissed
circumcision-and-law,s0007,critics_dismissed
circumcision-and-law,s0102,outcomes_answer_consent
circumcision-and-law,s0113,
circumcision-controversies,s0073,vmmc_decline_causal
circumcision-controversies,s0085,sensation_unaffected
circumcision-controversies,s0101,preventive_medicine_analogy
circumcision-controversies,s0103,preventive_medicine_analogy
circumcision-controversies,s0105,hiv_trial_carryover
circumcision-controversies,s0107,deferral_incoherent
circumcision-controversies,s0108,restoration_means_acceptance
circumcision-controversies,s0118,hiv_trial_carryover
circumcision-controversies,s0122,
circumcision-controversies,s0126,observational_double_standard
circumcision-controversies,s0128,
circumcision-in-africa,s0154,vmmc_decline_causal|no_risk_compensation
circumcision-in-africa,s0282,critics_dismissed
circumcision-in-africa,s0285,critics_dismissed
circumcision-in-africa,s0286,critics_dismissed|vmmc_decline_causal
cultural-views-on-circumcision-aesthetics,s0124,
ethics-of-circumcision,s0024,tradition_proves_fit
ethics-of-circumcision,s0072,
ethics-of-circumcision,s0076,observational_double_standard|sensation_unaffected
ethics-of-circumcision,s0100,outcomes_answer_consent
ethics-of-circumcision,s0105,hiv_trial_carryover
ethics-of-circumcision,s0106,preventive_medicine_analogy
ethics-of-circumcision,s0110,
ethics-of-circumcision,s0164,restoration_means_acceptance
ethics-of-circumcision,s0168,tradition_proves_fit
ethics-of-circumcision,s0198,preventive_medicine_analogy
ethics-of-circumcision,s0201,
ethics-of-circumcision,s0214,
ethics-of-circumcision,s0242,
ethics-of-circumcision,s0247,deferral_incoherent
ethics-of-circumcision,s0302,
foreskin,s0079,sensation_unaffected
foreskin,s0166,
khitan-circumcision,s0006,hiv_trial_carryover
khitan-circumcision,s0207,
mohel,s0122,hiv_trial_carryover
mohel,s0231,critics_dismissed
phimosis,s0265,
prevalence-of-circumcision,s0058,vmmc_decline_causal
ulwaluko,s0085,
ulwaluko,s0097,tradition_proves_fit
ulwaluko,s0130,hiv_trial_carryover
ulwaluko,s0147,
views-on-circumcision,s0091,
views-on-circumcision,s0098,outcomes_answer_consent
views-on-circumcision,s0125,outcomes_answer_consent
views-on-circumcision,s0126,outcomes_answer_consent
views-on-circumcision,s0184,hiv_trial_carryover
