article,sentence_id,points_before,n_priors,points_after,points_lost,flagged_itself,priors
ashley-montagu-resolution,s0009,3,1,2,1,no,ashley-montagu-resolution s0176
ashley-montagu-resolution,s0042,3,0,3,0,no,
ashley-montagu-resolution,s0046,3,0,3,0,no,
ashley-montagu-resolution,s0067,3,0,3,0,no,
ashley-montagu-resolution,s0147,3,0,3,0,no,
ashley-montagu-resolution,s0153,3,0,3,0,no,
ashley-montagu-resolution,s0155,3,0,3,0,no,
ashley-montagu-resolution,s0156,3,0,3,0,no,
ashley-montagu-resolution,s0163,3,0,3,0,no,
ashley-montagu-resolution,s0166,3,0,3,0,no,
ashley-montagu-resolution,s0176,1,0,1,0,yes,
ashley-montagu-resolution,s0177,3,0,3,0,no,
ashley-montagu-resolution,s0183,3,0,3,0,no,
ashley-montagu-resolution,s0185,3,0,3,0,no,
ashley-montagu-resolution,s0186,3,0,3,0,no,
ashley-montagu-resolution,s0188,3,0,3,0,no,
ashley-montagu-resolution,s0189,3,0,3,0,no,
ashley-montagu-resolution,s0193,3,0,3,0,no,
ashley-montagu-resolution,s0194,3,0,3,0,no,
ashley-montagu-resolution,s0196,3,0,3,0,no,
ashley-montagu-resolution,s0197,3,0,3,0,no,
ashley-montagu-resolution,s0198,3,0,3,0,no,
ashley-montagu-resolution,s0199,3,0,3,0,no,
ashley-montagu-resolution,s0201,3,0,3,0,no,
ashley-montagu-resolution,s0202,3,0,3,0,no,
ashley-montagu-resolution,s0203,3,0,3,0,no,
ashley-montagu-resolution,s0204,2,0,2,0,yes,
ashley-montagu-resolution,s0207,3,0,3,0,no,
ashley-montagu-resolution,s0208,3,0,3,0,no,
ashley-montagu-resolution,s0209,3,0,3,0,no,
ashley-montagu-resolution,s0211,3,0,3,0,no,
ashley-montagu-resolution,s0212,3,0,3,0,no,
ashley-montagu-resolution,s0213,3,0,3,0,no,
ashley-montagu-resolution,s0215,3,0,3,0,no,
ashley-montagu-resolution,s0216,3,0,3,0,no,
ashley-montagu-resolution,s0217,3,0,3,0,no,
ashley-montagu-resolution,s0218,3,0,3,0,no,
ashley-montagu-resolution,s0220,3,0,3,0,no,
ashley-montagu-resolution,s0222,3,0,3,0,no,
ashley-montagu-resolution,s0242,3,0,3,0,no,
ashley-montagu-resolution,s0244,3,0,3,0,no,
brit-milah,s0019,3,0,3,0,no,
brit-milah,s0020,3,0,3,0,no,
brit-milah,s0044,3,0,3,0,no,
brit-milah,s0076,3,0,3,0,no,
brit-milah,s0077,3,0,3,0,no,
brit-milah,s0091,3,0,3,0,no,
brit-milah,s0129,3,0,3,0,no,
brit-milah,s0130,3,0,3,0,no,
brit-milah,s0167,3,0,3,0,no,
brit-milah,s0174,3,0,3,0,no,
brit-milah,s0207,3,0,3,0,no,
brit-milah,s0208,3,0,3,0,no,
brit-milah,s0209,3,0,3,0,no,
brit-milah,s0211,3,0,3,0,no,
brit-milah,s0212,3,0,3,0,no,
brit-milah,s0213,3,0,3,0,no,
brit-milah,s0215,3,0,3,0,no,
brit-milah,s0216,3,0,3,0,no,
brit-milah,s0218,3,0,3,0,no,
brit-milah,s0219,3,0,3,0,no,
brit-milah,s0220,3,0,3,0,no,
brit-milah,s0255,3,0,3,0,no,
brit-milah,s0256,3,0,3,0,no,
brit-milah,s0264,3,0,3,0,no,
brit-milah,s0271,3,0,3,0,no,
brit-milah,s0283,3,0,3,0,no,
brit-milah,s0285,3,0,3,0,no,
brit-milah,s0286,3,0,3,0,no,
brit-milah,s0289,3,0,3,0,no,
brit-milah,s0290,3,0,3,0,no,
brit-milah,s0291,3,0,3,0,no,
brit-milah,s0293,1,0,1,0,yes,
brit-milah,s0316,3,0,3,0,no,
brit-milah,s0330,3,0,3,0,no,
brit-milah,s0331,3,0,3,0,no,
brit-milah,s0334,3,0,3,0,no,
brit-milah,s0335,3,0,3,0,no,
brit-milah,s0339,3,0,3,0,no,
brit-shalom-naming-ceremony,s0030,3,0,3,0,no,
brit-shalom-naming-ceremony,s0032,3,0,3,0,no,
brit-shalom-naming-ceremony,s0037,3,0,3,0,no,
brit-shalom-naming-ceremony,s0038,3,0,3,0,no,
brit-shalom-naming-ceremony,s0040,3,0,3,0,no,
brit-shalom-naming-ceremony,s0092,3,0,3,0,no,
brit-shalom-naming-ceremony,s0093,3,0,3,0,no,
brit-shalom-naming-ceremony,s0095,3,0,3,0,no,
brit-shalom-naming-ceremony,s0096,3,0,3,0,no,
brit-shalom-naming-ceremony,s0098,3,0,3,0,no,
brit-shalom-naming-ceremony,s0099,3,0,3,0,no,
brit-shalom-naming-ceremony,s0100,3,0,3,0,no,
brit-shalom-naming-ceremony,s0103,3,0,3,0,no,
brit-shalom-naming-ceremony,s0108,3,0,3,0,no,
brit-shalom-naming-ceremony,s0119,3,0,3,0,no,
brit-shalom-naming-ceremony,s0120,3,0,3,0,no,
circumcision,s0038,3,0,3,0,no,
circumcision,s0059,3,0,3,0,no,
circumcision,s0063,3,0,3,0,no,
circumcision,s0064,3,0,3,0,no,
circumcision,s0067,3,0,3,0,no,
circumcision,s0070,3,0,3,0,no,
circumcision,s0074,3,0,3,0,no,
circumcision,s0077,3,0,3,0,no,
circumcision,s0081,3,0,3,0,no,
circumcision,s0082,3,0,3,0,no,
circumcision,s0083,3,0,3,0,no,
circumcision,s0114,3,0,3,0,no,
circumcision,s0115,3,0,3,0,no,
circumcision,s0116,3,0,3,0,no,
circumcision,s0117,3,0,3,0,no,
circumcision,s0125,3,0,3,0,no,
circumcision,s0126,3,0,3,0,no,
circumcision,s0127,3,0,3,0,no,
circumcision,s0132,3,0,3,0,no,
circumcision,s0140,3,0,3,0,no,
circumcision,s0142,3,0,3,0,no,
circumcision,s0143,3,0,3,0,no,
circumcision,s0144,3,0,3,0,no,
circumcision,s0145,3,0,3,0,no,
circumcision,s0146,3,0,3,0,no,
circumcision,s0148,3,0,3,0,no,
circumcision,s0150,3,0,3,0,no,
circumcision,s0151,3,0,3,0,no,
circumcision,s0152,3,0,3,0,no,
circumcision,s0158,3,0,3,0,no,
circumcision,s0160,3,0,3,0,no,
circumcision,s0161,3,0,3,0,no,
circumcision,s0162,3,0,3,0,no,
circumcision,s0165,3,0,3,0,no,
circumcision,s0166,3,0,3,0,no,
circumcision,s0171,3,0,3,0,no,
circumcision,s0172,3,0,3,0,no,
circumcision,s0180,2,0,2,0,yes,
circumcision,s0181,3,1,2,1,no,circumcision s0180
circumcision,s0183,3,0,3,0,no,
circumcision,s0186,3,0,3,0,no,
circumcision,s0187,3,0,3,0,no,
circumcision,s0188,3,0,3,0,no,
circumcision,s0191,3,0,3,0,no,
circumcision,s0192,3,0,3,0,no,
circumcision,s0193,3,0,3,0,no,
circumcision,s0194,3,0,3,0,no,
circumcision,s0195,3,0,3,0,no,
circumcision,s0196,3,0,3,0,no,
circumcision,s0197,3,0,3,0,no,
circumcision,s0198,3,0,3,0,no,
circumcision,s0203,3,0,3,0,no,
circumcision,s0204,3,0,3,0,no,
circumcision,s0205,3,0,3,0,no,
circumcision,s0209,3,0,3,0,no,
circumcision,s0210,3,0,3,0,no,
circumcision,s0211,3,0,3,0,no,
circumcision,s0212,3,0,3,0,no,
circumcision,s0213,3,0,3,0,no,
circumcision,s0214,3,0,3,0,no,
circumcision,s0216,3,0,3,0,no,
circumcision,s0217,3,0,3,0,no,
circumcision,s0220,3,0,3,0,no,
circumcision,s0221,3,0,3,0,no,
circumcision,s0222,3,0,3,0,no,
circumcision,s0223,3,0,3,0,no,
circumcision,s0226,3,0,3,0,no,
circumcision,s0253,3,0,3,0,no,
circumcision,s0256,3,0,3,0,no,
circumcision,s0257,3,0,3,0,no,
circumcision,s0258,3,0,3,0,no,
circumcision,s0262,3,0,3,0,no,
circumcision,s0263,3,0,3,0,no,
circumcision,s0275,3,0,3,0,no,
circumcision,s0278,3,0,3,0,no,
circumcision,s0279,3,0,3,0,no,
circumcision,s0290,3,0,3,0,no,
circumcision,s0323,3,0,3,0,no,
circumcision,s0324,3,0,3,0,no,
circumcision,s0325,3,0,3,0,no,
circumcision,s0328,3,0,3,0,no,
circumcision,s0329,3,0,3,0,no,
circumcision,s0331,3,0,3,0,no,
circumcision,s0332,3,0,3,0,no,
circumcision,s0333,1,0,1,0,yes,
circumcision,s0363,3,0,3,0,no,
circumcision,s0364,3,0,3,0,no,
circumcision,s0369,3,0,3,0,no,
circumcision,s0370,3,0,3,0,no,
circumcision,s0387,3,0,3,0,no,
circumcision,s0388,3,0,3,0,no,
circumcision,s0402,3,0,3,0,no,
circumcision,s0413,3,0,3,0,no,
circumcision,s0414,3,0,3,0,no,
circumcision,s0422,3,0,3,0,no,
circumcision,s0423,3,0,3,0,no,
circumcision,s0424,3,0,3,0,no,
circumcision,s0439,3,0,3,0,no,
circumcision,s0440,3,0,3,0,no,
circumcision,s0441,3,0,3,0,no,
circumcision,s0442,3,0,3,0,no,
circumcision,s0444,3,0,3,0,no,
circumcision,s0446,3,0,3,0,no,
circumcision,s0448,3,0,3,0,no,
circumcision,s0449,3,0,3,0,no,
circumcision,s0450,3,0,3,0,no,
circumcision,s0452,3,0,3,0,no,
circumcision,s0453,3,0,3,0,no,
circumcision,s0454,3,0,3,0,no,
circumcision,s0457,3,0,3,0,no,
circumcision,s0458,3,0,3,0,no,
circumcision-and-hiv,s0001,3,0,3,0,no,
circumcision-and-hiv,s0002,3,0,3,0,no,
circumcision-and-hiv,s0003,3,0,3,0,no,
circumcision-and-hiv,s0005,3,0,3,0,no,
circumcision-and-hiv,s0007,3,0,3,0,no,
circumcision-and-hiv,s0008,3,0,3,0,no,
circumcision-and-hiv,s0012,3,0,3,0,no,
circumcision-and-hiv,s0015,3,0,3,0,no,
circumcision-and-hiv,s0016,3,0,3,0,no,
circumcision-and-hiv,s0019,3,0,3,0,no,
circumcision-and-hiv,s0020,3,0,3,0,no,
circumcision-and-hiv,s0023,3,0,3,0,no,
circumcision-and-hiv,s0024,3,0,3,0,no,
circumcision-and-hiv,s0026,3,0,3,0,no,
circumcision-and-hiv,s0027,3,0,3,0,no,
circumcision-and-hiv,s0033,3,0,3,0,no,
circumcision-and-hiv,s0034,3,0,3,0,no,
circumcision-and-hiv,s0035,3,0,3,0,no,
circumcision-and-hiv,s0039,3,0,3,0,no,
circumcision-and-hiv,s0042,3,0,3,0,no,
circumcision-and-hiv,s0043,3,0,3,0,no,
circumcision-and-hiv,s0044,3,0,3,0,no,
circumcision-and-hiv,s0047,3,0,3,0,no,
circumcision-and-hiv,s0048,3,0,3,0,no,
circumcision-and-hiv,s0049,3,0,3,0,no,
circumcision-and-hiv,s0053,3,0,3,0,no,
circumcision-and-hiv,s0056,3,0,3,0,no,
circumcision-and-hiv,s0058,3,0,3,0,no,
circumcision-and-hiv,s0066,3,0,3,0,no,
circumcision-and-hiv,s0074,3,0,3,0,no,
circumcision-and-hiv,s0076,3,0,3,0,no,
circumcision-and-hiv,s0077,3,0,3,0,no,
circumcision-and-hiv,s0084,3,0,3,0,no,
circumcision-and-hiv,s0085,3,0,3,0,no,
circumcision-and-hiv,s0086,3,0,3,0,no,
circumcision-and-hiv,s0088,3,0,3,0,no,
circumcision-and-hiv,s0090,3,0,3,0,no,
circumcision-and-hiv,s0091,3,0,3,0,no,
circumcision-and-hiv,s0093,3,0,3,0,no,
circumcision-and-hiv,s0095,3,0,3,0,no,
circumcision-and-hiv,s0096,3,0,3,0,no,
circumcision-and-hiv,s0098,3,0,3,0,no,
circumcision-and-hiv,s0099,3,0,3,0,no,
circumcision-and-hiv,s0103,3,0,3,0,no,
circumcision-and-hiv,s0128,3,0,3,0,no,
circumcision-and-hiv,s0131,3,0,3,0,no,
circumcision-and-hiv,s0137,3,0,3,0,no,
circumcision-and-hiv,s0138,3,0,3,0,no,
circumcision-and-hiv,s0139,3,0,3,0,no,
circumcision-and-hiv,s0147,3,0,3,0,no,
circumcision-and-hiv,s0148,3,0,3,0,no,
circumcision-and-hiv,s0151,3,0,3,0,no,
circumcision-and-hiv,s0152,3,0,3,0,no,
circumcision-and-hiv,s0154,3,0,3,0,no,
circumcision-and-hiv,s0155,3,0,3,0,no,
circumcision-and-hiv,s0156,3,0,3,0,no,
circumcision-and-hiv,s0159,3,0,3,0,no,
circumcision-and-hiv,s0160,3,0,3,0,no,
circumcision-and-hiv,s0164,3,0,3,0,no,
circumcision-and-hiv,s0165,3,0,3,0,no,
circumcision-and-hiv,s0167,3,0,3,0,no,
circumcision-and-hiv,s0170,3,0,3,0,no,
circumcision-and-hiv,s0175,3,0,3,0,no,
circumcision-and-hiv,s0177,3,0,3,0,no,
circumcision-and-hiv,s0178,3,0,3,0,no,
circumcision-and-hiv,s0179,3,0,3,0,no,
circumcision-and-hiv,s0182,3,0,3,0,no,
circumcision-and-hiv,s0183,3,0,3,0,no,
circumcision-and-hiv,s0186,3,0,3,0,no,
circumcision-and-hiv,s0189,3,0,3,0,no,
circumcision-and-hiv,s0191,3,0,3,0,no,
circumcision-and-hiv,s0194,3,0,3,0,no,
circumcision-and-hiv,s0200,3,0,3,0,no,
circumcision-and-hiv,s0224,3,0,3,0,no,
circumcision-and-hiv,s0225,3,0,3,0,no,
circumcision-and-hiv,s0226,3,0,3,0,no,
circumcision-and-hiv,s0227,3,0,3,0,no,
circumcision-and-hiv,s0229,3,0,3,0,no,
circumcision-and-hiv,s0230,3,0,3,0,no,
circumcision-and-hiv,s0231,3,0,3,0,no,
circumcision-and-hiv,s0232,2,0,2,0,yes,
circumcision-and-hiv,s0233,3,1,2,1,no,circumcision-and-hiv s0232
circumcision-and-hiv,s0234,3,1,2,1,no,circumcision-and-hiv s0232
circumcision-and-hiv,s0245,3,0,3,0,no,
circumcision-and-hiv,s0246,3,0,3,0,no,
circumcision-and-hiv,s0247,3,0,3,0,no,
circumcision-and-hiv,s0249,3,0,3,0,no,
circumcision-and-hiv,s0250,3,0,3,0,no,
circumcision-and-hiv,s0251,3,0,3,0,no,
circumcision-and-hiv,s0252,2,0,2,0,yes,
circumcision-and-hiv,s0256,3,0,3,0,no,
circumcision-and-hiv,s0259,3,0,3,0,no,
circumcision-and-hiv,s0260,3,0,3,0,no,
circumcision-and-hiv,s0261,3,0,3,0,no,
circumcision-and-hiv,s0263,3,0,3,0,no,
circumcision-and-hiv,s0264,3,0,3,0,no,
circumcision-and-hiv,s0268,3,0,3,0,no,
circumcision-and-hiv,s0269,3,0,3,0,no,
circumcision-and-hiv,s0272,3,0,3,0,no,
circumcision-and-hiv,s0273,3,0,3,0,no,
circumcision-and-hiv,s0274,3,0,3,0,no,
circumcision-and-hiv,s0276,3,0,3,0,no,
circumcision-and-hiv,s0277,3,0,3,0,no,
circumcision-and-hiv,s0278,3,0,3,0,no,
circumcision-and-law,s0003,3,0,3,0,no,
circumcision-and-law,s0007,2,0,2,0,yes,
circumcision-and-law,s0066,3,0,3,0,no,
circumcision-and-law,s0067,3,0,3,0,no,
circumcision-and-law,s0070,3,0,3,0,no,
circumcision-and-law,s0077,3,0,3,0,no,
circumcision-and-law,s0078,3,0,3,0,no,
circumcision-and-law,s0083,3,0,3,0,no,
circumcision-and-law,s0095,3,0,3,0,no,
circumcision-and-law,s0102,2,0,2,0,yes,
circumcision-and-law,s0117,3,0,3,0,no,
circumcision-and-law,s0131,3,0,3,0,no,
circumcision-and-law,s0132,3,0,3,0,no,
circumcision-and-law,s0205,3,0,3,0,no,
circumcision-and-law,s0261,3,0,3,0,no,
circumcision-and-law,s0327,3,0,3,0,no,
circumcision-and-law,s0336,3,0,3,0,no,
circumcision-and-law,s0346,3,0,3,0,no,
circumcision-and-law,s0355,3,0,3,0,no,
circumcision-and-law,s0376,3,0,3,0,no,
circumcision-and-law,s0385,3,0,3,0,no,
circumcision-and-law,s0394,3,0,3,0,no,
circumcision-and-law,s0397,3,0,3,0,no,
circumcision-and-law,s0398,3,0,3,0,no,
circumcision-controversies,s0002,3,0,3,0,no,
circumcision-controversies,s0036,3,0,3,0,no,
circumcision-controversies,s0037,3,0,3,0,no,
circumcision-controversies,s0038,3,0,3,0,no,
circumcision-controversies,s0040,3,0,3,0,no,
circumcision-controversies,s0041,3,0,3,0,no,
circumcision-controversies,s0042,3,0,3,0,no,
circumcision-controversies,s0044,3,0,3,0,no,
circumcision-controversies,s0045,3,0,3,0,no,
circumcision-controversies,s0046,3,0,3,0,no,
circumcision-controversies,s0047,3,0,3,0,no,
circumcision-controversies,s0049,3,0,3,0,no,
circumcision-controversies,s0050,3,0,3,0,no,
circumcision-controversies,s0053,3,0,3,0,no,
circumcision-controversies,s0057,3,0,3,0,no,
circumcision-controversies,s0059,3,1,2,1,no,circumcision-controversies s0126
circumcision-controversies,s0061,3,0,3,0,no,
circumcision-controversies,s0062,3,0,3,0,no,
circumcision-controversies,s0063,3,0,3,0,no,
circumcision-controversies,s0065,3,0,3,0,no,
circumcision-controversies,s0066,3,0,3,0,no,
circumcision-controversies,s0067,3,0,3,0,no,
circumcision-controversies,s0070,3,0,3,0,no,
circumcision-controversies,s0072,3,0,3,0,no,
circumcision-controversies,s0085,2,0,2,0,yes,
circumcision-controversies,s0086,3,0,3,0,no,
circumcision-controversies,s0087,3,0,3,0,no,
circumcision-controversies,s0088,3,0,3,0,no,
circumcision-controversies,s0089,3,0,3,0,no,
circumcision-controversies,s0090,3,0,3,0,no,
circumcision-controversies,s0091,3,0,3,0,no,
circumcision-controversies,s0092,3,0,3,0,no,
circumcision-controversies,s0093,3,0,3,0,no,
circumcision-controversies,s0097,3,0,3,0,no,
circumcision-controversies,s0099,3,1,2,1,no,circumcision-controversies s0101
circumcision-controversies,s0100,3,0,3,0,no,
circumcision-controversies,s0101,1,0,1,0,yes,
circumcision-controversies,s0103,2,0,2,0,yes,
circumcision-controversies,s0104,3,0,3,0,no,
circumcision-controversies,s0105,2,0,2,0,yes,
circumcision-controversies,s0109,3,0,3,0,no,
circumcision-controversies,s0110,3,0,3,0,no,
circumcision-controversies,s0112,3,0,3,0,no,
circumcision-controversies,s0113,3,0,3,0,no,
circumcision-controversies,s0114,3,0,3,0,no,
circumcision-controversies,s0115,3,0,3,0,no,
circumcision-controversies,s0116,3,0,3,0,no,
circumcision-controversies,s0117,3,0,3,0,no,
circumcision-controversies,s0120,3,1,2,1,no,circumcision-controversies s0122
circumcision-controversies,s0121,3,1,2,1,no,circumcision-controversies s0122
circumcision-controversies,s0122,2,0,2,0,yes,
circumcision-controversies,s0124,3,0,3,0,no,
circumcision-controversies,s0125,3,0,3,0,no,
circumcision-controversies,s0126,2,0,2,0,yes,
circumcision-controversies,s0127,3,0,3,0,no,
circumcision-controversies,s0128,2,1,1,1,yes,circumcision-controversies s0126
circumcision-controversies,s0156,3,0,3,0,no,
circumcision-controversies,s0157,3,0,3,0,no,
circumcision-controversies,s0161,3,0,3,0,no,
circumcision-controversies,s0165,3,0,3,0,no,
circumcision-controversies,s0192,3,0,3,0,no,
circumcision-controversies,s0209,3,0,3,0,no,
circumcision-controversies,s0211,3,0,3,0,no,
circumcision-controversies,s0212,3,0,3,0,no,
circumcision-controversies,s0213,3,0,3,0,no,
circumcision-controversies,s0215,3,0,3,0,no,
circumcision-controversies,s0216,3,0,3,0,no,
circumcision-controversies,s0219,3,0,3,0,no,
circumcision-controversies,s0223,3,0,3,0,no,
circumcision-controversies,s0225,3,1,2,1,no,circumcision-controversies s0073
circumcision-controversies,s0226,3,1,2,1,no,circumcision-controversies s0073
circumcision-controversies,s0229,3,0,3,0,no,
circumcision-controversy-in-early-christianity,s0070,3,0,3,0,no,
circumcision-controversy-in-early-christianity,s0071,3,0,3,0,no,
circumcision-controversy-in-early-christianity,s0075,3,0,3,0,no,
circumcision-controversy-in-early-christianity,s0076,3,0,3,0,no,
circumcision-controversy-in-early-christianity,s0077,3,0,3,0,no,
circumcision-controversy-in-early-christianity,s0079,3,0,3,0,no,
circumcision-controversy-in-early-christianity,s0080,3,0,3,0,no,
circumcision-controversy-in-early-christianity,s0081,3,0,3,0,no,
circumcision-controversy-in-early-christianity,s0117,3,0,3,0,no,
circumcision-controversy-in-early-christianity,s0145,3,0,3,0,no,
circumcision-in-africa,s0005,3,0,3,0,no,
circumcision-in-africa,s0030,3,0,3,0,no,
circumcision-in-africa,s0039,3,0,3,0,no,
circumcision-in-africa,s0138,3,0,3,0,no,
circumcision-in-africa,s0150,3,0,3,0,no,
circumcision-in-africa,s0151,3,0,3,0,no,
circumcision-in-africa,s0169,3,0,3,0,no,
circumcision-in-africa,s0170,3,0,3,0,no,
circumcision-in-africa,s0171,3,0,3,0,no,
circumcision-in-africa,s0172,3,0,3,0,no,
circumcision-in-africa,s0175,3,0,3,0,no,
circumcision-in-africa,s0179,3,0,3,0,no,
circumcision-in-africa,s0183,3,0,3,0,no,
circumcision-in-africa,s0187,3,0,3,0,no,
circumcision-in-africa,s0194,3,0,3,0,no,
circumcision-in-africa,s0205,3,0,3,0,no,
circumcision-in-africa,s0209,3,0,3,0,no,
circumcision-in-africa,s0210,3,0,3,0,no,
circumcision-in-africa,s0211,3,0,3,0,no,
circumcision-in-africa,s0212,3,0,3,0,no,
circumcision-in-africa,s0214,3,0,3,0,no,
circumcision-in-africa,s0215,3,0,3,0,no,
circumcision-in-africa,s0216,3,0,3,0,no,
circumcision-in-africa,s0217,3,0,3,0,no,
circumcision-in-africa,s0220,3,0,3,0,no,
circumcision-in-africa,s0221,3,0,3,0,no,
circumcision-in-africa,s0223,3,0,3,0,no,
circumcision-in-africa,s0224,3,0,3,0,no,
circumcision-in-africa,s0225,3,0,3,0,no,
circumcision-in-africa,s0227,3,0,3,0,no,
circumcision-in-africa,s0228,3,0,3,0,no,
circumcision-in-africa,s0229,3,0,3,0,no,
circumcision-in-africa,s0231,3,0,3,0,no,
circumcision-in-africa,s0232,3,0,3,0,no,
circumcision-in-africa,s0233,3,0,3,0,no,
circumcision-in-africa,s0237,3,0,3,0,no,
circumcision-in-africa,s0240,3,0,3,0,no,
circumcision-in-africa,s0253,3,0,3,0,no,
circumcision-in-africa,s0256,3,0,3,0,no,
circumcision-in-africa,s0267,3,0,3,0,no,
circumcision-in-africa,s0275,3,0,3,0,no,
circumcision-in-africa,s0276,3,0,3,0,no,
circumcision-in-africa,s0277,3,0,3,0,no,
circumcision-in-africa,s0279,3,0,3,0,no,
circumcision-in-africa,s0280,3,0,3,0,no,
circumcision-in-africa,s0281,3,0,3,0,no,
circumcision-in-africa,s0282,2,0,2,0,yes,
circumcision-in-africa,s0284,3,1,2,1,no,circumcision-in-africa s0282
circumcision-in-africa,s0285,1,0,1,0,yes,
circumcision-in-africa,s0286,1,1,0,1,yes,circumcision-in-africa s0285
circumcision-in-africa,s0287,3,0,3,0,no,
circumcision-in-brunei,s0049,3,0,3,0,no,
circumcision-in-brunei,s0050,3,0,3,0,no,
circumcision-in-brunei,s0052,3,0,3,0,no,
circumcision-in-brunei,s0053,3,0,3,0,no,
circumcision-in-china,s0060,3,0,3,0,no,
circumcision-surgical-procedure,s0004,3,0,3,0,no,
circumcision-surgical-procedure,s0005,3,0,3,0,no,
circumcision-surgical-procedure,s0020,3,0,3,0,no,
circumcision-surgical-procedure,s0034,3,0,3,0,no,
circumcision-surgical-procedure,s0035,3,0,3,0,no,
circumcision-surgical-procedure,s0036,3,0,3,0,no,
circumcision-surgical-procedure,s0038,3,0,3,0,no,
circumcision-surgical-procedure,s0039,3,0,3,0,no,
circumcision-surgical-procedure,s0041,3,0,3,0,no,
circumcision-surgical-procedure,s0042,3,0,3,0,no,
circumcision-surgical-procedure,s0043,3,0,3,0,no,
circumcision-surgical-procedure,s0045,3,0,3,0,no,
circumcision-surgical-procedure,s0046,3,0,3,0,no,
circumcision-surgical-procedure,s0047,3,0,3,0,no,
circumcision-surgical-procedure,s0063,3,0,3,0,no,
circumcision-surgical-procedure,s0092,3,0,3,0,no,
circumcision-surgical-procedure,s0264,3,0,3,0,no,
circumcision-surgical-procedure,s0270,3,0,3,0,no,
circumcision-surgical-procedure,s0271,3,0,3,0,no,
circumcision-surgical-procedure,s0278,3,0,3,0,no,
circumcision-surgical-procedure,s0282,3,0,3,0,no,
circumcision-surgical-procedure,s0309,3,0,3,0,no,
circumcision-surgical-procedure,s0321,3,0,3,0,no,
circumcision-surgical-procedure,s0322,3,0,3,0,no,
circumcision-surgical-procedure,s0325,3,0,3,0,no,
circumcision-surgical-procedure,s0329,3,0,3,0,no,
circumcision-surgical-procedure,s0330,3,0,3,0,no,
circumcision-surgical-procedure,s0331,3,0,3,0,no,
circumcision-surgical-procedure,s0333,3,0,3,0,no,
cost-of-circumcision-surgery-in-chaozhou,s0026,3,0,3,0,no,
cultural-views-on-circumcision-aesthetics,s0003,3,0,3,0,no,
cultural-views-on-circumcision-aesthetics,s0020,3,0,3,0,no,
cultural-views-on-circumcision-aesthetics,s0021,3,0,3,0,no,
cultural-views-on-circumcision-aesthetics,s0030,3,0,3,0,no,
cultural-views-on-circumcision-aesthetics,s0031,3,0,3,0,no,
cultural-views-on-circumcision-aesthetics,s0032,3,0,3,0,no,
cultural-views-on-circumcision-aesthetics,s0034,3,0,3,0,no,
cultural-views-on-circumcision-aesthetics,s0035,3,0,3,0,no,
cultural-views-on-circumcision-aesthetics,s0036,3,0,3,0,no,
cultural-views-on-circumcision-aesthetics,s0049,3,0,3,0,no,
cultural-views-on-circumcision-aesthetics,s0050,3,0,3,0,no,
cultural-views-on-circumcision-aesthetics,s0055,3,0,3,0,no,
cultural-views-on-circumcision-aesthetics,s0086,3,0,3,0,no,
cultural-views-on-circumcision-aesthetics,s0099,3,0,3,0,no,
cultural-views-on-circumcision-aesthetics,s0100,3,0,3,0,no,
cultural-views-on-circumcision-aesthetics,s0102,3,0,3,0,no,
cultural-views-on-circumcision-aesthetics,s0103,3,0,3,0,no,
cultural-views-on-circumcision-aesthetics,s0105,3,0,3,0,no,
cultural-views-on-circumcision-aesthetics,s0106,3,0,3,0,no,
cultural-views-on-circumcision-aesthetics,s0117,3,0,3,0,no,
cultural-views-on-circumcision-aesthetics,s0121,3,0,3,0,no,
cultural-views-on-circumcision-aesthetics,s0122,3,0,3,0,no,
cultural-views-on-circumcision-aesthetics,s0124,1,0,1,0,yes,
cultural-views-on-circumcision-aesthetics,s0125,3,1,2,1,no,cultural-views-on-circumcision-aesthetics s0124
cultural-views-on-circumcision-aesthetics,s0126,3,1,2,1,no,cultural-views-on-circumcision-aesthetics s0124
ethics-of-circumcision,s0004,3,0,3,0,no,
ethics-of-circumcision,s0014,3,0,3,0,no,
ethics-of-circumcision,s0018,3,0,3,0,no,
ethics-of-circumcision,s0024,1,0,1,0,yes,
ethics-of-circumcision,s0027,3,0,3,0,no,
ethics-of-circumcision,s0038,3,0,3,0,no,
ethics-of-circumcision,s0040,3,0,3,0,no,
ethics-of-circumcision,s0042,3,0,3,0,no,
ethics-of-circumcision,s0043,3,0,3,0,no,
ethics-of-circumcision,s0044,3,0,3,0,no,
ethics-of-circumcision,s0046,3,0,3,0,no,
ethics-of-circumcision,s0047,3,0,3,0,no,
ethics-of-circumcision,s0049,3,0,3,0,no,
ethics-of-circumcision,s0050,3,0,3,0,no,
ethics-of-circumcision,s0051,3,0,3,0,no,
ethics-of-circumcision,s0053,3,0,3,0,no,
ethics-of-circumcision,s0054,3,0,3,0,no,
ethics-of-circumcision,s0060,3,0,3,0,no,
ethics-of-circumcision,s0061,3,0,3,0,no,
ethics-of-circumcision,s0064,3,0,3,0,no,
ethics-of-circumcision,s0067,3,0,3,0,no,
ethics-of-circumcision,s0068,3,0,3,0,no,
ethics-of-circumcision,s0069,3,0,3,0,no,
ethics-of-circumcision,s0071,3,0,3,0,no,
ethics-of-circumcision,s0072,2,0,2,0,yes,
ethics-of-circumcision,s0073,3,0,3,0,no,
ethics-of-circumcision,s0075,3,0,3,0,no,
ethics-of-circumcision,s0076,2,0,2,0,yes,
ethics-of-circumcision,s0085,3,0,3,0,no,
ethics-of-circumcision,s0087,3,0,3,0,no,
ethics-of-circumcision,s0088,3,0,3,0,no,
ethics-of-circumcision,s0094,3,0,3,0,no,
ethics-of-circumcision,s0095,3,0,3,0,no,
ethics-of-circumcision,s0096,3,0,3,0,no,
ethics-of-circumcision,s0098,3,0,3,0,no,
ethics-of-circumcision,s0099,3,0,3,0,no,
ethics-of-circumcision,s0100,2,0,2,0,yes,
ethics-of-circumcision,s0103,3,0,3,0,no,
ethics-of-circumcision,s0104,3,0,3,0,no,
ethics-of-circumcision,s0105,1,0,1,0,yes,
ethics-of-circumcision,s0107,3,1,2,1,no,ethics-of-circumcision s0106
ethics-of-circumcision,s0108,3,1,2,1,no,ethics-of-circumcision s0106
ethics-of-circumcision,s0110,2,0,2,0,yes,
ethics-of-circumcision,s0111,3,1,2,1,no,ethics-of-circumcision s0110
ethics-of-circumcision,s0113,3,0,3,0,no,
ethics-of-circumcision,s0117,3,0,3,0,no,
ethics-of-circumcision,s0118,3,0,3,0,no,
ethics-of-circumcision,s0120,3,0,3,0,no,
ethics-of-circumcision,s0123,3,0,3,0,no,
ethics-of-circumcision,s0124,3,0,3,0,no,
ethics-of-circumcision,s0127,3,0,3,0,no,
ethics-of-circumcision,s0130,3,0,3,0,no,
ethics-of-circumcision,s0133,3,0,3,0,no,
ethics-of-circumcision,s0136,3,0,3,0,no,
ethics-of-circumcision,s0143,3,0,3,0,no,
ethics-of-circumcision,s0144,3,0,3,0,no,
ethics-of-circumcision,s0147,3,0,3,0,no,
ethics-of-circumcision,s0148,3,0,3,0,no,
ethics-of-circumcision,s0149,3,0,3,0,no,
ethics-of-circumcision,s0151,3,0,3,0,no,
ethics-of-circumcision,s0152,3,0,3,0,no,
ethics-of-circumcision,s0153,3,0,3,0,no,
ethics-of-circumcision,s0155,3,0,3,0,no,
ethics-of-circumcision,s0156,3,0,3,0,no,
ethics-of-circumcision,s0158,3,0,3,0,no,
ethics-of-circumcision,s0159,3,0,3,0,no,
ethics-of-circumcision,s0160,3,0,3,0,no,
ethics-of-circumcision,s0161,3,0,3,0,no,
ethics-of-circumcision,s0162,3,0,3,0,no,
ethics-of-circumcision,s0163,3,0,3,0,no,
ethics-of-circumcision,s0164,1,0,1,0,yes,
ethics-of-circumcision,s0168,1,0,1,0,yes,
ethics-of-circumcision,s0170,3,0,3,0,no,
ethics-of-circumcision,s0171,3,0,3,0,no,
ethics-of-circumcision,s0172,3,0,3,0,no,
ethics-of-circumcision,s0174,3,0,3,0,no,
ethics-of-circumcision,s0175,3,0,3,0,no,
ethics-of-circumcision,s0176,3,0,3,0,no,
ethics-of-circumcision,s0178,3,0,3,0,no,
ethics-of-circumcision,s0179,3,0,3,0,no,
ethics-of-circumcision,s0181,3,0,3,0,no,
ethics-of-circumcision,s0182,3,0,3,0,no,
ethics-of-circumcision,s0200,3,0,3,0,no,
ethics-of-circumcision,s0207,3,0,3,0,no,
ethics-of-circumcision,s0208,3,0,3,0,no,
ethics-of-circumcision,s0210,3,0,3,0,no,
ethics-of-circumcision,s0211,3,0,3,0,no,
ethics-of-circumcision,s0212,3,0,3,0,no,
ethics-of-circumcision,s0214,2,0,2,0,yes,
ethics-of-circumcision,s0215,3,1,2,1,no,ethics-of-circumcision s0214
ethics-of-circumcision,s0233,3,0,3,0,no,
ethics-of-circumcision,s0237,3,0,3,0,no,
ethics-of-circumcision,s0238,3,0,3,0,no,
ethics-of-circumcision,s0239,3,0,3,0,no,
ethics-of-circumcision,s0241,3,0,3,0,no,
ethics-of-circumcision,s0242,2,0,2,0,yes,
ethics-of-circumcision,s0243,3,0,3,0,no,
ethics-of-circumcision,s0245,3,0,3,0,no,
ethics-of-circumcision,s0246,3,0,3,0,no,
ethics-of-circumcision,s0247,1,1,0,1,yes,ethics-of-circumcision s0242
ethics-of-circumcision,s0248,3,0,3,0,no,
ethics-of-circumcision,s0249,3,0,3,0,no,
ethics-of-circumcision,s0250,3,0,3,0,no,
ethics-of-circumcision,s0251,3,0,3,0,no,
ethics-of-circumcision,s0252,3,0,3,0,no,
ethics-of-circumcision,s0254,3,0,3,0,no,
ethics-of-circumcision,s0255,3,0,3,0,no,
ethics-of-circumcision,s0259,3,0,3,0,no,
ethics-of-circumcision,s0264,3,0,3,0,no,
ethics-of-circumcision,s0267,3,0,3,0,no,
ethics-of-circumcision,s0268,3,0,3,0,no,
ethics-of-circumcision,s0301,3,0,3,0,no,
ethics-of-circumcision,s0304,3,0,3,0,no,
ethics-of-circumcision,s0306,3,0,3,0,no,
ethics-of-circumcision,s0307,3,0,3,0,no,
ethics-of-circumcision,s0309,3,0,3,0,no,
ethics-of-circumcision,s0310,3,0,3,0,no,
ethics-of-circumcision,s0311,3,1,2,1,no,ethics-of-circumcision s0100
ethics-of-circumcision,s0317,3,0,3,0,no,
ethics-of-circumcision,s0318,3,0,3,0,no,
forced-circumcision,s0173,3,0,3,0,no,
forced-circumcision,s0175,3,0,3,0,no,
forced-circumcision,s0177,3,0,3,0,no,
forced-circumcision,s0179,3,0,3,0,no,
forced-circumcision,s0185,3,0,3,0,no,
forced-circumcision,s0191,3,0,3,0,no,
forced-circumcision,s0199,3,0,3,0,no,
forced-circumcision,s0200,3,0,3,0,no,
forced-circumcision,s0201,3,0,3,0,no,
forced-circumcision,s0205,3,0,3,0,no,
forced-circumcision,s0209,3,0,3,0,no,
forced-circumcision,s0213,3,0,3,0,no,
forced-circumcision,s0235,3,0,3,0,no,
forced-circumcision,s0237,3,0,3,0,no,
forced-circumcision,s0238,3,0,3,0,no,
forced-circumcision,s0259,3,0,3,0,no,
forced-circumcision,s0260,3,0,3,0,no,
forced-circumcision,s0261,3,0,3,0,no,
forced-circumcision,s0263,3,0,3,0,no,
forced-circumcision,s0264,3,0,3,0,no,
forced-circumcision,s0265,3,0,3,0,no,
forced-circumcision,s0266,3,0,3,0,no,
forced-circumcision,s0267,3,0,3,0,no,
forced-circumcision,s0268,3,0,3,0,no,
forced-circumcision,s0269,3,0,3,0,no,
forced-circumcision,s0270,3,0,3,0,no,
forced-circumcision,s0271,3,0,3,0,no,
forced-circumcision,s0274,3,0,3,0,no,
forced-circumcision,s0275,3,0,3,0,no,
forced-circumcision,s0278,3,0,3,0,no,
foreskin,s0009,3,0,3,0,no,
foreskin,s0077,3,0,3,0,no,
foreskin,s0080,3,0,3,0,no,
foreskin,s0157,3,0,3,0,no,
foreskin,s0160,3,0,3,0,no,
foreskin,s0161,3,0,3,0,no,
foreskin,s0163,3,0,3,0,no,
foreskin,s0164,3,0,3,0,no,
foreskin,s0166,2,0,2,0,yes,
foreskin,s0167,3,1,2,1,no,foreskin s0166
foreskin,s0176,3,0,3,0,no,
foreskin,s0183,3,0,3,0,no,
foreskin,s0185,3,0,3,0,no,
foreskin,s0187,3,0,3,0,no,
foreskin,s0188,3,0,3,0,no,
foreskin,s0189,3,0,3,0,no,
foreskin,s0191,3,0,3,0,no,
foreskin,s0192,3,0,3,0,no,
foreskin,s0193,3,0,3,0,no,
foreskin,s0195,3,0,3,0,no,
foreskin,s0196,3,0,3,0,no,
foreskin,s0197,3,0,3,0,no,
foreskin,s0203,3,0,3,0,no,
foreskin,s0204,3,0,3,0,no,
foreskin,s0209,3,0,3,0,no,
foreskin,s0268,3,0,3,0,no,
foreskin,s0269,3,0,3,0,no,
foreskin,s0270,3,0,3,0,no,
foreskin,s0271,3,0,3,0,no,
foreskin,s0273,3,0,3,0,no,
foreskin,s0274,3,0,3,0,no,
foreskin,s0275,3,0,3,0,no,
foreskin,s0277,3,0,3,0,no,
foreskin,s0278,3,0,3,0,no,
foreskin,s0279,3,0,3,0,no,
foreskin,s0280,3,0,3,0,no,
foreskin,s0282,3,0,3,0,no,
foreskin,s0283,3,0,3,0,no,
foreskin,s0289,3,0,3,0,no,
foreskin-man,s0075,3,0,3,0,no,
foreskin-man,s0082,3,0,3,0,no,
foreskin-man,s0084,3,0,3,0,no,
foreskin-man,s0085,3,0,3,0,no,
foreskin-man,s0088,3,0,3,0,no,
foreskin-man,s0092,3,0,3,0,no,
foreskin-man,s0096,3,0,3,0,no,
foreskin-man,s0106,3,0,3,0,no,
foreskin-man,s0119,3,0,3,0,no,
foreskin-man,s0120,3,0,3,0,no,
foreskin-man,s0125,3,0,3,0,no,
foreskin-restoration,s0011,3,0,3,0,no,
foreskin-restoration,s0267,3,0,3,0,no,
foreskin-restoration,s0268,3,0,3,0,no,
history-of-circumcision,s0071,3,0,3,0,no,
history-of-circumcision,s0110,3,0,3,0,no,
history-of-circumcision,s0177,3,0,3,0,no,
history-of-circumcision,s0178,3,0,3,0,no,
history-of-circumcision,s0179,3,0,3,0,no,
history-of-circumcision,s0182,3,0,3,0,no,
history-of-circumcision,s0190,3,0,3,0,no,
history-of-circumcision,s0191,3,0,3,0,no,
history-of-circumcision,s0192,3,0,3,0,no,
history-of-circumcision,s0193,3,0,3,0,no,
history-of-circumcision,s0195,3,0,3,0,no,
history-of-circumcision,s0197,3,0,3,0,no,
history-of-circumcision,s0199,3,0,3,0,no,
history-of-circumcision,s0200,3,0,3,0,no,
history-of-circumcision,s0201,3,0,3,0,no,
history-of-circumcision,s0204,3,0,3,0,no,
khitan-circumcision,s0006,2,0,2,0,yes,
khitan-circumcision,s0007,3,0,3,0,no,
khitan-circumcision,s0081,3,0,3,0,no,
khitan-circumcision,s0126,3,0,3,0,no,
khitan-circumcision,s0146,3,0,3,0,no,
khitan-circumcision,s0147,3,0,3,0,no,
khitan-circumcision,s0148,3,0,3,0,no,
khitan-circumcision,s0150,3,0,3,0,no,
khitan-circumcision,s0151,3,0,3,0,no,
khitan-circumcision,s0153,3,0,3,0,no,
khitan-circumcision,s0154,3,0,3,0,no,
khitan-circumcision,s0156,3,0,3,0,no,
khitan-circumcision,s0157,3,0,3,0,no,
khitan-circumcision,s0180,3,0,3,0,no,
khitan-circumcision,s0181,3,0,3,0,no,
khitan-circumcision,s0182,3,0,3,0,no,
khitan-circumcision,s0185,3,0,3,0,no,
khitan-circumcision,s0198,3,0,3,0,no,
khitan-circumcision,s0199,3,0,3,0,no,
khitan-circumcision,s0201,3,0,3,0,no,
khitan-circumcision,s0202,3,0,3,0,no,
khitan-circumcision,s0203,3,0,3,0,no,
khitan-circumcision,s0205,3,0,3,0,no,
khitan-circumcision,s0206,3,0,3,0,no,
khitan-circumcision,s0207,2,0,2,0,yes,
khitan-circumcision,s0209,3,0,3,0,no,
khitan-circumcision,s0210,3,0,3,0,no,
khitan-circumcision,s0229,3,0,3,0,no,
khitan-circumcision,s0230,3,0,3,0,no,
meatal-stenosis,s0004,3,0,3,0,no,
meatal-stenosis,s0151,3,0,3,0,no,
meatal-stenosis,s0158,3,0,3,0,no,
meatal-stenosis,s0165,3,0,3,0,no,
meatal-stenosis,s0166,3,0,3,0,no,
meatal-stenosis,s0167,3,0,3,0,no,
mohel,s0004,3,0,3,0,no,
mohel,s0016,3,0,3,0,no,
mohel,s0068,3,0,3,0,no,
mohel,s0084,3,0,3,0,no,
mohel,s0100,3,0,3,0,no,
mohel,s0116,3,0,3,0,no,
mohel,s0118,3,0,3,0,no,
mohel,s0119,3,0,3,0,no,
mohel,s0121,3,0,3,0,no,
mohel,s0124,3,0,3,0,no,
mohel,s0125,3,0,3,0,no,
mohel,s0127,3,0,3,0,no,
mohel,s0128,3,0,3,0,no,
mohel,s0130,3,0,3,0,no,
mohel,s0131,3,0,3,0,no,
mohel,s0134,3,0,3,0,no,
mohel,s0136,3,0,3,0,no,
mohel,s0138,3,0,3,0,no,
mohel,s0139,3,0,3,0,no,
mohel,s0140,3,0,3,0,no,
mohel,s0158,3,0,3,0,no,
mohel,s0159,3,0,3,0,no,
mohel,s0172,3,0,3,0,no,
mohel,s0182,3,0,3,0,no,
mohel,s0224,3,0,3,0,no,
mohel,s0225,3,0,3,0,no,
mohel,s0226,3,0,3,0,no,
mohel,s0229,3,0,3,0,no,
mohel,s0230,3,0,3,0,no,
paraphimosis,s0112,3,0,3,0,no,
paraphimosis,s0173,3,0,3,0,no,
paraphimosis,s0174,3,0,3,0,no,
paraphimosis,s0181,3,0,3,0,no,
paraphimosis,s0203,3,0,3,0,no,
paraphimosis,s0204,3,0,3,0,no,
penile-subincision,s0092,3,0,3,0,no,
penile-subincision,s0094,3,0,3,0,no,
penile-subincision,s0096,3,0,3,0,no,
penile-subincision,s0116,3,0,3,0,no,
penile-subincision,s0123,3,0,3,0,no,
penile-subincision,s0129,3,0,3,0,no,
penile-subincision,s0139,3,0,3,0,no,
phimosis,s0075,3,0,3,0,no,
phimosis,s0142,3,0,3,0,no,
phimosis,s0155,3,0,3,0,no,
phimosis,s0156,3,0,3,0,no,
phimosis,s0206,3,0,3,0,no,
phimosis,s0209,3,0,3,0,no,
phimosis,s0246,3,0,3,0,no,
phimosis,s0261,3,0,3,0,no,
phimosis,s0262,3,0,3,0,no,
phimosis,s0265,2,0,2,0,yes,
phimosis,s0266,3,0,3,0,no,
phimosis,s0272,3,0,3,0,no,
phimosis,s0274,3,0,3,0,no,
phimosis,s0276,3,0,3,0,no,
phimosis,s0287,3,0,3,0,no,
prevalence-of-circumcision,s0053,3,0,3,0,no,
prevalence-of-circumcision,s0054,3,0,3,0,no,
prevalence-of-circumcision,s0057,3,0,3,0,no,
prevalence-of-circumcision,s0090,3,0,3,0,no,
prevalence-of-circumcision,s0095,3,0,3,0,no,
prevalence-of-circumcision,s0098,3,0,3,0,no,
redundant-prepuce,s0096,3,0,3,0,no,
redundant-prepuce,s0101,3,0,3,0,no,
redundant-prepuce,s0106,3,0,3,0,no,
redundant-prepuce,s0163,3,0,3,0,no,
religion-and-circumcision,s0187,3,0,3,0,no,
religion-and-circumcision,s0188,3,0,3,0,no,
religion-and-circumcision,s0199,3,0,3,0,no,
religion-and-circumcision,s0203,3,0,3,0,no,
religion-and-circumcision,s0208,3,0,3,0,no,
religion-and-circumcision,s0210,3,0,3,0,no,
religion-and-circumcision,s0211,3,0,3,0,no,
religion-and-circumcision,s0214,3,0,3,0,no,
religion-and-circumcision,s0216,3,0,3,0,no,
religion-and-circumcision,s0217,3,0,3,0,no,
religion-and-circumcision,s0218,3,0,3,0,no,
religion-and-circumcision,s0219,3,0,3,0,no,
religion-and-circumcision,s0223,3,0,3,0,no,
religion-and-circumcision,s0225,3,0,3,0,no,
religion-and-circumcision,s0227,3,0,3,0,no,
stapler-circumcision,s0005,3,0,3,0,no,
stapler-circumcision,s0104,3,0,3,0,no,
stapler-circumcision,s0127,3,0,3,0,no,
stapler-circumcision,s0139,3,0,3,0,no,
stapler-circumcision,s0145,3,0,3,0,no,
stapler-circumcision,s0209,3,0,3,0,no,
stapler-circumcision,s0211,3,0,3,0,no,
ulwaluko,s0040,3,0,3,0,no,
ulwaluko,s0050,3,0,3,0,no,
ulwaluko,s0081,3,0,3,0,no,
ulwaluko,s0083,3,0,3,0,no,
ulwaluko,s0085,2,0,2,0,yes,
ulwaluko,s0099,3,0,3,0,no,
ulwaluko,s0100,3,0,3,0,no,
ulwaluko,s0102,3,0,3,0,no,
ulwaluko,s0103,3,0,3,0,no,
ulwaluko,s0109,3,0,3,0,no,
ulwaluko,s0110,3,0,3,0,no,
ulwaluko,s0122,3,0,3,0,no,
ulwaluko,s0130,2,0,2,0,yes,
ulwaluko,s0131,3,1,2,1,no,ulwaluko s0130
ulwaluko,s0144,3,0,3,0,no,
ulwaluko,s0153,3,0,3,0,no,
ulwaluko,s0154,3,1,2,1,no,ulwaluko s0147
ulwaluko,s0176,3,0,3,0,no,
ulwaluko,s0177,3,0,3,0,no,
ulwaluko,s0181,3,0,3,0,no,
ulwaluko,s0182,3,0,3,0,no,
ulwaluko,s0183,3,0,3,0,no,
ulwaluko,s0185,3,0,3,0,no,
ulwaluko,s0189,3,0,3,0,no,
ulwaluko,s0207,3,0,3,0,no,
views-on-circumcision,s0003,3,0,3,0,no,
views-on-circumcision,s0005,3,0,3,0,no,
views-on-circumcision,s0066,3,0,3,0,no,
views-on-circumcision,s0069,3,0,3,0,no,
views-on-circumcision,s0070,3,0,3,0,no,
views-on-circumcision,s0071,3,0,3,0,no,
views-on-circumcision,s0073,3,0,3,0,no,
views-on-circumcision,s0074,3,0,3,0,no,
views-on-circumcision,s0075,3,0,3,0,no,
views-on-circumcision,s0077,3,0,3,0,no,
views-on-circumcision,s0078,3,0,3,0,no,
views-on-circumcision,s0079,3,0,3,0,no,
views-on-circumcision,s0080,3,0,3,0,no,
views-on-circumcision,s0082,3,0,3,0,no,
views-on-circumcision,s0083,3,0,3,0,no,
views-on-circumcision,s0084,3,0,3,0,no,
views-on-circumcision,s0086,3,0,3,0,no,
views-on-circumcision,s0087,3,0,3,0,no,
views-on-circumcision,s0089,3,0,3,0,no,
views-on-circumcision,s0090,3,0,3,0,no,
views-on-circumcision,s0091,1,0,1,0,yes,
views-on-circumcision,s0093,3,0,3,0,no,
views-on-circumcision,s0094,3,0,3,0,no,
views-on-circumcision,s0095,3,0,3,0,no,
views-on-circumcision,s0097,3,0,3,0,no,
views-on-circumcision,s0098,1,0,1,0,yes,
views-on-circumcision,s0099,3,0,3,0,no,
views-on-circumcision,s0101,3,0,3,0,no,
views-on-circumcision,s0102,3,0,3,0,no,
views-on-circumcision,s0104,3,0,3,0,no,
views-on-circumcision,s0105,3,0,3,0,no,
views-on-circumcision,s0113,3,0,3,0,no,
views-on-circumcision,s0119,3,0,3,0,no,
views-on-circumcision,s0121,3,0,3,0,no,
views-on-circumcision,s0122,3,0,3,0,no,
views-on-circumcision,s0123,3,0,3,0,no,
views-on-circumcision,s0126,2,0,2,0,yes,
views-on-circumcision,s0127,3,0,3,0,no,
views-on-circumcision,s0128,3,1,2,1,no,views-on-circumcision s0126
views-on-circumcision,s0129,3,0,3,0,no,
views-on-circumcision,s0131,3,0,3,0,no,
views-on-circumcision,s0132,3,0,3,0,no,
views-on-circumcision,s0133,3,0,3,0,no,
views-on-circumcision,s0135,3,0,3,0,no,
views-on-circumcision,s0136,3,0,3,0,no,
views-on-circumcision,s0137,3,0,3,0,no,
views-on-circumcision,s0155,3,0,3,0,no,
views-on-circumcision,s0168,3,0,3,0,no,
views-on-circumcision,s0171,3,0,3,0,no,
views-on-circumcision,s0172,3,0,3,0,no,
views-on-circumcision,s0178,3,0,3,0,no,
views-on-circumcision,s0179,3,0,3,0,no,
views-on-circumcision,s0184,1,0,1,0,yes,
views-on-circumcision,s0188,3,0,3,0,no,
views-on-circumcision,s0190,3,0,3,0,no,
views-on-circumcision,s0191,3,0,3,0,no,
