slug,r1_quote,r2_quote,r1_entry_id,r2_entry_id,same_entry,r1_favors,r2_favors,same_side,r1_verdict,r2_verdict,overlap_chars
ashley-montagu-resolution,reflecting broader academic tendencies to prioritize nurture amid ideological pressures against hereditarianism,"has faced critique for underemphasizing heritable population variances evident in later genomic studies, reflecting broader academic tendencies to prioritize nurture amid ideological pressures against hereditarianism",bulverism,appeal-to-motive,False,neutral,pro,False,flag,possible issue,111
brit-milah,"While some evidence suggests unmitigated neonatal pain may heighten responses to later vaccinations, the procedure's brevity and rapid healing—typically within one week—limit long-term sequelae in healthy infants.","While some evidence suggests unmitigated neonatal pain may heighten responses to later vaccinations, the procedure's brevity and rapid healing—typically within one week—limit long-term sequelae in healthy infants.",non-sequitur,non-sequitur,True,pro,pro,True,flag,possible issue,213
brit-milah,These positions counter activist claims of net harm by prioritizing randomized and cohort data over anecdotal or ideological critiques,These positions counter activist claims of net harm by prioritizing randomized and cohort data over anecdotal or ideological critiques,straw-man,straw-man,True,pro,pro,True,flag,possible issue,134
circumcision,"Neonatal circumcision in the first week enables near-painless outcomes under optimal blocks, given lower pre-phimosis sensitivity.","Neonatal circumcision in the first week enables near-painless outcomes under optimal blocks, given lower pre-phimosis sensitivity.",inconsistency,inconsistency,True,pro,pro,True,flag,possible issue,130
circumcision,"Anti-circumcision claims often use observational data, contrasting RCT strength and highlighting the value of causal over correlative evidence.","Anti-circumcision claims often use observational data, contrasting RCT strength and highlighting the value of causal over correlative evidence.",double-standard,double-standard,True,pro,pro,True,flag,flag,143
circumcision-and-law,"These variations underscore a pattern where empirical risk assessments favor regulated access over bans, countering advocacy from sources like secular NGOs that amplify rare complications without proportional context.","These variations underscore a pattern where empirical risk assessments favor regulated access over bans, countering advocacy from sources like secular NGOs that amplify rare complications without proportional context.",appeal-to-the-people,non-sequitur,False,pro,pro,True,flag,possible issue,217
circumcision-controversies,"In high-risk African settings, VMMC interventions have demonstrated epidemiological causality through time-series declines in incidence post-uptake, exceeding expectations from behavioral interventions alone","In high-risk African settings, VMMC interventions have demonstrated epidemiological causality through time-series declines in incidence post-uptake, exceeding expectations from behavioral interventions alone",post-hoc,post-hoc,True,pro,pro,True,flag,possible issue,207
circumcision-controversies,"In the case of neonatal circumcision, parental decisions reflect similar reasoning","In the case of neonatal circumcision, parental decisions reflect similar reasoning",false-analogy,false-analogy,True,pro,pro,True,flag,possible issue,82
circumcision-controversies,"Infant claims to bodily autonomy falter on grounds of incompetence, as neonates lack capacity for rational deliberation or foresight, rendering absolute deferral to adulthood philosophically incoherent and practically suboptimal.","Infant claims to bodily autonomy falter on grounds of incompetence, as neonates lack capacity for rational deliberation or foresight, rendering absolute deferral to adulthood philosophically incoherent and practically suboptimal.",straw-man,non-sequitur,False,pro,pro,True,flag,flag,229
circumcision-controversies,demand remains negligible—less than 1% of circumcised men pursue non-therapeutic reversals—suggesting widespread acceptance rather than latent dissatisfaction,demand remains negligible—less than 1% of circumcised men pursue non-therapeutic reversals—suggesting widespread acceptance rather than latent dissatisfaction,non-sequitur,non-sequitur,True,pro,pro,True,flag,flag,158
circumcision-controversies,"In low-prevalence contexts, these benefits accrue cumulatively over lifetime exposure, outweighing surgical risks when discounting deontological objections and focusing on empirical causality.","In low-prevalence contexts, these benefits accrue cumulatively over lifetime exposure, outweighing surgical risks when discounting deontological objections and focusing on empirical causality.",secundum-quid,over-extrapolation,False,pro,pro,True,flag,possible issue,192
circumcision-in-africa,"Complications in VMMC remain low at under 2%, far below traditional methods, supporting their causal role in averting infections amid ongoing HIV epidemics.","Complications in VMMC remain low at under 2%, far below traditional methods, supporting their causal role in averting infections amid ongoing HIV epidemics.",non-sequitur,non-sequitur,True,pro,pro,True,flag,possible issue,156
circumcision-in-africa,"In 2012, intactivists coordinated negative Amazon reviews to demote a book synthesizing evidence for circumcision's role in HIV control, illustrating ideological efforts to suppress data-driven discourse over scientific merit.","In 2012, intactivists coordinated negative Amazon reviews to demote a book synthesizing evidence for circumcision's role in HIV control, illustrating ideological efforts to suppress data-driven discourse over scientific merit.",nut-picking,nut-picking,True,pro,pro,True,flag,flag,226
ethics-of-circumcision,"Critiques framing infant circumcision as inherently non-therapeutic, thus presumptively harmful, falter against precedents in preventive pediatric medicine, where procedures like heel-stick blood sampling for newborn metabolic screening inflict comparable or greater procedural pain yet are standard","Critiques framing infant circumcision as inherently non-therapeutic, thus presumptively harmful, falter against precedents in preventive pediatric medicine, where procedures like heel-stick blood sampling for newborn metabolic screening inflict comparable or greater procedural pain yet are standard",false-analogy,false-analogy,True,pro,pro,True,flag,flag,299
ethics-of-circumcision,"Lower circumcision prevalence in Europe (typically under 20%, except among immigrant Muslim populations) is often cited as evidence of non-necessity, yet this reflects historical and cultural norms",yet this reflects historical and cultural norms—such as post-World War II abandonment in the UK and bans linked to anti-Jewish sentiments in antiquity—rather than superior medical outcomes,straw-man,guilt-by-association,False,pro,pro,True,flag,possible issue,47
ethics-of-circumcision,"This evidence prioritizes causal efficacy over deferred choice, as adult uptake failures undermine preventive efficacy.","This evidence prioritizes causal efficacy over deferred choice, as adult uptake failures undermine preventive efficacy.",begging-the-question,begging-the-question,True,pro,pro,True,flag,possible issue,119
ethics-of-circumcision,the UNCRC's silence on condemnation reflects an acknowledgment that proxy parental decisions can align with overall child welfare,as the UNCRC's silence on condemnation reflects an acknowledgment that proxy parental decisions can align with overall child welfare,argument-from-silence,argument-from-ignorance,False,pro,pro,True,flag,possible issue,129
female-genital-mutilation,"yet empirical comparisons reveal FGM's greater tissue loss (up to 80% in Type III) and zero net health gains, justifying the terminological distinction on harm-based grounds","yet empirical comparisons reveal FGM's greater tissue loss (up to 80% in Type III) and zero net health gains, justifying the terminological distinction on harm-based grounds",hasty-generalization,cherry-picking,False,pro,anti,False,flag,possible issue,173
female-genital-mutilation,"with empirical data showing higher FGM rates in Muslim-majority areas (e.g., 91% in Somalia) versus Christian ones (e.g., 24% in Kenya's Christian highlands) due to doctrinal variances","with empirical data showing higher FGM rates in Muslim-majority areas (e.g., 91% in Somalia) versus Christian ones (e.g., 24% in Kenya's Christian highlands) due to doctrinal variances",inconsistency,cum-hoc,False,neutral,neutral,True,flag,possible issue,184
female-genital-mutilation-act-2003,with critics in media and academia—often exhibiting left-leaning biases toward multicultural tolerance—arguing that condemnation risks stigmatizing minority cultures,with critics in media and academia—often exhibiting left-leaning biases toward multicultural tolerance—arguing that condemnation risks stigmatizing minority cultures,bulverism,appeal-to-motive,False,anti,anti,True,flag,possible issue,165
female-genital-mutilation-in-india,This tension underscores a causal divide: UN absolutism assumes uniform harm across contexts,"UN absolutism assumes uniform harm across contexts, yet empirical gaps in Asia-specific prevalence data—reliant on self-reported surveys—limit verification",straw-man,straw-man,True,pro,pro,True,flag,possible issue,50
female-genital-mutilation-in-new-zealand,This scarcity reflects effective legal deterrence and low cultural entrenchment,This scarcity reflects effective legal deterrence and low cultural entrenchment,inconsistency,inconsistency,True,neutral,neutral,True,flag,possible issue,79
female-genital-mutilation-in-nigeria,"These initiatives have correlated with prevalence declines among older birth cohorts, dropping from 56.3% in the 1959–1963 cohort to 25.5% in the 1994–1998 cohort per Demographic and Health Survey data, reflecting heightened awareness from policy campaigns.","These initiatives have correlated with prevalence declines among older birth cohorts, dropping from 56.3% in the 1959–1963 cohort to 25.5% in the 1994–1998 cohort per Demographic and Health Survey data, reflecting heightened awareness from policy campaigns.",false-cause,cum-hoc,False,neutral,neutral,True,flag,possible issue,257
female-genital-mutilation-in-nigeria,underscoring education and modernization as primary causal drivers,"Empirical patterns reveal stronger correlations between reduced FGM rates and socioeconomic factors such as higher maternal education and urban residence—where prevalence drops to 13% versus 24% in rural areas—than with targeted campaigns alone, underscoring education and modernization as primary causal drivers.",inconsistency,cum-hoc,False,neutral,neutral,True,flag,possible issue,66
female-genital-mutilation-in-the-united-states,the paucity of documented cases post-2017 suggests potential deterrence effects from heightened awareness and legal risks,the paucity of documented cases post-2017 suggests potential deterrence effects from heightened awareness and legal risks,inconsistency,inconsistency,True,neutral,neutral,True,flag,possible issue,121
forced-circumcision,encompassing procedures performed on infants incapable of consent,encompassing procedures performed on infants incapable of consent,persuasive-definition,inconsistency,False,anti,anti,True,flag,possible issue,65
foreskin,"forming the primary site for erogenous sensation, which remains unaffected by circumcision","forming the primary site for erogenous sensation, which remains unaffected by circumcision",inconsistency,inconsistency,True,pro,pro,True,flag,possible issue,90
mohel,"conferring lifelong protection when performed neonatally, as evidenced by lower HIV prevalence in circumcised populations","conferring lifelong protection when performed neonatally, as evidenced by lower HIV prevalence in circumcised populations",secundum-quid,cum-hoc,False,pro,pro,True,flag,possible issue,121
mohel,"Mainstream portrayals tend to prioritize autonomy arguments against non-consensual procedures, reflecting institutional biases toward secular norms","Mainstream portrayals tend to prioritize autonomy arguments against non-consensual procedures, reflecting institutional biases toward secular norms",bulverism,appeal-to-motive,False,pro,pro,True,flag,possible issue,147
prevalence-of-circumcision,"Program evaluations confirm population-level HIV incidence declines correlating with VMMC scale-up, independent of confounding factors like antiretroviral therapy expansion.","Program evaluations confirm population-level HIV incidence declines correlating with VMMC scale-up, independent of confounding factors like antiretroviral therapy expansion.",false-cause,cum-hoc,False,pro,pro,True,flag,possible issue,173
prevalence-of-female-genital-mutilation,"This fusion underscores how religious frameworks have causally entrenched the rite, countering claims of pure cultural autonomy.","This fusion underscores how religious frameworks have causally entrenched the rite, countering claims of pure cultural autonomy.",false-cause,cum-hoc,False,neutral,neutral,True,flag,flag,128
prevalence-of-female-genital-mutilation,"Recent declines in younger cohorts underscore campaign impacts, with under-15 prevalence below 5% in Uganda and Rwanda due to community-led initiatives, religious leader involvement, and enforcement of anti-FGM laws","Recent declines in younger cohorts underscore campaign impacts, with under-15 prevalence below 5% in Uganda and Rwanda due to community-led initiatives",false-cause,cum-hoc,False,anti,neutral,False,flag,possible issue,151
prohibition-of-female-circumcision-act-1985,Narratives attributing FGM persistence solely to socioeconomic factors like poverty have been overstated,Narratives attributing FGM persistence solely to socioeconomic factors like poverty have been overstated,straw-man,straw-man,True,anti,anti,True,possible issue,possible issue,104
religion-and-circumcision,though source biases in academic and media analyses often skew toward cultural relativism over causal health outcomes,though source biases in academic and media analyses often skew toward cultural relativism over causal health outcomes,bulverism,poisoning-the-well,False,pro,neutral,False,flag,possible issue,117
ulwaluko,yet empirical persistence underscores their adaptive fit within enduring Xhosa social fabrics,yet empirical persistence underscores their adaptive fit within enduring Xhosa social fabrics,appeal-to-tradition,appeal-to-tradition,True,pro,pro,True,flag,flag,93
ulwaluko,"Empirical audits reveal that core ritual elements under qualified custodians exhibit fewer failures, with escalated risks tracing primarily to modern encroachments such as fee-based, unregulated schools rather than inherent procedural flaws.","with escalated risks tracing primarily to modern encroachments such as fee-based, unregulated schools rather than inherent procedural flaws",inconsistency,no-true-scotsman,False,pro,pro,True,flag,possible issue,139
ulwaluko,"Implementation has yielded measurable safety improvements, with reported deaths in the Eastern Cape dropping from 453 between 2006 and 2011—amid widespread non-compliance—to 11 out of 10,794 initiates in the 2022 winter season, attributable to stricter licensing and health interventions.","dropping from 453 between 2006 and 2011—amid widespread non-compliance—to 11 out of 10,794 initiates in the 2022 winter season, attributable to stricter licensing and health interventions",cherry-picking,cum-hoc,False,pro,neutral,False,flag,possible issue,187
views-on-circumcision,"with surveys indicating that adult circumcised men report satisfaction rates comparable to uncircumcised peers, suggesting that consent-based objections may not align with observed outcomes","suggesting that consent-based objections may not align with observed outcomes. This tension highlights a reliance on deontological principles over consequentialist evaluations, where the absence of provable detriment challenges the urgency of prohibiting a procedure",irrelevant-conclusion,irrelevant-conclusion,True,pro,pro,True,flag,possible issue,77
women-unaffected-by-female-genital-cutting,"Type I (clitoridectomy, affecting ~80% of cases in some regions) involves minimal tissue removal analogous to hoodectomy in cosmetic procedures","Type I (clitoridectomy, affecting ~80% of cases in some regions) involves minimal tissue removal analogous to hoodectomy in cosmetic procedures",false-analogy,false-analogy,True,pro,pro,True,flag,flag,143
women-unaffected-by-female-genital-cutting,"Such distinctions reveal how source biases, including ethnocentric assumptions in academia, skew toward harm amplification over causal disaggregation of cultural versus procedural impacts.","Such distinctions reveal how source biases, including ethnocentric assumptions in academia, skew toward harm amplification over causal disaggregation of cultural versus procedural impacts.",bulverism,appeal-to-motive,False,pro,pro,True,flag,possible issue,188
women-unaffected-by-female-genital-cutting,"substantial proportions of women who have undergone the procedure express support for its continuation, indicating a lack of perceived personal detriment to well-being","substantial proportions of women who have undergone the procedure express support for its continuation, indicating a lack of perceived personal detriment to well-being",non-sequitur,non-sequitur,True,pro,pro,True,flag,flag,167
