slug,sources_listed,markers_total,highest_marker,markers_beyond_list,distinct_numbers_beyond,sources_never_cited,sentences,sentences_uncited,pct_sentences_uncited,table_rows,table_rows_uncited,paragraphs,paragraphs_uncited
ashley-montagu-resolution,59,161,59,0,0,0,246,90,36.6,0,0,64,4
brit-milah,195,311,195,0,0,0,368,102,27.7,6,2,95,9
brit-shalom-naming-ceremony,39,91,39,0,0,0,135,57,42.2,6,6,40,5
children-act-1989-amendment-female-genital-mutilation-act-2019,48,113,2019,1,1,0,147,43,29.3,0,0,45,0
circumcision,258,394,259,1,1,0,475,173,36.4,12,7,108,12
circumcision-and-hiv,135,221,135,0,0,0,280,89,31.8,5,5,67,1
circumcision-and-law,218,304,2000,1,1,0,418,151,36.1,0,0,109,3
circumcision-controversies,153,175,153,0,0,0,232,81,34.9,0,0,62,5
circumcision-controversy-in-early-christianity,101,158,101,0,0,0,212,69,32.5,0,0,55,1
circumcision-in-africa,133,215,132,0,0,1,287,97,33.8,15,15,70,2
circumcision-in-brunei,24,28,21,0,0,3,57,31,54.4,0,0,20,3
circumcision-in-china,36,46,32,0,0,4,71,32,45.1,0,0,25,4
circumcision-in-the-bible,39,87,39,0,0,0,139,56,40.3,0,0,41,2
circumcision-of-jesus,80,142,80,0,0,0,189,59,31.2,0,0,47,0
circumcision-surgical-procedure,154,299,2025,8,4,0,337,114,33.8,5,1,81,3
clitoridectomy,127,237,127,0,0,0,270,70,25.9,5,1,67,1
cost-of-circumcision-surgery-in-chaozhou,27,88,26,0,0,1,164,83,50.6,0,0,61,10
cultural-views-on-circumcision-aesthetics,68,80,68,0,0,0,134,60,44.8,0,0,42,1
ethics-of-circumcision,187,278,187,0,0,0,327,92,28.1,0,0,92,0
feast-of-the-circumcision-of-christ,81,100,76,0,0,5,182,88,48.4,0,0,50,0
female-genital-mutilation,3,177,76,153,73,0,347,180,51.9,10,7,90,33
female-genital-mutilation-act-2003,95,179,95,0,0,0,262,93,35.5,0,0,73,4
female-genital-mutilation-in-india,96,222,97,1,1,0,269,85,31.6,0,0,74,0
female-genital-mutilation-in-new-zealand,34,109,34,0,0,0,161,60,37.3,0,0,50,7
female-genital-mutilation-in-nigeria,71,165,71,0,0,0,209,68,32.5,0,0,56,0
female-genital-mutilation-in-sudan,67,231,67,0,0,0,292,83,28.4,0,0,79,0
female-genital-mutilation-in-the-gambia,38,125,38,0,0,0,161,52,32.3,18,18,43,5
female-genital-mutilation-in-the-united-kingdom,54,147,54,0,0,0,225,89,39.6,0,0,64,11
female-genital-mutilation-in-the-united-states,103,195,103,0,0,0,250,74,29.6,0,0,67,1
female-genital-mutilation-laws-by-country,155,260,155,0,0,0,319,125,39.2,34,6,82,8
forced-circumcision,134,206,134,0,0,0,288,99,34.4,6,6,72,1
forced-circumcision-of-minors-in-south-korea,22,43,21,0,0,1,62,24,38.7,0,0,20,2
foreskin,165,266,165,0,0,0,295,71,24.1,5,1,74,4
foreskin-man,82,141,82,0,0,0,159,47,29.6,0,0,44,0
foreskin-restoration,55,194,55,0,0,0,293,115,39.2,0,0,92,26
gishiri-cutting,58,166,58,0,0,0,199,51,25.6,0,0,55,0
history-of-circumcision,119,171,119,0,0,0,235,80,34.0,6,1,57,2
holy-prepuce,21,97,23,2,2,0,161,76,47.2,0,0,39,0
infibulation,126,194,126,0,0,0,249,75,30.1,0,0,69,0
international-day-of-zero-tolerance-for-female-genital-mutilation,97,214,97,0,0,0,254,65,25.6,0,0,67,0
khitan-circumcision,111,190,111,0,0,0,241,77,32.0,5,1,65,1
lipodermos,18,77,16,0,0,2,139,66,47.5,0,0,37,2
meatal-stenosis,60,158,58,0,0,2,172,41,23.8,0,0,43,0
mohel,126,189,126,0,0,0,233,82,35.2,0,0,59,4
paraphimosis,49,164,45,0,0,4,212,80,37.7,0,0,56,0
penile-subincision,45,115,45,0,0,0,154,49,31.8,0,0,40,1
phimosis,107,263,107,0,0,0,331,116,35.0,11,7,78,9
prevalence-of-circumcision,105,173,105,0,0,0,231,92,39.8,7,6,61,5
prevalence-of-female-genital-mutilation,129,198,128,0,0,1,257,84,32.7,5,5,67,1
prohibition-of-female-circumcision-act-1985,43,105,43,0,0,0,159,64,40.3,0,0,47,5
redundant-prepuce,41,107,37,0,0,4,167,68,40.7,0,0,63,7
religion-and-circumcision,131,160,131,0,0,0,228,87,38.2,0,0,52,0
religious-views-on-female-genital-mutilation,108,148,107,0,0,1,202,75,37.1,0,0,55,1
restoration-device,63,182,63,0,0,0,274,111,40.5,0,0,69,0
stapler-circumcision,38,119,32,0,0,6,225,118,52.4,0,0,83,16
ulwaluko,96,203,96,0,0,0,230,59,25.7,5,5,66,1
views-on-circumcision,2,143,114,139,112,0,195,66,33.8,0,0,53,5
women-unaffected-by-female-genital-cutting,56,132,56,0,0,0,189,74,39.2,4,1,48,2
