slug,quote,entry_id,entry_name,reason,favors,confidence,verdict
ashley-montagu-resolution,reflecting broader academic tendencies to prioritize nurture amid ideological pressures against hereditarianism,bulverism,Bulverism,The article treats Montagu's race work as mistaken and explains it by ideological pressure in academia instead of showing the error.,neutral,medium,flag
ashley-montagu-resolution,though institutional biases in mid-20th-century anthropology often amplified environmental explanations at the expense of causal genetic mechanisms,bulverism,Bulverism,"Environmental explanations are assumed to be overweighted and the cause is put down to institutional bias, with no evidence that they were wrong.",neutral,low,flag
ashley-montagu-resolution,"Empirical data from cohort studies, such as increased cesarean needs (OR 1.3-2.0) in cut women, underscored causal harms",observational-interpretation,Observational interpretation fallacy,"An odds ratio from cohort (observational) studies is presented as establishing causal harm, with no mention of confounders.",anti,low,flag
ashley-montagu-resolution,"the resolution's categorical condemnation overlooked systematic reviews documenting net health benefits for neonatal male circumcision, including 50-60% reductions in heterosexual HIV acquisition",secundum-quid,Secundum quid,"The HIV reduction comes from trials of adult men in high-prevalence settings, but it is listed without that qualification as a benefit of neonatal circumcision in general.",pro,medium,flag
brit-milah,"with empirical evidence indicating neonatal circumcision confers protections against urinary tract infections, penile cancer, and heterosexual HIV transmission",secundum-quid,Secundum quid,"The HIV evidence comes from trials of adult men in high-prevalence settings, but it is stated without that qualification as a protection conferred by neonatal circumcision.",pro,medium,flag
brit-milah,"While some evidence suggests unmitigated neonatal pain may heighten responses to later vaccinations, the procedure's brevity and rapid healing—typically within one week—limit long-term sequelae in healthy infants.",non-sequitur,Non sequitur,"The evidence raised is about lasting pain sensitivity after an unanaesthetised procedure, and the quickness of the cut and of wound healing does not answer it; no more specific entry fits (it is not a change of topic or an attack on a source).",pro,medium,flag
brit-milah,These positions counter activist claims of net harm by prioritizing randomized and cohort data over anecdotal or ideological critiques,straw-man,Straw man,"The section just above shows critics citing bioethics journals, complication rates and documented herpes cases, yet their case is recast as anecdotal or ideological so the medical bodies' data can be said to answer it.",pro,medium,flag
circumcision,"Neonatal circumcision in the first week enables near-painless outcomes under optimal blocks, given lower pre-phimosis sensitivity.",inconsistency,Inconsistency,"The same paragraph reports that blocks 'lessen but do not erase pain' and give 60–70% reductions that 'fall short of elimination', then concludes the procedure is near-painless without squaring the two.",pro,low,flag
circumcision,"Neonatal or childhood circumcision reduces the risk of invasive penile cancer, with a meta-analysis of case-control studies showing an odds ratio of 0.33 (95% CI 0.13–0.83) for men circumcised before adulthood versus uncircumcised men.",double-standard,Double standard,"A few paragraphs earlier the article says observational findings of harm (SIDS, autism) show 'association, not causation', but here it reads an observational (case-control) odds ratio pointing to benefit as proof that circumcision reduces risk.",pro,medium,flag
circumcision,"While critics highlight limited absolute risk reductions in low-prevalence areas, systematic reviews confirm overall net benefits without harm to sexual function or sensitivity.",appeal-to-authority,Appeal to authority (illegitimate),"The article itself reports that expert bodies disagree (Canadian Paediatric Society, RACP, Royal Dutch Medical Association), yet 'systematic reviews confirm' is used to settle the net-benefit question and the critics' point is left unanswered.",pro,medium,flag
circumcision,"Anti-circumcision claims often use observational data, contrasting RCT strength and highlighting the value of causal over correlative evidence.",double-standard,Double standard,"Opposing claims are marked down for resting on observational data, while the benefits in the table just above (the ~90% UTI reduction, which the article says comes from 'meta-analyses of observational studies') are counted at full weight.",pro,high,flag
circumcision-and-hiv,Critics' reliance on selective or low-quality data is contrasted with the robustness of RCT evidence,straw-man,Straw man,"The article's own account of the critics includes objections to the trials' design (no blinding, early stopping, volunteer selection), yet their case is summed up as resting on selective or low-quality data so that the trials can be said to answer it.",pro,low,flag
circumcision-and-law,"These variations underscore a pattern where empirical risk assessments favor regulated access over bans, countering advocacy from sources like secular NGOs that amplify rare complications without proportional context.",appeal-to-the-people,Appeal to the people,"The fact that most European states allow the practice is treated as showing what the evidence on risk favours, when it only shows what lawmakers chose.",pro,low,flag
circumcision-controversies,"In high-risk African settings, VMMC interventions have demonstrated epidemiological causality through time-series declines in incidence post-uptake, exceeding expectations from behavioral interventions alone",post-hoc,Post hoc ergo propter hoc,"Falling HIV incidence after circumcision programs began is said to demonstrate causation, but the only comparison offered is with behavioural interventions, and the antiretroviral treatment scale-up of the same years is not addressed.",pro,medium,flag
circumcision-controversies,"In the case of neonatal circumcision, parental decisions reflect similar reasoning",false-analogy,False analogy,"Circumcision is likened to vaccination and orthodontics to justify proxy consent, but vaccines guard against threats in childhood itself and orthodontics treats a present problem, while the benefits claimed for neonatal circumcision mostly arrive in adulthood, when the person could decide for himself.",pro,medium,flag
circumcision-controversies,"These effects extend to broader public health gains, including decreased healthcare burdens from preventable infections, justifying proxy interventions where net benefits accrue to dependents and society despite the child's inability to consent.",secundum-quid,Secundum quid,"The population benefit comes from trials of adult men in high-HIV African settings, yet it is used without that qualification to justify proxy decisions on infants in general.",pro,medium,flag
circumcision-controversies,"Infant claims to bodily autonomy falter on grounds of incompetence, as neonates lack capacity for rational deliberation or foresight, rendering absolute deferral to adulthood philosophically incoherent and practically suboptimal.",straw-man,Straw man,"The article earlier gives the opponents' view as deferring the choice 'until maturity when personal agency can be exercised', which rests on the infant's lack of capacity; the rebuttal treats it as a claim that infants exercise autonomy now.",pro,medium,flag
circumcision-controversies,demand remains negligible—less than 1% of circumcised men pursue non-therapeutic reversals—suggesting widespread acceptance rather than latent dissatisfaction,non-sequitur,Non sequitur,"Low uptake of restoration is read as acceptance even though the same sentence says restoration gives inconsistent results with possible complications, which on its own explains low demand; no more specific entry fits.",pro,low,flag
circumcision-controversies,"In low-prevalence contexts, these benefits accrue cumulatively over lifetime exposure, outweighing surgical risks when discounting deontological objections and focusing on empirical causality.",secundum-quid,Secundum quid,"The 60% HIV figure, which the same paragraph says applies 'in high-prevalence regions', is carried over without that qualification to claim net benefit in low-prevalence settings.",pro,medium,flag
circumcision-controversies,"Prioritizing observable utilities over subjective proxies, the procedure's net causal effect favors reduced disease transmission over unsubstantiated pleasure deficits.",mcnamara-fallacy,McNamara fallacy,"Sexual pleasure is subjective by nature, but it is set aside as a 'subjective proxy' so that only the measurable infection outcomes count in the net judgement.",pro,medium,flag
circumcision-in-africa,"Complications in VMMC remain low at under 2%, far below traditional methods, supporting their causal role in averting infections amid ongoing HIV epidemics.",non-sequitur,Non sequitur,"A low complication rate says the procedure is safe; it gives no support to the claim that the programmes caused fewer HIV infections, and no more specific entry describes the gap.",pro,medium,flag
circumcision-in-africa,"In 2012, intactivists coordinated negative Amazon reviews to demote a book synthesizing evidence for circumcision's role in HIV control, illustrating ideological efforts to suppress data-driven discourse over scientific merit.",nut-picking,Nut-picking,"One episode of review-bombing is presented as showing what anti-circumcision advocacy is like, with nothing to show it is typical of the movement.",pro,medium,flag
circumcision-in-africa,"These actions, from sources with apparent conflicts tied to advocacy rather than epidemiological expertise",circumstantial-ad-hominem,Circumstantial ad hominem,"Critics' advocacy ties are offered as a reason to set their position aside, rather than answering their arguments on the merits.",pro,low,flag
clitoridectomy,"Medicalization by clinicians in some regions has been proposed to mitigate harms but empirically fails to eliminate risks and may normalize the practice, underscoring causal links between the procedure's irreversibility and lifelong physiological and psychological detriment.",non-sequitur,Non sequitur,"Whether medicalization removes risks or normalizes the practice says nothing about a causal link between irreversibility and lifelong harm, yet it is presented as underscoring one.",anti,low,flag
cultural-views-on-circumcision-aesthetics,Scientific studies show no consistent overall preference or significant difference in female sexual satisfaction between circumcised and uncircumcised partners; results are mixed and often depend on cultural context.,inconsistency,Inconsistency,"The same section later says a 2019 systematic review found a preference for circumcised penises in the overwhelming majority of studies, even in low-circumcision settings, and both claims are used to reach its summary without the clash being noticed.",neutral,low,flag
ethics-of-circumcision,"These causal data from high-quality RCTs and meta-analyses establish an empirical threshold where harms—primarily acute pain and rare complications—do not predominate, precluding classification as net harm",secundum-quid,Secundum quid,Trial results from adult men in high-HIV African settings are applied without qualification to infant circumcision in general to rule out net harm.,pro,medium,flag
ethics-of-circumcision,"Critiques framing infant circumcision as inherently non-therapeutic, thus presumptively harmful, falter against precedents in preventive pediatric medicine, where procedures like heel-stick blood sampling for newborn metabolic screening inflict comparable or greater procedural pain yet are standard",false-analogy,False analogy,"Heel-prick screening removes no tissue and must be done in infancy to catch disease in time, while circumcision is a permanent removal of tissue whose benefits can mostly wait for later, so matching pain levels does not carry the conclusion.",pro,medium,flag
ethics-of-circumcision,"for instance, systematic reviews affirm circumcision reduces UTI risk by 90% in infancy and heterosexual HIV acquisition by 50-60% based on randomized controlled trials (RCTs) in high-prevalence settings, benefits that scale population-wide despite low baseline risks",relative-risk-framing,Relative-risk framing (absolute risk left out),"The critics' point about small absolute risk reductions is answered only with relative figures, and the text asserts that benefits scale despite low baseline risk without weighing the absolute numbers it gave just before.",pro,medium,flag
ethics-of-circumcision,"Lower circumcision prevalence in Europe (typically under 20%, except among immigrant Muslim populations) is often cited as evidence of non-necessity, yet this reflects historical and cultural norms",straw-man,Straw man,"The critics' point is that Europe manages with low circumcision rates, which is a claim of non-necessity, but the reply rebuts a claim of 'superior medical outcomes' that they did not make, and it even concedes comparable disease rates.",pro,medium,flag
ethics-of-circumcision,the UNCRC's silence on condemnation reflects an acknowledgment that proxy parental decisions can align with overall child welfare,argument-from-silence,Argument from silence,"The convention names almost no specific practices, so its not condemning male circumcision is no sign that it accepts it.",pro,medium,flag
ethics-of-circumcision,"This evidence prioritizes causal efficacy over deferred choice, as adult uptake failures undermine preventive efficacy.",begging-the-question,Begging the question,"Calling adults' choice not to be circumcised a 'failure' already assumes the procedure should happen, which is the very point in dispute between infant and deferred decisions.",pro,low,flag
female-genital-mutilation,"yet empirical comparisons reveal FGM's greater tissue loss (up to 80% in Type III) and zero net health gains, justifying the terminological distinction on harm-based grounds",hasty-generalization,Hasty generalization,"The objection concerns labelling all forms of FGM, including pricking and hood removal, but the reply backs a blanket distinction with figures from the most extensive type only.",pro,low,flag
female-genital-mutilation,"with empirical data showing higher FGM rates in Muslim-majority areas (e.g., 91% in Somalia) versus Christian ones (e.g., 24% in Kenya's Christian highlands) due to doctrinal variances",inconsistency,Inconsistency,"Earlier the article says religion 'does not independently drive FGM', underscoring 'cultural primacy over theology', but here it explains rate differences by doctrine, and both claims are relied on without noting the conflict.",neutral,low,flag
female-genital-mutilation,"However, empirical evidence highlights fundamental differences in procedure, health outcomes, and functional impacts, rendering the practices non-equivalent in severity.",irrelevant-conclusion,Irrelevant conclusion,"The comparison it answers rests on both being non-consensual cutting of minors that infringes autonomy, but the reply establishes only a difference in severity and presents that as the answer.",pro,low,flag
female-genital-mutilation-act-2003,with critics in media and academia—often exhibiting left-leaning biases toward multicultural tolerance—arguing that condemnation risks stigmatizing minority cultures,bulverism,Bulverism,The critics' concern is explained away by their supposed political bias instead of being shown wrong.,anti,medium,flag
female-genital-mutilation-act-2003,underscoring realism that unchecked migration without assimilation enforces de facto exemptions from universal prohibitions,inconsistency,Inconsistency,"The article argues that unintegrated migrant clusters keep FGM going in the UK, yet it also reports that UK-performed cases on resident girls are as few as eight and that severe types among minors are 'exceedingly rare', and it relies on both without reconciling them.",anti,medium,flag
female-genital-mutilation-in-india,This tension underscores a causal divide: UN absolutism assumes uniform harm across contexts,straw-man,Straw man,"The UN and WHO position, described earlier in the same article, sorts FGM into four types by extent; it holds all forms harmful but does not assume uniform harm, so the reply attacks a stronger view than the one held.",pro,low,flag
female-genital-mutilation-in-new-zealand,This scarcity reflects effective legal deterrence and low cultural entrenchment,inconsistency,Inconsistency,"The lead treats the lack of recorded cases as real and credits the law, while a later section says low detection 'often masks ongoing occurrences' and official rarity may understate risk, and both are relied on without reconciling them.",neutral,medium,flag
female-genital-mutilation-in-new-zealand,"empirical observations from obstetric surveys indicating rising encounters with FGM sequelae among migrant patients, underscoring causal links between selective immigration from FGM-endemic regions and sustained vulnerability",non-sequitur,Non sequitur,"Seeing more migrant mothers who were cut before arriving does not show that girls in New Zealand remain at risk, which is the conclusion drawn.",anti,medium,flag
female-genital-mutilation-in-nigeria,"These initiatives have correlated with prevalence declines among older birth cohorts, dropping from 56.3% in the 1959–1963 cohort to 25.5% in the 1994–1998 cohort per Demographic and Health Survey data, reflecting heightened awareness from policy campaigns.",false-cause,False cause,"Most of those cohorts were cut, or not, as children long before the 2003 campaign day and the 2015–2025 policies, so the decline cannot be credited to these initiatives just because the two go together.",neutral,medium,flag
female-genital-mutilation-in-nigeria,underscoring education and modernization as primary causal drivers,inconsistency,Inconsistency,"An earlier section credits the cohort decline to awareness from policy campaigns, while this one names education and modernization as the main causes on the strength of correlations, and the two accounts are not reconciled.",neutral,low,flag
female-genital-mutilation-in-the-gambia,studies indicate 77% of adverse neonatal outcomes link to FGM-affected mothers,base-rate-fallacy,Base-rate fallacy,"About 73% of Gambian women have undergone FGM, as the same article reports, so a 77% share of adverse outcomes among their babies says little on its own, yet it is offered as evidence of elevated risk.",anti,medium,flag
female-genital-mutilation-in-the-united-states,"Empirical data from immigrant cohorts show that geographic isolation and community cohesion maintain prevalence levels akin to homelands, rather than inevitable assimilation-driven decline.",inconsistency,Inconsistency,"The article earlier says in its own voice that there is no reliable measurement of FGM actually performed in the US, yet here it states that data show diaspora prevalence matching the homelands.",anti,medium,flag
female-genital-mutilation-in-the-united-states,the paucity of documented cases post-2017 suggests potential deterrence effects from heightened awareness and legal risks,inconsistency,Inconsistency,"Here the scarcity of cases is taken as a sign of deterrence, while an earlier section of the same article treats the same scarcity as evidence of limited deterrent impact.",neutral,medium,flag
female-genital-mutilation-laws-by-country,"From 2020 to 2025, global FGM cases rose 15% to over 230 million, partly fueled by medicalized forms in urbanizing areas, underscoring how professional involvement legitimizes the practice rather than eroding it",false-cause,False cause,"A rise in the total number of living women with FGM is credited to medicalization, and taken as proof that medical involvement legitimizes the practice, without ruling out population growth or revised estimates as the driver.",anti,low,flag
forced-circumcision,"Empirical data from regions like eastern Africa highlight procedural complications in up to 10-20% of coerced initiations, underscoring the causal link between non-consent and adverse outcomes.",false-cause,False cause,"High complication rates in unsterile traditional initiations are credited to the lack of consent, rather than to the setting and practitioners, which the article itself names as the risk factors.",anti,medium,flag
forced-circumcision,encompassing procedures performed on infants incapable of consent,persuasive-definition,Persuasive definition,"The article stretches 'forced' to cover routine infant circumcision, building in the contested verdict that it is coercion, and later concedes that forced cases differ from infant procedures, where force is rarely applied.",anti,medium,flag
forced-circumcision,"with policy divergences often tracing to cultural familiarity—male practices normalized in Abrahamic traditions and Western medicine, while FGC is exoticized as barbaric",bulverism,Bulverism,"Right after its own table lists differences in harm severity, the article explains the legal distinction between male and female cutting by cultural bias, rather than showing that the stated harm-based reason is wrong.",anti,low,flag
forced-circumcision-of-minors-in-south-korea,exempting them from criminal liability under the Criminal Act due to the absence of state involvement,non-sequitur,Non sequitur,"The lack of state involvement explains why the Constitutional Court declined the complaint, but it does not follow that private acts are exempt from criminal law, which governs private conduct.",neutral,medium,flag
foreskin,"forming the primary site for erogenous sensation, which remains unaffected by circumcision",inconsistency,Inconsistency,"The article states the glans is unaffected by circumcision, but in its own voice it also says the glans surface thickens and keratinizes after circumcision.",pro,low,flag
gishiri-cutting,"Absence of efficacy is further inferred from fistula repair success rates, where gishiri-induced lesions require surgical correction without prior functional gains.",unrepresentative-sample,Unrepresentative sample,"The article judges whether the procedure works using women who came to fistula centers with injuries from it, a sample that by its makeup cannot show any benefit for women who were not harmed.",anti,medium,flag
infibulation,"UK NHS data recorded 37,615 FGM-affected women and girls accessing services cumulatively through March 2024, including Type III cases often performed clandestinely by healthcare providers to evade detection",non-sequitur,Non sequitur,"A count of women with FGM seen by the NHS, most of whom were cut before migrating, is offered as evidence that medicalized infibulation is emerging in European diasporas, which the figure does not show.",anti,medium,flag
international-day-of-zero-tolerance-for-female-genital-mutilation,"This initiative has supported national strategies leading to declines in prevalence, such as in Egypt where reported FGM rates among girls aged 0-14 fell from 74% in 1995 to under 10% by 2021",false-cause,False cause,"A decline measured from 1995 is credited to a programme that started in 2008, with no attempt to separate its effect from the earlier trend.",anti,low,flag
khitan-circumcision,"Empirical medical evidence indicates that male circumcision reduces risks of urinary tract infections in infancy, penile cancer, and heterosexual HIV acquisition by up to 60% in high-prevalence areas, with benefits outweighing rare complications like bleeding or adhesions when performed neonatally under sterile conditions.",secundum-quid,Secundum quid,"The 60% HIV figure comes from trials of adult volunteers, yet it is folded into a benefit-outweighs-risk verdict for neonatal circumcision without noting the difference in age.",pro,low,flag
meatal-stenosis,"Meatal stenosis primarily affects males, with an estimated global incidence of 8-10% among circumcised individuals.",inconsistency,Inconsistency,"The lead says large database studies put incidence below 1% and that small referral-based cohorts may overestimate, yet this section presents the higher cohort figures as the global rate without reconciling the two.",anti,low,flag
mohel,"conferring lifelong protection when performed neonatally, as evidenced by lower HIV prevalence in circumcised populations",secundum-quid,Secundum quid,"Results from trials of adult African volunteers are extended to lifelong protection from neonatal ritual circumcision, supported only by population-level prevalence differences.",pro,medium,flag
mohel,"Mainstream portrayals tend to prioritize autonomy arguments against non-consensual procedures, reflecting institutional biases toward secular norms",bulverism,Bulverism,Explains away the autonomy-based criticism by attributing it to institutional bias instead of answering it.,pro,medium,flag
phimosis,often linked to untreated physiological cases progressing to pathology,inconsistency,Inconsistency,"Earlier the article states there is no evidence that physiological phimosis predisposes to the pathological form, yet here it relies on that progression to explain higher phimosis rates in low-circumcision countries.",pro,medium,flag
prevalence-of-circumcision,"Program evaluations confirm population-level HIV incidence declines correlating with VMMC scale-up, independent of confounding factors like antiretroviral therapy expansion.",false-cause,False cause,"A correlation between program scale-up and falling incidence is presented as confirmed causation, with the main confounder (ART expansion) dismissed without support.",pro,medium,flag
prevalence-of-female-genital-mutilation,"Empirical data from repeated cross-sectional surveys underscore that while absolute numbers grow with demographics, targeted interventions have reduced type III procedures (infibulation) in some cohorts, highlighting causal links between education, legal enforcement, and attitude shifts over blanket prohibitions.",false-cause,False cause,"Repeated cross-sectional surveys show trends over time but cannot by themselves establish that the interventions caused the reductions, yet the sentence asserts causal links.",anti,low,flag
prevalence-of-female-genital-mutilation,"This fusion underscores how religious frameworks have causally entrenched the rite, countering claims of pure cultural autonomy.",false-cause,False cause,"Cross-sectional differences in prevalence by religion and ethnicity are treated as proof that religion causally entrenched the practice, without ruling out ethnic and regional confounders.",neutral,medium,flag
prevalence-of-female-genital-mutilation,"Recent declines in younger cohorts underscore campaign impacts, with under-15 prevalence below 5% in Uganda and Rwanda due to community-led initiatives, religious leader involvement, and enforcement of anti-FGM laws",false-cause,False cause,"The article has just said Uganda has been below 1% for over 30 years and Rwanda's rate is negligible, so low child prevalence there cannot show that recent campaigns caused a decline.",anti,medium,flag
prohibition-of-female-circumcision-act-1985,"The empirical record of zero convictions under the Act demonstrated its primarily symbolic function, with no deterrent effect evidenced in court outcomes.",non-sequitur,Non sequitur,"A lack of convictions does not show a lack of deterrence, since a law could deter without ever producing a conviction, so the conclusion does not follow.",anti,medium,flag
prohibition-of-female-circumcision-act-1985,"This approach contrasted with stricter enforcement of similar child welfare laws in non-cultural contexts, revealing a causal prioritization of multicultural harmony over consistent application of bodily integrity standards.",false-cause,False cause,"An unsourced contrast in enforcement is treated as proof that multicultural deference caused the gaps, ignoring the detection and evidence problems the article itself describes.",anti,low,flag
prohibition-of-female-circumcision-act-1985,Narratives attributing FGM persistence solely to socioeconomic factors like poverty have been overstated,straw-man,Straw man,"Knocks down an unattributed position that poverty is the sole cause, which no source in the text is shown to hold. Settling it would need a source in the text that actually claims poverty is the sole cause.",anti,low,possible issue
prohibition-of-female-circumcision-act-1985,"as evidenced by global health data showing FGM's complication rates far exceeding those of male circumcision (e.g., up to 15-30% acute issues in some FGM types versus under 1% for males in controlled settings)",cherry-picking,Cherry-picking,"Compares the most severe FGM types against male circumcision under the best controlled conditions, although the article itself describes milder Type I and IV forms that the Act also bans, to support the claim that the legal distinction reflects no bias.",pro,medium,flag
religion-and-circumcision,though source biases in academic and media analyses often skew toward cultural relativism over causal health outcomes,bulverism,Bulverism,Discounts critical academic and media analyses by attributing them to bias rather than engaging their content.,pro,low,flag
religious-views-on-female-genital-mutilation,These terminological preferences often reflect cultural relativism rather than procedural neutrality,bulverism,Bulverism,Dismisses the preference for the term 'cutting' by attributing it to the motive of cultural relativism instead of assessing it on its merits.,anti,low,flag
religious-views-on-female-genital-mutilation,"The notion that FGM is intrinsically linked to Islam lacks empirical support, as the practice shows higher rates among animist and Christian populations in certain African regions compared to many Muslim-majority areas.",cherry-picking,Cherry-picking,"Rests on selected contrasts such as Saudi Arabia, Pakistan and Ethiopia, while data the article itself states (Burkina Faso Muslims about 75% vs Christians 50%; Mali 89%) point the other way and go unanswered.",neutral,medium,flag
restoration-device,"This gap reflects broader institutional hesitancy toward patient-driven interventions countering routine circumcision, where formal studies remain scarce.",bulverism,Bulverism,Explains medical skepticism and the lack of trials by imputing institutional motives rather than addressing the evidential point the skeptics make.,anti,low,flag
restoration-device,"trace their efficacy to the empirical validation of tissue expansion rates averaging 0.5-1 cm per month under 500-1000 grams of force, as reported in practitioner forums and device testing",inconsistency,Inconsistency,"The article says peer-reviewed efficacy data are absent and outcomes rest on self-reports, yet here it calls forum reports 'empirical validation' of efficacy.",anti,low,flag
ulwaluko,yet empirical persistence underscores their adaptive fit within enduring Xhosa social fabrics,appeal-to-tradition,Appeal to tradition,"Treats the practice's long persistence as enough to show its values are a good fit, answering the critique about gender hierarchy with no account of why they work.",pro,medium,flag
ulwaluko,"However, ethnographic accounts from initiated men consistently report enhanced self-perception and social integration post-rite, underscoring its perceived efficacy in identity solidification despite external debates.",irrelevant-conclusion,Irrelevant conclusion,"Answers the criticism that the rite entrenches rigid gender expectations and marginalizes non-conformists with initiates' own satisfaction, which does not address that point.",pro,low,flag
ulwaluko,"Empirical audits reveal that core ritual elements under qualified custodians exhibit fewer failures, with escalated risks tracing primarily to modern encroachments such as fee-based, unregulated schools rather than inherent procedural flaws.",inconsistency,Inconsistency,"The article itself describes no anesthesia, shared unsterilized blades, deliberately induced dehydration and herbal dressings as standard traditional practice, yet here it treats risk as coming from modern encroachments rather than the procedure.",pro,medium,flag
ulwaluko,"Data from Mthatha-based research underscores low overt gay participation not as coerced rejection but as practical incompatibility, with initiates navigating dual lives post-ritual, suggesting cultural fit drives outcomes over institutional barriers.",non-sequitur,Non sequitur,The cited evidence (a small study whose participants report internal conflict and hiding their identities) does not support the conclusion that low gay participation reflects cultural fit rather than barriers.,pro,medium,flag
ulwaluko,"Implementation has yielded measurable safety improvements, with reported deaths in the Eastern Cape dropping from 453 between 2006 and 2011—amid widespread non-compliance—to 11 out of 10,794 initiates in the 2022 winter season, attributable to stricter licensing and health interventions.",cherry-picking,Cherry-picking,"Sets a six-year death total against one favourable season and credits the drop to licensing, while the article also reports 39 deaths by August 2025 and around 60 a year recently.",pro,medium,flag
views-on-circumcision,"lower than the mortality risk associated with common pediatric surgeries like appendectomy, which exceeds 1% in infants under one year",false-analogy,False analogy,"Compares elective surgery on healthy newborns with emergency appendectomy in sick infants; the difference in baseline illness explains the mortality gap, so the comparison does not show circumcision is comparatively safe.",pro,medium,flag
views-on-circumcision,"with surveys indicating that adult circumcised men report satisfaction rates comparable to uncircumcised peers, suggesting that consent-based objections may not align with observed outcomes",irrelevant-conclusion,Irrelevant conclusion,"The consent objection concerns who decides, not how satisfied men later are, so satisfaction data address a different question and do not answer it.",pro,medium,flag
views-on-circumcision,undermining exaggerated characterizations of the procedure as inherently mutilative absent comparative data from other genital interventions,irrelevant-conclusion,Irrelevant conclusion,"Low short-term complication rates do not bear on whether removing healthy tissue without consent counts as mutilation, which is the point at issue.",pro,low,flag
views-on-circumcision,"This analogy persists despite fundamental disparities: FGM offers no established health benefits and entails severe complications including urinary issues and increased mortality risks, whereas voluntary medical male circumcision (VMMC) demonstrates empirical benefits such as reduced heterosexual HIV acquisition.",secundum-quid,Secundum quid,"Answers an analogy aimed at non-therapeutic circumcision of minors by citing benefits of voluntary adult circumcision in high-HIV African settings, carrying a result from one context into another.",pro,medium,flag
women-unaffected-by-female-genital-cutting,"Such distinctions reveal how source biases, including ethnocentric assumptions in academia, skew toward harm amplification over causal disaggregation of cultural versus procedural impacts.",bulverism,Bulverism,Attributes harm findings to ethnocentric bias in the researchers instead of showing those findings are wrong.,pro,medium,flag
women-unaffected-by-female-genital-cutting,"substantial proportions of women who have undergone the procedure express support for its continuation, indicating a lack of perceived personal detriment to well-being",non-sequitur,Non sequitur,"Support for continuing a social norm for one's daughters does not show the woman perceived no personal harm, since social pressure and marriageability motives, which the article itself describes, can explain support.",pro,medium,flag
women-unaffected-by-female-genital-cutting,"Type I (clitoridectomy, affecting ~80% of cases in some regions) involves minimal tissue removal analogous to hoodectomy in cosmetic procedures",false-analogy,False analogy,"Likens all Type I to cosmetic hood reduction, although the article's own definition of Type I includes partial or total removal of the clitoral glans, a relevant difference.",pro,medium,flag
women-unaffected-by-female-genital-cutting,This suggests that reported physical complaints in FGC-affected women may often stem from stigma or access barriers rather than the cutting procedure.,hasty-generalization,Hasty generalization,A general conclusion about women affected by FGC everywhere is drawn from one cross-sectional study of Somali women living in Arizona.,pro,medium,flag
women-unaffected-by-female-genital-cutting,"Cohort studies report no procedure-independent elevation in physical morbidities, with adverse events more tied to social exclusion than anatomical changes (e.g., 16.6% recent gynecological events unrelated to FGC status).",unrepresentative-sample,Unrepresentative sample,"The supporting figure comes from the Arizona Somali study, which the article itself describes as mostly Type I/II, yet it is used to draw conclusions about Type III infibulation.",pro,medium,flag
women-unaffected-by-female-genital-cutting,"Legal bans, such as Kenya's 2011 Prohibition of Female Genital Mutilation Act, have often driven the practice underground and spurred medicalization rather than cessation.",inconsistency,Inconsistency,"The article's lead says prevalence declines were 'driven by legal bans, education campaigns, and community-led abandonment', but here it says bans produced medicalization rather than cessation, without reconciling the two.",pro,medium,flag
women-unaffected-by-female-genital-cutting,"Demographic and Health Surveys (DHS) across practicing countries corroborate higher endorsement rates among women compared to men, underscoring self-perpetuation over imposed victimhood.",non-sequitur,Non sequitur,"Women endorsing the practice more than men does not show it is not imposed, since social pressure on women, which the article itself describes, could produce the same pattern.",pro,low,flag
