passage,slug,start,end,reviewers,n_reviewers,r1_favors,r2_favors,r3_favors,r1_entry_ids,r2_entry_ids,r3_entry_ids,side,n_reviewers_same_side,same_side_reviewers,all_three_same_side,at_least_two_same_side,shared_entry_ids,r1_quote,r2_quote,r3_quote
1,ashley-montagu-resolution,4008,4224,"1,2,3",3,neutral,pro,neutral,bulverism,appeal-to-motive,bulverism,neutral,2,"1,3",False,True,bulverism,reflecting broader academic tendencies to prioritize nurture amid ideological pressures against hereditarianism,"has faced critique for underemphasizing heritable population variances evident in later genomic studies, reflecting broader academic tendencies to prioritize nurture amid ideological pressures against hereditarianism",reflecting broader academic tendencies to prioritize nurture amid ideological pressures against hereditarianism
2,ashley-montagu-resolution,5128,5275,1,1,neutral,,,bulverism,,,,1,,False,False,,though institutional biases in mid-20th-century anthropology often amplified environmental explanations at the expense of causal genetic mechanisms,,
3,ashley-montagu-resolution,9482,9602,1,1,anti,,,observational-interpretation,,,,1,,False,False,,"Empirical data from cohort studies, such as increased cesarean needs (OR 1.3-2.0) in cut women, underscored causal harms",,
4,ashley-montagu-resolution,38822,39017,"1,3",2,pro,,pro,secundum-quid,,over-extrapolation,pro,2,"1,3",False,True,,"the resolution's categorical condemnation overlooked systematic reviews documenting net health benefits for neonatal male circumcision, including 50-60% reductions in heterosexual HIV acquisition",,"the resolution's categorical condemnation overlooked systematic reviews documenting net health benefits for neonatal male circumcision, including 50-60% reductions in heterosexual HIV acquisition"
5,ashley-montagu-resolution,45036,45139,2,1,,pro,,,suppressed-evidence,,,1,,False,False,,,"Overall, evidence-based assessments conclude that benefits outweigh risks for infant male circumcision.",
6,brit-milah,2039,2198,"1,3",2,pro,,pro,secundum-quid,,over-extrapolation,pro,2,"1,3",False,True,,"with empirical evidence indicating neonatal circumcision confers protections against urinary tract infections, penile cancer, and heterosexual HIV transmission",,"with empirical evidence indicating neonatal circumcision confers protections against urinary tract infections, penile cancer, and heterosexual HIV transmission"
7,brit-milah,26975,27188,"1,2,3",3,pro,pro,pro,non-sequitur,non-sequitur,non-sequitur,pro,3,"1,2,3",True,True,non-sequitur,"While some evidence suggests unmitigated neonatal pain may heighten responses to later vaccinations, the procedure's brevity and rapid healing—typically within one week—limit long-term sequelae in healthy infants.","While some evidence suggests unmitigated neonatal pain may heighten responses to later vaccinations, the procedure's brevity and rapid healing—typically within one week—limit long-term sequelae in healthy infants.","While some evidence suggests unmitigated neonatal pain may heighten responses to later vaccinations, the procedure's brevity and rapid healing—typically within one week—limit long-term sequelae in healthy infants."
8,brit-milah,58536,58670,"1,2",2,pro,pro,,straw-man,straw-man,,pro,2,"1,2",False,True,straw-man,These positions counter activist claims of net harm by prioritizing randomized and cohort data over anecdotal or ideological critiques,These positions counter activist claims of net harm by prioritizing randomized and cohort data over anecdotal or ideological critiques,
9,children-act-1989-amendment-female-genital-mutilation-act-2019,22844,23053,"2,3",2,,neutral,anti,,post-hoc,post-hoc,,1,,False,False,,,"recorded 199 applications for female genital mutilation (FGM) protection orders in family courts for that year, reflecting an initial surge likely tied to expanded procedural access under section 8 proceedings",reflecting an initial surge likely tied to expanded procedural access under section 8 proceedings
10,children-act-1989-amendment-female-genital-mutilation-act-2019,23060,23197,3,1,,,anti,,,non-sequitur,,1,,False,False,,,,"Subsequent years showed variability, with 136 applications in 2020, 54 in 2021, and 71 in 2022, indicating a modest post-amendment uptick"
11,circumcision,10901,11031,"1,2,3",3,pro,pro,pro,inconsistency,inconsistency,inconsistency,pro,3,"1,2,3",True,True,inconsistency,"Neonatal circumcision in the first week enables near-painless outcomes under optimal blocks, given lower pre-phimosis sensitivity.","Neonatal circumcision in the first week enables near-painless outcomes under optimal blocks, given lower pre-phimosis sensitivity.","Neonatal circumcision in the first week enables near-painless outcomes under optimal blocks, given lower pre-phimosis sensitivity."
12,circumcision,24933,25182,3,1,,,anti,,,ecological-fallacy,,1,,False,False,,,,"Lifetime UTI prevalence in men shows little variance between high-circumcision contexts like the United States (13-14%) and low-circumcision nations like Sweden (13-14%), implying that infantile benefits exert negligible influence on cumulative risk"
13,circumcision,28914,29149,1,1,pro,,,double-standard,,,,1,,False,False,,"Neonatal or childhood circumcision reduces the risk of invasive penile cancer, with a meta-analysis of case-control studies showing an odds ratio of 0.33 (95% CI 0.13–0.83) for men circumcised before adulthood versus uncircumcised men.",,
14,circumcision,54750,54927,"1,3",2,pro,,pro,appeal-to-authority,,inconsistency,pro,2,"1,3",False,True,,"While critics highlight limited absolute risk reductions in low-prevalence areas, systematic reviews confirm overall net benefits without harm to sexual function or sensitivity.",,"While critics highlight limited absolute risk reductions in low-prevalence areas, systematic reviews confirm overall net benefits without harm to sexual function or sensitivity."
15,circumcision,72184,72327,"1,2,3",3,pro,pro,pro,double-standard,double-standard,double-standard,pro,3,"1,2,3",True,True,double-standard,"Anti-circumcision claims often use observational data, contrasting RCT strength and highlighting the value of causal over correlative evidence.","Anti-circumcision claims often use observational data, contrasting RCT strength and highlighting the value of causal over correlative evidence.","Anti-circumcision claims often use observational data, contrasting RCT strength and highlighting the value of causal over correlative evidence."
16,circumcision-and-hiv,48411,48602,3,1,,,pro,,,non-sequitur,,1,,False,False,,,,"These results hold despite potential underreporting biases in self-reported behaviors, as HIV incidence trends in circumcised cohorts remained 50–60% lower than expected without compensation."
17,circumcision-and-hiv,52417,52517,1,1,pro,,,straw-man,,,,1,,False,False,,Critics' reliance on selective or low-quality data is contrasted with the robustness of RCT evidence,,
18,circumcision-and-law,2906,3129,2,1,,pro,,,poisoning-the-well,,,1,,False,False,,,"critics invoke first-principles of non-maleficence, noting irreversible alteration without immediate medical necessity, amid source biases in advocacy-driven research that often amplify risks or understate cultural contexts",
19,circumcision-and-law,23914,24139,3,1,,,pro,,,irrelevant-conclusion,,1,,False,False,,,,"secular opposition has fueled debates framing it as a violation of autonomy, despite empirical data showing low complication rates (under 1% for trained providers) and no long-term functional deficits in peer-reviewed studies"
20,circumcision-and-law,26721,26938,"1,2,3",3,pro,pro,pro,appeal-to-the-people,non-sequitur,non-sequitur,pro,3,"1,2,3",True,True,non-sequitur,"These variations underscore a pattern where empirical risk assessments favor regulated access over bans, countering advocacy from sources like secular NGOs that amplify rare complications without proportional context.","These variations underscore a pattern where empirical risk assessments favor regulated access over bans, countering advocacy from sources like secular NGOs that amplify rare complications without proportional context.","These variations underscore a pattern where empirical risk assessments favor regulated access over bans, countering advocacy from sources like secular NGOs that amplify rare complications without proportional context."
21,circumcision-controversies,15595,15802,"1,2,3",3,pro,pro,pro,post-hoc,post-hoc,post-hoc,pro,3,"1,2,3",True,True,post-hoc,"In high-risk African settings, VMMC interventions have demonstrated epidemiological causality through time-series declines in incidence post-uptake, exceeding expectations from behavioral interventions alone","In high-risk African settings, VMMC interventions have demonstrated epidemiological causality through time-series declines in incidence post-uptake, exceeding expectations from behavioral interventions alone","In high-risk African settings, VMMC interventions have demonstrated epidemiological causality through time-series declines in incidence post-uptake, exceeding expectations from behavioral interventions alone"
22,circumcision-controversies,17734,17960,3,1,,,pro,,,non-sequitur,,1,,False,False,,,,"Meissner's corpuscle density in the foreskin decreases significantly with age—often by up to 90% by middle age—particularly after puberty when sexual activity increases, questioning their primary role in adult sexual pleasure."
23,circumcision-controversies,21514,21596,"1,2",2,pro,pro,,false-analogy,false-analogy,,pro,2,"1,2",False,True,false-analogy,"In the case of neonatal circumcision, parental decisions reflect similar reasoning","In the case of neonatal circumcision, parental decisions reflect similar reasoning",
24,circumcision-controversies,21961,22197,3,1,,,pro,,,false-analogy,,1,,False,False,,,,"Societal utility further bolsters parental discretion in circumcision, as the procedure contributes to population-level reductions in sexually transmitted infections, analogous to herd immunity dynamics observed in vaccination programs."
25,circumcision-controversies,22543,22788,1,1,pro,,,secundum-quid,,,,1,,False,False,,"These effects extend to broader public health gains, including decreased healthcare burdens from preventable infections, justifying proxy interventions where net benefits accrue to dependents and society despite the child's inability to consent.",,
26,circumcision-controversies,22795,23024,"1,2,3",3,pro,pro,pro,straw-man,non-sequitur,non-sequitur,pro,3,"1,2,3",True,True,non-sequitur,"Infant claims to bodily autonomy falter on grounds of incompetence, as neonates lack capacity for rational deliberation or foresight, rendering absolute deferral to adulthood philosophically incoherent and practically suboptimal.","Infant claims to bodily autonomy falter on grounds of incompetence, as neonates lack capacity for rational deliberation or foresight, rendering absolute deferral to adulthood philosophically incoherent and practically suboptimal.","Infant claims to bodily autonomy falter on grounds of incompetence, as neonates lack capacity for rational deliberation or foresight, rendering absolute deferral to adulthood philosophically incoherent and practically suboptimal."
27,circumcision-controversies,23194,23352,"1,2,3",3,pro,pro,pro,non-sequitur,non-sequitur,non-sequitur,pro,3,"1,2,3",True,True,non-sequitur,demand remains negligible—less than 1% of circumcised men pursue non-therapeutic reversals—suggesting widespread acceptance rather than latent dissatisfaction,demand remains negligible—less than 1% of circumcised men pursue non-therapeutic reversals—suggesting widespread acceptance rather than latent dissatisfaction,demand remains negligible—less than 1% of circumcised men pursue non-therapeutic reversals—suggesting widespread acceptance rather than latent dissatisfaction
28,circumcision-controversies,25231,25423,"1,2,3",3,pro,pro,pro,secundum-quid,over-extrapolation,inconsistency,pro,3,"1,2,3",True,True,,"In low-prevalence contexts, these benefits accrue cumulatively over lifetime exposure, outweighing surgical risks when discounting deontological objections and focusing on empirical causality.","In low-prevalence contexts, these benefits accrue cumulatively over lifetime exposure, outweighing surgical risks when discounting deontological objections and focusing on empirical causality.","In low-prevalence contexts, these benefits accrue cumulatively over lifetime exposure, outweighing surgical risks when discounting deontological objections and focusing on empirical causality."
29,circumcision-controversies,26215,26341,3,1,,,pro,,,far-fetched-hypothesis,,1,,False,False,,,,"Removal aligns the anatomy with contemporary sanitary realities, reducing these mismatches without invoking adaptive foresight"
30,circumcision-controversies,26836,26963,2,1,,pro,,,double-standard,,,1,,False,False,,,One study suggesting reduced penile sensitivity in circumcised groups relied on retrospective self-reports prone to recall bias,
31,circumcision-controversies,27385,27553,1,1,pro,,,mcnamara-fallacy,,,,1,,False,False,,"Prioritizing observable utilities over subjective proxies, the procedure's net causal effect favors reduced disease transmission over unsubstantiated pleasure deficits.",,
32,circumcision-controversies,31370,31576,2,1,,neutral,,,cum-hoc,,,1,,False,False,,,"state-level Medicaid policies have causally influenced neonatal circumcision rates: as of 2014, 18 states excluded routine coverage, correlating with rates 24 percentage points lower than in covering states",
33,circumcision-in-africa,31055,31211,"1,2,3",3,pro,pro,pro,non-sequitur,non-sequitur,non-sequitur,pro,3,"1,2,3",True,True,non-sequitur,"Complications in VMMC remain low at under 2%, far below traditional methods, supporting their causal role in averting infections amid ongoing HIV epidemics.","Complications in VMMC remain low at under 2%, far below traditional methods, supporting their causal role in averting infections amid ongoing HIV epidemics.","Complications in VMMC remain low at under 2%, far below traditional methods, supporting their causal role in averting infections"
34,circumcision-in-africa,58282,58413,3,1,,,pro,,,genetic-fallacy,,1,,False,False,,,,"Such positions, advanced by advocacy groups rather than peer-reviewed consensus, risk undermining combination prevention strategies"
35,circumcision-in-africa,58803,59029,"1,2",2,pro,pro,,nut-picking,nut-picking,,pro,2,"1,2",False,True,nut-picking,"In 2012, intactivists coordinated negative Amazon reviews to demote a book synthesizing evidence for circumcision's role in HIV control, illustrating ideological efforts to suppress data-driven discourse over scientific merit.","In 2012, intactivists coordinated negative Amazon reviews to demote a book synthesizing evidence for circumcision's role in HIV control, illustrating ideological efforts to suppress data-driven discourse over scientific merit.",
36,circumcision-in-africa,59036,59142,"1,3",2,pro,,pro,circumstantial-ad-hominem,,circumstantial-ad-hominem,pro,2,"1,3",False,True,circumstantial-ad-hominem,"These actions, from sources with apparent conflicts tied to advocacy rather than epidemiological expertise",,"These actions, from sources with apparent conflicts tied to advocacy rather than epidemiological expertise"
37,circumcision-of-jesus,16228,16338,3,1,,,neutral,,,inconsistency,,1,,False,False,,,,Interdenominational debates focus less on the event's historicity—universally accepted via Gospel attestation—
38,clitoridectomy,2434,2709,1,1,anti,,,non-sequitur,,,,1,,False,False,,"Medicalization by clinicians in some regions has been proposed to mitigate harms but empirically fails to eliminate risks and may normalize the practice, underscoring causal links between the procedure's irreversibility and lifelong physiological and psychological detriment.",,
39,clitoridectomy,34048,34145,3,1,,,anti,,,false-cause,,1,,False,False,,,,though enforcement of host-country bans has reduced incidence among second-generation communities
40,clitoridectomy,36976,37070,2,1,,neutral,,,inconsistency,,,1,,False,False,,,rates of extramarital sex and orgasm achievement remain comparable between cut and uncut women,
41,cultural-views-on-circumcision-aesthetics,1690,1906,1,1,neutral,,,inconsistency,,,,1,,False,False,,Scientific studies show no consistent overall preference or significant difference in female sexual satisfaction between circumcised and uncircumcised partners; results are mixed and often depend on cultural context.,,
42,cultural-views-on-circumcision-aesthetics,22306,22479,"2,3",2,,neutral,neutral,,inconsistency,inconsistency,neutral,2,"2,3",False,True,inconsistency,,"A 2019 systematic review of 29 studies published in Sexual Medicine found that in the overwhelming majority of studies, women expressed a preference for circumcised penises.","A 2019 systematic review of 29 studies published in Sexual Medicine found that in the overwhelming majority of studies, women expressed a preference for circumcised penises."
43,ethics-of-circumcision,6624,6774,"2,3",2,,pro,pro,,appeal-to-tradition,appeal-to-tradition,pro,2,"2,3",False,True,appeal-to-tradition,,"historical continuity in experienced communal hands suggests adaptive safety mechanisms, such as herbal antiseptics, enabling generational persistence","historical continuity in experienced communal hands suggests adaptive safety mechanisms, such as herbal antiseptics, enabling generational persistence"
44,ethics-of-circumcision,15063,15230,3,1,,,pro,,,inconsistency,,1,,False,False,,,,"modeling for a cohort of 1,000 circumcised newborns projected prevention of approximately 100-200 UTIs in infancy alone (given a baseline 1% incidence reduced to 0.1%)"
45,ethics-of-circumcision,16081,16273,2,1,,pro,,,double-standard,,,1,,False,False,,,"These findings counter unsubstantiated assertions of harm, as lower-quality self-report studies showing differences often suffer from recall bias or confounding factors like cultural attitudes",
46,ethics-of-circumcision,21333,21452,2,1,,pro,,,straw-man,,,1,,False,False,,,This framework privileges verifiable causal benefits—such as infection risk mitigation—over hypothetical future regrets,
47,ethics-of-circumcision,22460,22665,"1,3",2,pro,,pro,secundum-quid,,over-extrapolation,pro,2,"1,3",False,True,,"These causal data from high-quality RCTs and meta-analyses establish an empirical threshold where harms—primarily acute pain and rare complications—do not predominate, precluding classification as net harm",,These causal data from high-quality RCTs and meta-analyses establish an empirical threshold where harms—primarily acute pain and rare complications—do not predominate
48,ethics-of-circumcision,22791,23090,"1,2,3",3,pro,pro,pro,false-analogy,false-analogy,false-analogy,pro,3,"1,2,3",True,True,false-analogy,"Critiques framing infant circumcision as inherently non-therapeutic, thus presumptively harmful, falter against precedents in preventive pediatric medicine, where procedures like heel-stick blood sampling for newborn metabolic screening inflict comparable or greater procedural pain yet are standard","Critiques framing infant circumcision as inherently non-therapeutic, thus presumptively harmful, falter against precedents in preventive pediatric medicine, where procedures like heel-stick blood sampling for newborn metabolic screening inflict comparable or greater procedural pain yet are standard","Critiques framing infant circumcision as inherently non-therapeutic, thus presumptively harmful, falter against precedents in preventive pediatric medicine, where procedures like heel-stick blood sampling"
49,ethics-of-circumcision,23685,23794,2,1,,pro,,,straw-man,,,1,,False,False,,,Slippery slope arguments equating male circumcision to female genital mutilation (FGM) lack evidential parity,
50,ethics-of-circumcision,35255,35494,"2,3",2,,pro,pro,,non-sequitur,non-sequitur,pro,2,"2,3",False,True,non-sequitur,,"Reports of adult regret over neonatal circumcision remain infrequent, with reversal procedures sought by only a small minority—estimated at around 3 per 1,000 adult males in the U.S.—implying broad acceptance within these cultural milieus.","Reports of adult regret over neonatal circumcision remain infrequent, with reversal procedures sought by only a small minority—estimated at around 3 per 1,000 adult males in the U.S.—implying broad acceptance"
51,ethics-of-circumcision,36055,36253,"2,3",2,,pro,pro,,genetic-fallacy,appeal-to-tradition,pro,2,"2,3",False,True,,,"This environmental causality underscores how cultural persistence can embody practical responses to historical exigencies, validating continuity where no overriding harm is empirically demonstrated.","This environmental causality underscores how cultural persistence can embody practical responses to historical exigencies, validating continuity where no overriding harm is empirically demonstrated"
52,ethics-of-circumcision,42496,42662,"2,3",2,,pro,pro,,false-analogy,false-analogy,pro,2,"2,3",False,True,false-analogy,,"However, this framing overlooks its preventive classification in contexts analogous to vaccines, where interventions target rare but severe outcomes with net benefits","However, this framing overlooks its preventive classification in contexts analogous to vaccines"
53,ethics-of-circumcision,42664,42931,1,1,pro,,,relative-risk-framing,,,,1,,False,False,,"for instance, systematic reviews affirm circumcision reduces UTI risk by 90% in infancy and heterosexual HIV acquisition by 50-60% based on randomized controlled trials (RCTs) in high-prevalence settings, benefits that scale population-wide despite low baseline risks",,
54,ethics-of-circumcision,43357,43695,"1,2",2,pro,pro,,straw-man,guilt-by-association,,pro,2,"1,2",False,True,,"Lower circumcision prevalence in Europe (typically under 20%, except among immigrant Muslim populations) is often cited as evidence of non-necessity, yet this reflects historical and cultural norms",yet this reflects historical and cultural norms—such as post-World War II abandonment in the UK and bans linked to anti-Jewish sentiments in antiquity—rather than superior medical outcomes,
55,ethics-of-circumcision,43697,43814,3,1,,,pro,,,non-sequitur,,1,,False,False,,,,European nations exhibit comparable disease rates to high-circumcision regions when adjusted for hygiene and behavior
56,ethics-of-circumcision,46245,46419,2,1,,pro,,,relative-privation,,,1,,False,False,,,"The ethical calculus of circumcision pain weighs transient, mitigable distress against documented health gains, contrasting sharply with unanesthetized female genital cutting",
57,ethics-of-circumcision,52783,52951,3,1,,,pro,,,double-standard,,1,,False,False,,,,"surveys indicate that uncircumcised men rarely seek later intervention absent acute issues like phimosis, implying deferred decisions may forfeit cumulative protections"
58,ethics-of-circumcision,54086,54205,"1,2",2,pro,pro,,begging-the-question,begging-the-question,,pro,2,"1,2",False,True,begging-the-question,"This evidence prioritizes causal efficacy over deferred choice, as adult uptake failures undermine preventive efficacy.","This evidence prioritizes causal efficacy over deferred choice, as adult uptake failures undermine preventive efficacy.",
59,ethics-of-circumcision,64861,64993,"1,2,3",3,pro,pro,pro,argument-from-silence,argument-from-ignorance,argument-from-ignorance,pro,3,"1,2,3",True,True,argument-from-ignorance,the UNCRC's silence on condemnation reflects an acknowledgment that proxy parental decisions can align with overall child welfare,as the UNCRC's silence on condemnation reflects an acknowledgment that proxy parental decisions can align with overall child welfare,the UNCRC's silence on condemnation reflects an acknowledgment that proxy parental decisions can align with overall child welfare
60,female-genital-mutilation,5172,5345,"1,2,3",3,pro,anti,anti,hasty-generalization,cherry-picking,hasty-generalization,anti,2,"2,3",False,True,,"yet empirical comparisons reveal FGM's greater tissue loss (up to 80% in Type III) and zero net health gains, justifying the terminological distinction on harm-based grounds","yet empirical comparisons reveal FGM's greater tissue loss (up to 80% in Type III) and zero net health gains, justifying the terminological distinction on harm-based grounds","empirical comparisons reveal FGM's greater tissue loss (up to 80% in Type III) and zero net health gains, justifying the terminological distinction on harm-based grounds"
61,female-genital-mutilation,15927,16031,3,1,,,pro,,,bulverism,,1,,False,False,,,,though data quality varies due to underreporting in biased self-reports from advocacy-influenced surveys
62,female-genital-mutilation,34748,34932,"1,2,3",3,neutral,neutral,neutral,inconsistency,cum-hoc,cum-hoc,neutral,3,"1,2,3",True,True,cum-hoc,"with empirical data showing higher FGM rates in Muslim-majority areas (e.g., 91% in Somalia) versus Christian ones (e.g., 24% in Kenya's Christian highlands) due to doctrinal variances","with empirical data showing higher FGM rates in Muslim-majority areas (e.g., 91% in Somalia) versus Christian ones (e.g., 24% in Kenya's Christian highlands) due to doctrinal variances","with empirical data showing higher FGM rates in Muslim-majority areas (e.g., 91% in Somalia) versus Christian ones (e.g., 24% in Kenya's Christian highlands) due to doctrinal variances"
63,female-genital-mutilation,37710,37776,3,1,,,pro,,,straw-man,,1,,False,False,,,,This pattern challenges assumptions of universal female victimhood
64,female-genital-mutilation,44653,44752,3,1,,,anti,,,cum-hoc,,1,,False,False,,,,"nonetheless, the procedure's invasive trauma provides a plausible causal pathway absent in controls"
65,female-genital-mutilation,65092,65183,3,1,,,anti,,,inconsistency,,1,,False,False,,,,underscoring that attitude shifts seldom override entrenched norms absent coercive measures
66,female-genital-mutilation,68389,68558,1,1,pro,,,irrelevant-conclusion,,,,1,,False,False,,"However, empirical evidence highlights fundamental differences in procedure, health outcomes, and functional impacts, rendering the practices non-equivalent in severity.",,
67,female-genital-mutilation,69930,70195,2,1,,anti,,,cherry-picking,,,1,,False,False,,,"These disparities stem from anatomical realities: the clitoris is the primary female sexual organ analogous to the penis, with excision equating to partial penile amputation, whereas foreskin removal affects a protective sheath without excising core genital tissue.",
68,female-genital-mutilation,74517,74668,3,1,,,neutral,,,bulverism,,1,,False,False,,,,"These patterns suggest that global efforts, while data-driven in intent, are undermined by inconsistent application influenced by political correctness"
69,female-genital-mutilation-act-2003,13278,13581,3,1,,,anti,,,double-standard,,1,,False,False,,,,"In contrast, male circumcision removes the foreskin (with fewer nerve endings and partial sensory role) and, when voluntary and hygienic, reduces heterosexual HIV acquisition by 60% per randomized trials, alongside lower UTI and penile cancer rates, rendering it non-equivalent in harm-benefit calculus."
70,female-genital-mutilation-act-2003,39081,39246,"1,2,3",3,anti,anti,anti,bulverism,appeal-to-motive,bulverism,anti,3,"1,2,3",True,True,bulverism,with critics in media and academia—often exhibiting left-leaning biases toward multicultural tolerance—arguing that condemnation risks stigmatizing minority cultures,with critics in media and academia—often exhibiting left-leaning biases toward multicultural tolerance—arguing that condemnation risks stigmatizing minority cultures,critics in media and academia—often exhibiting left-leaning biases toward multicultural tolerance—arguing that condemnation risks stigmatizing minority cultures
71,female-genital-mutilation-act-2003,42269,42427,"2,3",2,,anti,anti,,cum-hoc,inconsistency,anti,2,"2,3",False,True,,,"yet data show unintegrated clusters—concentrated in areas like London boroughs with rates up to 47 per 1,000—perpetuate FGM through parallel social structures","data show unintegrated clusters—concentrated in areas like London boroughs with rates up to 47 per 1,000—perpetuate FGM through parallel social structures"
72,female-genital-mutilation-act-2003,42429,42552,1,1,anti,,,inconsistency,,,,1,,False,False,,underscoring realism that unchecked migration without assimilation enforces de facto exemptions from universal prohibitions,,
73,female-genital-mutilation-act-2003,50033,50134,3,1,,,anti,,,false-cause,,1,,False,False,,,,yet community-led education has demonstrably accelerated generational declines in UK-resident cohorts
74,female-genital-mutilation-act-2003,51511,51654,3,1,,,anti,,,inconsistency,,1,,False,False,,,,"Such measures underscore a relative weakness in the UK's hesitancy toward mandatory reporting or examinations, potentially limiting deterrence."
75,female-genital-mutilation-in-india,21926,22081,"2,3",2,,pro,pro,,inconsistency,inconsistency,pro,2,"2,3",False,True,inconsistency,,"These risks stem causally from procedural factors like lack of medical oversight, rather than inherent severity","These risks stem causally from procedural factors like lack of medical oversight, rather than inherent severity, as khatna aligns with WHO Type Ib cutting."
76,female-genital-mutilation-in-india,47809,48006,"1,2,3",3,pro,pro,pro,straw-man,straw-man,straw-man,pro,3,"1,2,3",True,True,straw-man,This tension underscores a causal divide: UN absolutism assumes uniform harm across contexts,"UN absolutism assumes uniform harm across contexts, yet empirical gaps in Asia-specific prevalence data—reliant on self-reported surveys—limit verification","UN absolutism assumes uniform harm across contexts, yet empirical gaps in Asia-specific prevalence data—reliant on self-reported surveys—limit verification"
77,female-genital-mutilation-in-new-zealand,2573,2652,"1,2,3",3,neutral,neutral,anti,inconsistency,inconsistency,inconsistency,neutral,2,"1,2",False,True,inconsistency,This scarcity reflects effective legal deterrence and low cultural entrenchment,This scarcity reflects effective legal deterrence and low cultural entrenchment,This scarcity reflects effective legal deterrence and low cultural entrenchment
78,female-genital-mutilation-in-new-zealand,14260,14485,"1,3",2,anti,,anti,non-sequitur,,non-sequitur,anti,2,"1,3",False,True,non-sequitur,"empirical observations from obstetric surveys indicating rising encounters with FGM sequelae among migrant patients, underscoring causal links between selective immigration from FGM-endemic regions and sustained vulnerability",,underscoring causal links between selective immigration from FGM-endemic regions and sustained vulnerability
79,female-genital-mutilation-in-new-zealand,29629,29838,2,1,,anti,,,cherry-picking,,,1,,False,False,,,"Downplaying views, prevalent in advocacy circles, rely on rarity claims but overlook how policy-driven inflows from non-assimilating sources inherently heighten odds, prioritizing volume over vetting efficacy.",
80,female-genital-mutilation-in-nigeria,4508,4631,3,1,,,neutral,,,inconsistency,,1,,False,False,,,,"The absence of doctrinal causation is evident in FGM's uniform occurrence across animist, Muslim, and Christian populations"
81,female-genital-mutilation-in-nigeria,31638,31895,"1,2,3",3,neutral,neutral,anti,false-cause,cum-hoc,false-cause,neutral,2,"1,2",False,True,,"These initiatives have correlated with prevalence declines among older birth cohorts, dropping from 56.3% in the 1959–1963 cohort to 25.5% in the 1994–1998 cohort per Demographic and Health Survey data, reflecting heightened awareness from policy campaigns.","These initiatives have correlated with prevalence declines among older birth cohorts, dropping from 56.3% in the 1959–1963 cohort to 25.5% in the 1994–1998 cohort per Demographic and Health Survey data, reflecting heightened awareness from policy campaigns.","These initiatives have correlated with prevalence declines among older birth cohorts, dropping from 56.3% in the 1959–1963 cohort to 25.5% in the 1994–1998 cohort per Demographic and Health Survey data, reflecting heightened awareness from policy campaigns."
82,female-genital-mutilation-in-nigeria,36164,36477,"1,2,3",3,neutral,neutral,neutral,inconsistency,cum-hoc,cum-hoc,neutral,3,"1,2,3",True,True,cum-hoc,underscoring education and modernization as primary causal drivers,"Empirical patterns reveal stronger correlations between reduced FGM rates and socioeconomic factors such as higher maternal education and urban residence—where prevalence drops to 13% versus 24% in rural areas—than with targeted campaigns alone, underscoring education and modernization as primary causal drivers.","Empirical patterns reveal stronger correlations between reduced FGM rates and socioeconomic factors such as higher maternal education and urban residence—where prevalence drops to 13% versus 24% in rural areas—than with targeted campaigns alone, underscoring education and modernization as primary causal drivers."
83,female-genital-mutilation-in-sudan,1751,1814,3,1,,,anti,,,false-cause,,1,,False,False,,,,a modest decline observed since 2010 due to awareness campaigns
84,female-genital-mutilation-in-sudan,48938,49144,3,1,,,neutral,,,non-sequitur,,1,,False,False,,,,"While prevalence stood at 87% among women aged 15-49 in 2023, varying by ethnicity and geography, the absence of enforced bans amid ongoing hostilities underscores how wartime disorder regresses prior gains"
85,female-genital-mutilation-in-sudan,55747,55906,"2,3",2,,neutral,neutral,,circumstantial-ad-hominem,bulverism,neutral,2,"2,3",False,True,,,"International NGOs and media, often institutionally inclined toward highlighting legislative ""wins"" to sustain funding and narratives, have overstated progress","International NGOs and media, often institutionally inclined toward highlighting legislative ""wins"" to sustain funding and narratives, have overstated progress"
86,female-genital-mutilation-in-sudan,56468,56705,3,1,,,neutral,,,non-sequitur,,1,,False,False,,,,"Such approaches, integrating education with accountability frameworks and indirect economic support via donor-funded trainings, avoid resistance by addressing practitioners' motivations, outperforming bans that drive underground activity"
87,female-genital-mutilation-in-the-gambia,2635,2713,"1,3",2,anti,,anti,base-rate-fallacy,,base-rate-fallacy,anti,2,"1,3",False,True,base-rate-fallacy,studies indicate 77% of adverse neonatal outcomes link to FGM-affected mothers,,studies indicate 77% of adverse neonatal outcomes link to FGM-affected mothers
88,female-genital-mutilation-in-the-gambia,10042,10262,3,1,,,anti,,,cum-hoc,,1,,False,False,,,,"77% of those with no education report their daughters cut, versus 72% with primary and 68% with secondary or higher education, indicating that formal schooling disrupts transmission by challenging cultural justifications"
89,female-genital-mutilation-in-the-united-kingdom,23039,23240,3,1,,,anti,,,false-cause,,1,,False,False,,,,"These changes reflected causal links between lax prior enforcement—zero convictions from 1985 to 2014—and persistent cultural practices, prioritizing empirical deterrence over multicultural relativism."
90,female-genital-mutilation-in-the-united-states,13917,14106,"1,3",2,anti,,anti,inconsistency,,inconsistency,anti,2,"1,3",False,True,inconsistency,"Empirical data from immigrant cohorts show that geographic isolation and community cohesion maintain prevalence levels akin to homelands, rather than inevitable assimilation-driven decline.",,"Empirical data from immigrant cohorts show that geographic isolation and community cohesion maintain prevalence levels akin to homelands, rather than inevitable assimilation-driven decline."
91,female-genital-mutilation-in-the-united-states,41405,41616,3,1,,,anti,,,tu-quoque,,1,,False,False,,,,"Sources advancing relativism, often from anthropological circles, exhibit selective application by condemning equivalent male practices less rigorously, revealing inconsistency rather than principled neutrality."
92,female-genital-mutilation-in-the-united-states,42478,42599,"1,2,3",3,neutral,neutral,anti,inconsistency,inconsistency,inconsistency,neutral,2,"1,2",False,True,inconsistency,the paucity of documented cases post-2017 suggests potential deterrence effects from heightened awareness and legal risks,the paucity of documented cases post-2017 suggests potential deterrence effects from heightened awareness and legal risks,the paucity of documented cases post-2017 suggests potential deterrence effects from heightened awareness and legal risks
93,female-genital-mutilation-laws-by-country,28583,28742,3,1,,,anti,,,cum-hoc,,1,,False,False,,,,"Empirical data from UNICEF indicates higher persistence in such jurisdictions, with 4.3 million annual cases globally concentrated where legislation is weakest"
94,female-genital-mutilation-laws-by-country,54622,54759,3,1,,,neutral,,,inconsistency,,1,,False,False,,,,"laws alone fail to curb underground persistence, as evidenced by stalled declines in countries like Egypt and Mali post-2008 prohibitions"
95,female-genital-mutilation-laws-by-country,57210,57476,3,1,,,anti,,,post-hoc,,1,,False,False,,,,"Universalist frameworks have driven binding instruments like the 2003 Maputo Protocol (African Union, 55 signatories), mandating bans while incorporating community sensitization, yielding prevalence drops (e.g., 25% reduction in Kenya from 1998-2014 per DHS surveys)"
96,female-genital-mutilation-laws-by-country,57956,58178,"2,3",2,,anti,anti,,cum-hoc,cum-hoc,anti,2,"2,3",False,True,cum-hoc,,"is countered by evidence that sustained universalist pressure correlates with attitude shifts, as in Burkina Faso's 92% support for bans by 2010 surveys post-2005 laws. [129] Ultimately, causal analysis favors universalism",is countered by evidence that sustained universalist pressure correlates with attitude shifts
97,female-genital-mutilation-laws-by-country,67875,68086,"1,3",2,anti,,anti,false-cause,,false-cause,anti,2,"1,3",False,True,false-cause,"From 2020 to 2025, global FGM cases rose 15% to over 230 million, partly fueled by medicalized forms in urbanizing areas, underscoring how professional involvement legitimizes the practice rather than eroding it",,"From 2020 to 2025, global FGM cases rose 15% to over 230 million, partly fueled by medicalized forms in urbanizing areas"
98,forced-circumcision,995,1060,"1,2",2,anti,anti,,persuasive-definition,inconsistency,,anti,2,"1,2",False,True,,encompassing procedures performed on infants incapable of consent,encompassing procedures performed on infants incapable of consent,
99,forced-circumcision,2831,3026,3,1,,,anti,,,bulverism,,1,,False,False,,,,"Debates persist over source credibility, with public health advocacy sometimes amplifying benefits while underreporting autonomy violations, reflecting institutional pressures in global campaigns"
100,forced-circumcision,4592,4785,"1,3",2,anti,,anti,false-cause,,false-cause,anti,2,"1,3",False,True,false-cause,"Empirical data from regions like eastern Africa highlight procedural complications in up to 10-20% of coerced initiations, underscoring the causal link between non-consent and adverse outcomes.",,"Empirical data from regions like eastern Africa highlight procedural complications in up to 10-20% of coerced initiations, underscoring the causal link between non-consent and adverse outcomes"
101,forced-circumcision,62107,62276,"1,3",2,anti,,anti,bulverism,,bulverism,anti,2,"1,3",False,True,bulverism,"with policy divergences often tracing to cultural familiarity—male practices normalized in Abrahamic traditions and Western medicine, while FGC is exoticized as barbaric",,"with policy divergences often tracing to cultural familiarity—male practices normalized in Abrahamic traditions and Western medicine, while FGC is exoticized as barbaric"
102,forced-circumcision-of-minors-in-south-korea,2593,2694,"1,3",2,neutral,,neutral,non-sequitur,,non-sequitur,neutral,2,"1,3",False,True,non-sequitur,exempting them from criminal liability under the Criminal Act due to the absence of state involvement,,exempting them from criminal liability under the Criminal Act due to the absence of state involvement
103,forced-circumcision-of-minors-in-south-korea,3504,3735,3,1,,,neutral,,,argument-from-ignorance,,1,,False,False,,,,"No documented cases exist of parents facing prosecution under broader criminal provisions for authorizing or performing such circumcisions on minors, reinforcing the exemption based on the domestic, non-public character of the act."
104,foreskin,14417,14507,"1,2,3",3,pro,pro,pro,inconsistency,inconsistency,inconsistency,pro,3,"1,2,3",True,True,inconsistency,"forming the primary site for erogenous sensation, which remains unaffected by circumcision","forming the primary site for erogenous sensation, which remains unaffected by circumcision","forming the primary site for erogenous sensation, which remains unaffected by circumcision"
105,foreskin,31155,31299,3,1,,,pro,,,inconsistency,,1,,False,False,,,,"demonstrate that the foreskin increases heterosexual HIV acquisition risk by enriching target cells (e.g., Langerhans cells) in its inner mucosa"
106,foreskin-man,27447,27549,3,1,,,pro,,,inconsistency,,1,,False,False,,,,"with its controversy ultimately contributing to the measure's failure at the polls on November 8, 2011"
107,foreskin-man,29346,29459,3,1,,,pro,,,post-hoc,,1,,False,False,,,,as evidenced by the San Francisco ballot measure's defeat in November 2011 following backlash against its imagery
108,gishiri-cutting,22823,22987,"1,3",2,anti,,anti,unrepresentative-sample,,non-sequitur,anti,2,"1,3",False,True,,"Absence of efficacy is further inferred from fistula repair success rates, where gishiri-induced lesions require surgical correction without prior functional gains.",,"Absence of efficacy is further inferred from fistula repair success rates, where gishiri-induced lesions require surgical correction without prior functional gains."
109,gishiri-cutting,38652,38935,3,1,,,anti,,,cum-hoc,,1,,False,False,,,,"Demographic trends further contribute to decline, with successive Nigeria Demographic and Health Surveys (2003–2018) revealing an overall drop in female genital cutting prevalence from 25% to approximately 20% among women aged 15–49, correlated with rising female secondary education"
110,infibulation,44567,44812,3,1,,,neutral,,,non-sequitur,,1,,False,False,,,,"This stagnation in prevalence rates persists despite international campaigns, as evidenced by a 2024 meta-analysis of 155 African studies reporting a pooled FGM prevalence of 56.4% among adult women, showing minimal decline from pre-2020 levels."
111,infibulation,45696,45902,1,1,anti,,,non-sequitur,,,,1,,False,False,,"UK NHS data recorded 37,615 FGM-affected women and girls accessing services cumulatively through March 2024, including Type III cases often performed clandestinely by healthcare providers to evade detection",,
112,international-day-of-zero-tolerance-for-female-genital-mutilation,26792,26983,"1,3",2,anti,,anti,false-cause,,false-cause,anti,2,"1,3",False,True,false-cause,"This initiative has supported national strategies leading to declines in prevalence, such as in Egypt where reported FGM rates among girls aged 0-14 fell from 74% in 1995 to under 10% by 2021",,"This initiative has supported national strategies leading to declines in prevalence, such as in Egypt where reported FGM rates among girls aged 0-14 fell from 74% in 1995 to under 10% by 2021"
113,international-day-of-zero-tolerance-for-female-genital-mutilation,46073,46259,3,1,,,neutral,,,non-sequitur,,1,,False,False,,,,"Despite two decades of global zero-tolerance advocacy since 2003, prevalence remains high, with over 230 million women and girls affected as of 2024, suggesting limited empirical success"
114,khitan-circumcision,1806,2130,1,1,pro,,,secundum-quid,,,,1,,False,False,,"Empirical medical evidence indicates that male circumcision reduces risks of urinary tract infections in infancy, penile cancer, and heterosexual HIV acquisition by up to 60% in high-prevalence areas, with benefits outweighing rare complications like bleeding or adhesions when performed neonatally under sterile conditions.",,
115,khitan-circumcision,39535,39763,3,1,,,pro,,,cherry-picking,,1,,False,False,,,,"Complication rates for medically supervised male circumcision remain below 1% for serious adverse events, whereas FGC, predominantly non-sterile and non-clinical, correlates with morbidity rates exceeding 20% in untreated cases."
116,khitan-circumcision,42197,42353,3,1,,,neutral,,,ad-hoc-rescue,,1,,False,False,,,,"though Malaysia's reported 61.4% may reflect under-sampling of rural or traditional practices, as qualitative accounts indicate broader customary observance"
117,lipodermos,3118,3310,3,1,,,neutral,,,inconsistency,,1,,False,False,,,,"This etymological structure underscores the medical and aesthetic perception of the condition as a pathological shortfall in preputial tissue, distinguishing it from mere anatomical variation."
118,meatal-stenosis,4814,4929,1,1,anti,,,inconsistency,,,,1,,False,False,,"Meatal stenosis primarily affects males, with an estimated global incidence of 8-10% among circumcised individuals.",,
119,meatal-stenosis,9041,9225,3,1,,,anti,,,inconsistency,,1,,False,False,,,,"The condition is exceptionally rare in uncircumcised males, highlighting the causal role of surgical denudation of the prepuce in exposing vulnerable tissue to environmental irritants."
120,mohel,22761,22882,"1,2,3",3,pro,pro,pro,secundum-quid,cum-hoc,over-extrapolation,pro,3,"1,2,3",True,True,,"conferring lifelong protection when performed neonatally, as evidenced by lower HIV prevalence in circumcised populations","conferring lifelong protection when performed neonatally, as evidenced by lower HIV prevalence in circumcised populations","conferring lifelong protection when performed neonatally, as evidenced by lower HIV prevalence in circumcised populations"
121,mohel,47805,47952,"1,2,3",3,pro,pro,pro,bulverism,appeal-to-motive,bulverism,pro,3,"1,2,3",True,True,bulverism,"Mainstream portrayals tend to prioritize autonomy arguments against non-consensual procedures, reflecting institutional biases toward secular norms","Mainstream portrayals tend to prioritize autonomy arguments against non-consensual procedures, reflecting institutional biases toward secular norms","Mainstream portrayals tend to prioritize autonomy arguments against non-consensual procedures, reflecting institutional biases toward secular norms"
122,penile-subincision,28571,28766,3,1,,,neutral,,,inconsistency,,1,,False,False,,,,"Despite this decline, subincision endures in select contemporary non-Aboriginal contexts, particularly among Papuan groups where it retains ceremonial significance for transitioning to adulthood."
123,phimosis,48400,48470,1,1,pro,,,inconsistency,,,,1,,False,False,,often linked to untreated physiological cases progressing to pathology,,
124,prevalence-of-circumcision,12126,12299,"1,2,3",3,pro,pro,pro,false-cause,cum-hoc,cum-hoc,pro,3,"1,2,3",True,True,cum-hoc,"Program evaluations confirm population-level HIV incidence declines correlating with VMMC scale-up, independent of confounding factors like antiretroviral therapy expansion.","Program evaluations confirm population-level HIV incidence declines correlating with VMMC scale-up, independent of confounding factors like antiretroviral therapy expansion.","Program evaluations confirm population-level HIV incidence declines correlating with VMMC scale-up, independent of confounding factors like antiretroviral therapy expansion."
125,prevalence-of-female-genital-mutilation,2414,2728,"1,3",2,anti,,anti,false-cause,,cum-hoc,anti,2,"1,3",False,True,,"Empirical data from repeated cross-sectional surveys underscore that while absolute numbers grow with demographics, targeted interventions have reduced type III procedures (infibulation) in some cohorts, highlighting causal links between education, legal enforcement, and attitude shifts over blanket prohibitions.",,"targeted interventions have reduced type III procedures (infibulation) in some cohorts, highlighting causal links between education, legal enforcement, and attitude shifts over blanket prohibitions"
126,prevalence-of-female-genital-mutilation,15532,15708,3,1,,,neutral,,,inconsistency,,1,,False,False,,,,"underreporting milder forms that comprise up to 10-20% of practices in regions like Indonesia and Malaysia, thereby inflating apparent progress and masking cultural persistence"
127,prevalence-of-female-genital-mutilation,19471,19651,3,1,,,neutral,,,cum-hoc,,1,,False,False,,,,"In Burkina Faso, for instance, FGM prevalence stands at 75% among Muslims versus 18% among Catholics, suggesting religious endorsement sustains the practice beyond cultural inertia"
128,prevalence-of-female-genital-mutilation,20625,20753,"1,2",2,neutral,neutral,,false-cause,cum-hoc,,neutral,2,"1,2",False,True,,"This fusion underscores how religious frameworks have causally entrenched the rite, countering claims of pure cultural autonomy.","This fusion underscores how religious frameworks have causally entrenched the rite, countering claims of pure cultural autonomy.",
129,prevalence-of-female-genital-mutilation,32861,33076,"1,2,3",3,anti,neutral,anti,false-cause,cum-hoc,false-cause,anti,2,"1,3",False,True,false-cause,"Recent declines in younger cohorts underscore campaign impacts, with under-15 prevalence below 5% in Uganda and Rwanda due to community-led initiatives, religious leader involvement, and enforcement of anti-FGM laws","Recent declines in younger cohorts underscore campaign impacts, with under-15 prevalence below 5% in Uganda and Rwanda due to community-led initiatives","Recent declines in younger cohorts underscore campaign impacts, with under-15 prevalence below 5% in Uganda and Rwanda due to community-led initiatives, religious leader involvement, and enforcement of anti-FGM laws"
130,prohibition-of-female-circumcision-act-1985,23977,24131,1,1,anti,,,non-sequitur,,,,1,,False,False,,"The empirical record of zero convictions under the Act demonstrated its primarily symbolic function, with no deterrent effect evidenced in court outcomes.",,
131,prohibition-of-female-circumcision-act-1985,25647,25871,1,1,anti,,,false-cause,,,,1,,False,False,,"This approach contrasted with stricter enforcement of similar child welfare laws in non-cultural contexts, revealing a causal prioritization of multicultural harmony over consistent application of bodily integrity standards.",,
132,prohibition-of-female-circumcision-act-1985,25873,25977,"1,2",2,anti,anti,,straw-man,straw-man,,anti,2,"1,2",False,True,straw-man,Narratives attributing FGM persistence solely to socioeconomic factors like poverty have been overstated,Narratives attributing FGM persistence solely to socioeconomic factors like poverty have been overstated,
133,prohibition-of-female-circumcision-act-1985,31441,31650,"1,3",2,pro,,pro,cherry-picking,,suppressed-evidence,pro,2,"1,3",False,True,,"as evidenced by global health data showing FGM's complication rates far exceeding those of male circumcision (e.g., up to 15-30% acute issues in some FGM types versus under 1% for males in controlled settings)",,"as evidenced by global health data showing FGM's complication rates far exceeding those of male circumcision (e.g., up to 15-30% acute issues in some FGM types versus under 1% for males in controlled settings)"
134,redundant-prepuce,8917,9020,3,1,,,pro,,,inconsistency,,1,,False,False,,,,resulting in foreskin length that exceeds typical variation and more extensively covers the glans penis
135,religion-and-circumcision,2317,2434,"1,2,3",3,pro,neutral,pro,bulverism,poisoning-the-well,bulverism,pro,2,"1,3",False,True,bulverism,though source biases in academic and media analyses often skew toward cultural relativism over causal health outcomes,though source biases in academic and media analyses often skew toward cultural relativism over causal health outcomes,though source biases in academic and media analyses often skew toward cultural relativism over causal health outcomes
136,religious-views-on-female-genital-mutilation,5671,5771,1,1,anti,,,bulverism,,,,1,,False,False,,These terminological preferences often reflect cultural relativism rather than procedural neutrality,,
137,religious-views-on-female-genital-mutilation,7574,7793,"1,3",2,neutral,,neutral,cherry-picking,,cherry-picking,neutral,2,"1,3",False,True,cherry-picking,"The notion that FGM is intrinsically linked to Islam lacks empirical support, as the practice shows higher rates among animist and Christian populations in certain African regions compared to many Muslim-majority areas.",,"The notion that FGM is intrinsically linked to Islam lacks empirical support, as the practice shows higher rates among animist and Christian populations in certain African regions compared to many Muslim-majority areas."
138,religious-views-on-female-genital-mutilation,30019,30107,3,1,,,neutral,,,inconsistency,,1,,False,False,,,,A 2012 analysis confirmed that while severe FGM was universal among Ethiopian-born women
139,religious-views-on-female-genital-mutilation,39943,40146,3,1,,,anti,,,inconsistency,,1,,False,False,,,,"in Egypt, the share of girls aged 0-14 undergoing FGM fell from 74% in 2008 to under 10% in projections by 2020, with UNICEF attributing part of this 20-30% generational drop to religious leader advocacy"
140,restoration-device,2869,3023,"1,3",2,anti,,anti,bulverism,,bulverism,anti,2,"1,3",False,True,bulverism,"This gap reflects broader institutional hesitancy toward patient-driven interventions countering routine circumcision, where formal studies remain scarce.",,"This gap reflects broader institutional hesitancy toward patient-driven interventions countering routine circumcision, where formal studies remain scarce."
141,restoration-device,9117,9305,"1,3",2,anti,,anti,inconsistency,,inconsistency,anti,2,"1,3",False,True,inconsistency,"trace their efficacy to the empirical validation of tissue expansion rates averaging 0.5-1 cm per month under 500-1000 grams of force, as reported in practitioner forums and device testing",,"trace their efficacy to the empirical validation of tissue expansion rates averaging 0.5-1 cm per month under 500-1000 grams of force, as reported in practitioner forums and device testing"
142,restoration-device,11121,11195,3,1,,,anti,,,inconsistency,,1,,False,False,,,,directing expansion along the penile shaft to regenerate mucosal-like skin
143,stapler-circumcision,18301,18485,3,1,,,neutral,,,inconsistency,,1,,False,False,,,,This stapled closure supports relatively rapid healing and facilitates an earlier return to normal activities compared to methods requiring suture removal or prolonged tissue necrosis.
144,ulwaluko,15755,15972,1,1,pro,,,irrelevant-conclusion,,,,1,,False,False,,"However, ethnographic accounts from initiated men consistently report enhanced self-perception and social integration post-rite, underscoring its perceived efficacy in identity solidification despite external debates.",,
145,ulwaluko,18163,18256,"1,2,3",3,pro,pro,pro,appeal-to-tradition,appeal-to-tradition,appeal-to-tradition,pro,3,"1,2,3",True,True,appeal-to-tradition,yet empirical persistence underscores their adaptive fit within enduring Xhosa social fabrics,yet empirical persistence underscores their adaptive fit within enduring Xhosa social fabrics,yet empirical persistence underscores their adaptive fit within enduring Xhosa social fabrics
146,ulwaluko,23195,23339,3,1,,,pro,,,over-extrapolation,,1,,False,False,,,,"Empirical benefits of male circumcision, applicable to properly performed Ulwaluko, include a 60% reduction in heterosexual HIV acquisition risk"
147,ulwaluko,26906,27147,"1,2,3",3,pro,pro,pro,inconsistency,no-true-scotsman,inconsistency,pro,3,"1,2,3",True,True,inconsistency,"Empirical audits reveal that core ritual elements under qualified custodians exhibit fewer failures, with escalated risks tracing primarily to modern encroachments such as fee-based, unregulated schools rather than inherent procedural flaws.","with escalated risks tracing primarily to modern encroachments such as fee-based, unregulated schools rather than inherent procedural flaws","Empirical audits reveal that core ritual elements under qualified custodians exhibit fewer failures, with escalated risks tracing primarily to modern encroachments such as fee-based, unregulated schools rather than inherent procedural flaws."
148,ulwaluko,31803,32053,"1,3",2,pro,,pro,non-sequitur,,non-sequitur,pro,2,"1,3",False,True,non-sequitur,"Data from Mthatha-based research underscores low overt gay participation not as coerced rejection but as practical incompatibility, with initiates navigating dual lives post-ritual, suggesting cultural fit drives outcomes over institutional barriers.",,"Data from Mthatha-based research underscores low overt gay participation not as coerced rejection but as practical incompatibility, with initiates navigating dual lives post-ritual, suggesting cultural fit drives outcomes over institutional barriers."
149,ulwaluko,39216,39504,"1,2,3",3,pro,neutral,pro,cherry-picking,cum-hoc,post-hoc,pro,2,"1,3",False,True,,"Implementation has yielded measurable safety improvements, with reported deaths in the Eastern Cape dropping from 453 between 2006 and 2011—amid widespread non-compliance—to 11 out of 10,794 initiates in the 2022 winter season, attributable to stricter licensing and health interventions.","dropping from 453 between 2006 and 2011—amid widespread non-compliance—to 11 out of 10,794 initiates in the 2022 winter season, attributable to stricter licensing and health interventions","Implementation has yielded measurable safety improvements, with reported deaths in the Eastern Cape dropping from 453 between 2006 and 2011—amid widespread non-compliance—to 11 out of 10,794 initiates in the 2022 winter season, attributable to stricter licensing and health interventions."
150,views-on-circumcision,17955,18211,"1,3",2,pro,,pro,false-analogy,,false-analogy,pro,2,"1,3",False,True,false-analogy,"lower than the mortality risk associated with common pediatric surgeries like appendectomy, which exceeds 1% in infants under one year",,"Circumcision-related mortality is exceedingly rare, estimated at less than 1 in 500,000 procedures in developed settings, lower than the mortality risk associated with common pediatric surgeries like appendectomy"
151,views-on-circumcision,19179,19415,"1,3",2,pro,,pro,irrelevant-conclusion,,non-sequitur,pro,2,"1,3",False,True,,undermining exaggerated characterizations of the procedure as inherently mutilative absent comparative data from other genital interventions,,"report overall complication rates below 1%, predominantly minor and resolving without sequelae, undermining exaggerated characterizations of the procedure as inherently mutilative"
152,views-on-circumcision,26166,26544,"1,2,3",3,pro,pro,pro,irrelevant-conclusion,irrelevant-conclusion,irrelevant-conclusion,pro,3,"1,2,3",True,True,irrelevant-conclusion,"with surveys indicating that adult circumcised men report satisfaction rates comparable to uncircumcised peers, suggesting that consent-based objections may not align with observed outcomes","suggesting that consent-based objections may not align with observed outcomes. This tension highlights a reliance on deontological principles over consequentialist evaluations, where the absence of provable detriment challenges the urgency of prohibiting a procedure","with surveys indicating that adult circumcised men report satisfaction rates comparable to uncircumcised peers, suggesting that consent-based objections may not align with observed outcomes"
153,views-on-circumcision,38782,39096,"1,3",2,pro,,pro,secundum-quid,,red-herring,pro,2,"1,3",False,True,,"This analogy persists despite fundamental disparities: FGM offers no established health benefits and entails severe complications including urinary issues and increased mortality risks, whereas voluntary medical male circumcision (VMMC) demonstrates empirical benefits such as reduced heterosexual HIV acquisition.",,"This analogy persists despite fundamental disparities: FGM offers no established health benefits and entails severe complications including urinary issues and increased mortality risks, whereas voluntary medical male circumcision (VMMC) demonstrates empirical benefits such as reduced heterosexual HIV acquisition."
154,women-unaffected-by-female-genital-cutting,7802,7945,"1,2,3",3,pro,pro,pro,false-analogy,false-analogy,false-analogy,pro,3,"1,2,3",True,True,false-analogy,"Type I (clitoridectomy, affecting ~80% of cases in some regions) involves minimal tissue removal analogous to hoodectomy in cosmetic procedures","Type I (clitoridectomy, affecting ~80% of cases in some regions) involves minimal tissue removal analogous to hoodectomy in cosmetic procedures","Type I (clitoridectomy, affecting ~80% of cases in some regions) involves minimal tissue removal analogous to hoodectomy in cosmetic procedures"
155,women-unaffected-by-female-genital-cutting,8849,8946,2,1,,pro,,,appeal-to-motive,,,1,,False,False,,,as institutional emphases on mutilation—often from ideologically aligned NGOs—overlook resilience,
156,women-unaffected-by-female-genital-cutting,9122,9310,"1,2,3",3,pro,pro,pro,bulverism,appeal-to-motive,bulverism,pro,3,"1,2,3",True,True,bulverism,"Such distinctions reveal how source biases, including ethnocentric assumptions in academia, skew toward harm amplification over causal disaggregation of cultural versus procedural impacts.","Such distinctions reveal how source biases, including ethnocentric assumptions in academia, skew toward harm amplification over causal disaggregation of cultural versus procedural impacts.","Such distinctions reveal how source biases, including ethnocentric assumptions in academia, skew toward harm amplification over causal disaggregation of cultural versus procedural impacts."
157,women-unaffected-by-female-genital-cutting,17411,17578,"1,2,3",3,pro,pro,pro,non-sequitur,non-sequitur,non-sequitur,pro,3,"1,2,3",True,True,non-sequitur,"substantial proportions of women who have undergone the procedure express support for its continuation, indicating a lack of perceived personal detriment to well-being","substantial proportions of women who have undergone the procedure express support for its continuation, indicating a lack of perceived personal detriment to well-being","substantial proportions of women who have undergone the procedure express support for its continuation, indicating a lack of perceived personal detriment to well-being"
158,women-unaffected-by-female-genital-cutting,20720,20870,1,1,pro,,,hasty-generalization,,,,1,,False,False,,This suggests that reported physical complaints in FGC-affected women may often stem from stigma or access barriers rather than the cutting procedure.,,
159,women-unaffected-by-female-genital-cutting,23090,23312,"1,3",2,pro,,pro,unrepresentative-sample,,unrepresentative-sample,pro,2,"1,3",False,True,unrepresentative-sample,"Cohort studies report no procedure-independent elevation in physical morbidities, with adverse events more tied to social exclusion than anatomical changes (e.g., 16.6% recent gynecological events unrelated to FGC status).",,"Cohort studies report no procedure-independent elevation in physical morbidities, with adverse events more tied to social exclusion than anatomical changes (e.g., 16.6% recent gynecological events unrelated to FGC status)."
160,women-unaffected-by-female-genital-cutting,27402,27561,3,1,,,pro,,,hasty-generalization,,1,,False,False,,,,"This suggests that social determinants, rather than the cutting itself, drive many reported harms, challenging direct causal attributions in global narratives."
161,women-unaffected-by-female-genital-cutting,28729,28909,2,1,,pro,,,false-dilemma,,,1,,False,False,,,"Empirical links between FGC and systemic patriarchy remain weakly established, as practices are frequently initiated and controlled by women for social cohesion, not male dominance",
162,women-unaffected-by-female-genital-cutting,30965,31151,1,1,pro,,,non-sequitur,,,,1,,False,False,,"Demographic and Health Surveys (DHS) across practicing countries corroborate higher endorsement rates among women compared to men, underscoring self-perpetuation over imposed victimhood.",,
163,women-unaffected-by-female-genital-cutting,33789,33847,3,1,,,pro,,,inconsistency,,1,,False,False,,,,indicating limited causal impact attributable to campaigns
164,women-unaffected-by-female-genital-cutting,33855,34026,1,1,pro,,,inconsistency,,,,1,,False,False,,"Legal bans, such as Kenya's 2011 Prohibition of Female Genital Mutilation Act, have often driven the practice underground and spurred medicalization rather than cessation.",,
