slug,r1_quote,r3_quote,r1_entry_id,r3_entry_id,same_entry,r1_favors,r3_favors,same_side,r1_verdict,r3_verdict,overlap_chars
ashley-montagu-resolution,reflecting broader academic tendencies to prioritize nurture amid ideological pressures against hereditarianism,reflecting broader academic tendencies to prioritize nurture amid ideological pressures against hereditarianism,bulverism,bulverism,True,neutral,neutral,True,flag,possible issue,111
ashley-montagu-resolution,"the resolution's categorical condemnation overlooked systematic reviews documenting net health benefits for neonatal male circumcision, including 50-60% reductions in heterosexual HIV acquisition","the resolution's categorical condemnation overlooked systematic reviews documenting net health benefits for neonatal male circumcision, including 50-60% reductions in heterosexual HIV acquisition",secundum-quid,over-extrapolation,False,pro,pro,True,flag,flag,195
brit-milah,"with empirical evidence indicating neonatal circumcision confers protections against urinary tract infections, penile cancer, and heterosexual HIV transmission","with empirical evidence indicating neonatal circumcision confers protections against urinary tract infections, penile cancer, and heterosexual HIV transmission",secundum-quid,over-extrapolation,False,pro,pro,True,flag,flag,159
brit-milah,"While some evidence suggests unmitigated neonatal pain may heighten responses to later vaccinations, the procedure's brevity and rapid healing—typically within one week—limit long-term sequelae in healthy infants.","While some evidence suggests unmitigated neonatal pain may heighten responses to later vaccinations, the procedure's brevity and rapid healing—typically within one week—limit long-term sequelae in healthy infants.",non-sequitur,non-sequitur,True,pro,pro,True,flag,possible issue,213
circumcision,"Neonatal circumcision in the first week enables near-painless outcomes under optimal blocks, given lower pre-phimosis sensitivity.","Neonatal circumcision in the first week enables near-painless outcomes under optimal blocks, given lower pre-phimosis sensitivity.",inconsistency,inconsistency,True,pro,pro,True,flag,flag,130
circumcision,"While critics highlight limited absolute risk reductions in low-prevalence areas, systematic reviews confirm overall net benefits without harm to sexual function or sensitivity.","While critics highlight limited absolute risk reductions in low-prevalence areas, systematic reviews confirm overall net benefits without harm to sexual function or sensitivity.",appeal-to-authority,inconsistency,False,pro,pro,True,flag,flag,177
circumcision,"Anti-circumcision claims often use observational data, contrasting RCT strength and highlighting the value of causal over correlative evidence.","Anti-circumcision claims often use observational data, contrasting RCT strength and highlighting the value of causal over correlative evidence.",double-standard,double-standard,True,pro,pro,True,flag,flag,143
circumcision-and-law,"These variations underscore a pattern where empirical risk assessments favor regulated access over bans, countering advocacy from sources like secular NGOs that amplify rare complications without proportional context.","These variations underscore a pattern where empirical risk assessments favor regulated access over bans, countering advocacy from sources like secular NGOs that amplify rare complications without proportional context.",appeal-to-the-people,non-sequitur,False,pro,pro,True,flag,flag,217
circumcision-controversies,"In high-risk African settings, VMMC interventions have demonstrated epidemiological causality through time-series declines in incidence post-uptake, exceeding expectations from behavioral interventions alone","In high-risk African settings, VMMC interventions have demonstrated epidemiological causality through time-series declines in incidence post-uptake, exceeding expectations from behavioral interventions alone",post-hoc,post-hoc,True,pro,pro,True,flag,flag,207
circumcision-controversies,"Infant claims to bodily autonomy falter on grounds of incompetence, as neonates lack capacity for rational deliberation or foresight, rendering absolute deferral to adulthood philosophically incoherent and practically suboptimal.","Infant claims to bodily autonomy falter on grounds of incompetence, as neonates lack capacity for rational deliberation or foresight, rendering absolute deferral to adulthood philosophically incoherent and practically suboptimal.",straw-man,non-sequitur,False,pro,pro,True,flag,flag,229
circumcision-controversies,demand remains negligible—less than 1% of circumcised men pursue non-therapeutic reversals—suggesting widespread acceptance rather than latent dissatisfaction,demand remains negligible—less than 1% of circumcised men pursue non-therapeutic reversals—suggesting widespread acceptance rather than latent dissatisfaction,non-sequitur,non-sequitur,True,pro,pro,True,flag,flag,158
circumcision-controversies,"In low-prevalence contexts, these benefits accrue cumulatively over lifetime exposure, outweighing surgical risks when discounting deontological objections and focusing on empirical causality.","In low-prevalence contexts, these benefits accrue cumulatively over lifetime exposure, outweighing surgical risks when discounting deontological objections and focusing on empirical causality.",secundum-quid,inconsistency,False,pro,pro,True,flag,flag,192
circumcision-in-africa,"Complications in VMMC remain low at under 2%, far below traditional methods, supporting their causal role in averting infections amid ongoing HIV epidemics.","Complications in VMMC remain low at under 2%, far below traditional methods, supporting their causal role in averting infections",non-sequitur,non-sequitur,True,pro,pro,True,flag,flag,128
circumcision-in-africa,"These actions, from sources with apparent conflicts tied to advocacy rather than epidemiological expertise","These actions, from sources with apparent conflicts tied to advocacy rather than epidemiological expertise",circumstantial-ad-hominem,circumstantial-ad-hominem,True,pro,pro,True,flag,possible issue,106
ethics-of-circumcision,"These causal data from high-quality RCTs and meta-analyses establish an empirical threshold where harms—primarily acute pain and rare complications—do not predominate, precluding classification as net harm",These causal data from high-quality RCTs and meta-analyses establish an empirical threshold where harms—primarily acute pain and rare complications—do not predominate,secundum-quid,over-extrapolation,False,pro,pro,True,flag,flag,166
ethics-of-circumcision,"Critiques framing infant circumcision as inherently non-therapeutic, thus presumptively harmful, falter against precedents in preventive pediatric medicine, where procedures like heel-stick blood sampling for newborn metabolic screening inflict comparable or greater procedural pain yet are standard","Critiques framing infant circumcision as inherently non-therapeutic, thus presumptively harmful, falter against precedents in preventive pediatric medicine, where procedures like heel-stick blood sampling",false-analogy,false-analogy,True,pro,pro,True,flag,flag,204
ethics-of-circumcision,the UNCRC's silence on condemnation reflects an acknowledgment that proxy parental decisions can align with overall child welfare,the UNCRC's silence on condemnation reflects an acknowledgment that proxy parental decisions can align with overall child welfare,argument-from-silence,argument-from-ignorance,False,pro,pro,True,flag,flag,129
female-genital-mutilation,"yet empirical comparisons reveal FGM's greater tissue loss (up to 80% in Type III) and zero net health gains, justifying the terminological distinction on harm-based grounds","empirical comparisons reveal FGM's greater tissue loss (up to 80% in Type III) and zero net health gains, justifying the terminological distinction on harm-based grounds",hasty-generalization,hasty-generalization,True,pro,anti,False,flag,possible issue,169
female-genital-mutilation,"with empirical data showing higher FGM rates in Muslim-majority areas (e.g., 91% in Somalia) versus Christian ones (e.g., 24% in Kenya's Christian highlands) due to doctrinal variances","with empirical data showing higher FGM rates in Muslim-majority areas (e.g., 91% in Somalia) versus Christian ones (e.g., 24% in Kenya's Christian highlands) due to doctrinal variances",inconsistency,cum-hoc,False,neutral,neutral,True,flag,flag,184
female-genital-mutilation-act-2003,with critics in media and academia—often exhibiting left-leaning biases toward multicultural tolerance—arguing that condemnation risks stigmatizing minority cultures,critics in media and academia—often exhibiting left-leaning biases toward multicultural tolerance—arguing that condemnation risks stigmatizing minority cultures,bulverism,bulverism,True,anti,anti,True,flag,flag,160
female-genital-mutilation-in-india,This tension underscores a causal divide: UN absolutism assumes uniform harm across contexts,"UN absolutism assumes uniform harm across contexts, yet empirical gaps in Asia-specific prevalence data—reliant on self-reported surveys—limit verification",straw-man,straw-man,True,pro,pro,True,flag,possible issue,50
female-genital-mutilation-in-new-zealand,This scarcity reflects effective legal deterrence and low cultural entrenchment,This scarcity reflects effective legal deterrence and low cultural entrenchment,inconsistency,inconsistency,True,neutral,anti,False,flag,flag,79
female-genital-mutilation-in-new-zealand,"empirical observations from obstetric surveys indicating rising encounters with FGM sequelae among migrant patients, underscoring causal links between selective immigration from FGM-endemic regions and sustained vulnerability",underscoring causal links between selective immigration from FGM-endemic regions and sustained vulnerability,non-sequitur,non-sequitur,True,anti,anti,True,flag,flag,108
female-genital-mutilation-in-nigeria,"These initiatives have correlated with prevalence declines among older birth cohorts, dropping from 56.3% in the 1959–1963 cohort to 25.5% in the 1994–1998 cohort per Demographic and Health Survey data, reflecting heightened awareness from policy campaigns.","These initiatives have correlated with prevalence declines among older birth cohorts, dropping from 56.3% in the 1959–1963 cohort to 25.5% in the 1994–1998 cohort per Demographic and Health Survey data, reflecting heightened awareness from policy campaigns.",false-cause,false-cause,True,neutral,anti,False,flag,flag,257
female-genital-mutilation-in-nigeria,underscoring education and modernization as primary causal drivers,"Empirical patterns reveal stronger correlations between reduced FGM rates and socioeconomic factors such as higher maternal education and urban residence—where prevalence drops to 13% versus 24% in rural areas—than with targeted campaigns alone, underscoring education and modernization as primary causal drivers.",inconsistency,cum-hoc,False,neutral,neutral,True,flag,possible issue,66
female-genital-mutilation-in-the-gambia,studies indicate 77% of adverse neonatal outcomes link to FGM-affected mothers,studies indicate 77% of adverse neonatal outcomes link to FGM-affected mothers,base-rate-fallacy,base-rate-fallacy,True,anti,anti,True,flag,flag,78
female-genital-mutilation-in-the-united-states,"Empirical data from immigrant cohorts show that geographic isolation and community cohesion maintain prevalence levels akin to homelands, rather than inevitable assimilation-driven decline.","Empirical data from immigrant cohorts show that geographic isolation and community cohesion maintain prevalence levels akin to homelands, rather than inevitable assimilation-driven decline.",inconsistency,inconsistency,True,anti,anti,True,flag,flag,189
female-genital-mutilation-in-the-united-states,the paucity of documented cases post-2017 suggests potential deterrence effects from heightened awareness and legal risks,the paucity of documented cases post-2017 suggests potential deterrence effects from heightened awareness and legal risks,inconsistency,inconsistency,True,neutral,anti,False,flag,flag,121
female-genital-mutilation-laws-by-country,"From 2020 to 2025, global FGM cases rose 15% to over 230 million, partly fueled by medicalized forms in urbanizing areas, underscoring how professional involvement legitimizes the practice rather than eroding it","From 2020 to 2025, global FGM cases rose 15% to over 230 million, partly fueled by medicalized forms in urbanizing areas",false-cause,false-cause,True,anti,anti,True,flag,possible issue,120
forced-circumcision,"Empirical data from regions like eastern Africa highlight procedural complications in up to 10-20% of coerced initiations, underscoring the causal link between non-consent and adverse outcomes.","Empirical data from regions like eastern Africa highlight procedural complications in up to 10-20% of coerced initiations, underscoring the causal link between non-consent and adverse outcomes",false-cause,false-cause,True,anti,anti,True,flag,flag,192
forced-circumcision,"with policy divergences often tracing to cultural familiarity—male practices normalized in Abrahamic traditions and Western medicine, while FGC is exoticized as barbaric","with policy divergences often tracing to cultural familiarity—male practices normalized in Abrahamic traditions and Western medicine, while FGC is exoticized as barbaric",bulverism,bulverism,True,anti,anti,True,flag,possible issue,169
forced-circumcision-of-minors-in-south-korea,exempting them from criminal liability under the Criminal Act due to the absence of state involvement,exempting them from criminal liability under the Criminal Act due to the absence of state involvement,non-sequitur,non-sequitur,True,neutral,neutral,True,flag,flag,101
foreskin,"forming the primary site for erogenous sensation, which remains unaffected by circumcision","forming the primary site for erogenous sensation, which remains unaffected by circumcision",inconsistency,inconsistency,True,pro,pro,True,flag,possible issue,90
gishiri-cutting,"Absence of efficacy is further inferred from fistula repair success rates, where gishiri-induced lesions require surgical correction without prior functional gains.","Absence of efficacy is further inferred from fistula repair success rates, where gishiri-induced lesions require surgical correction without prior functional gains.",unrepresentative-sample,non-sequitur,False,anti,anti,True,flag,flag,164
international-day-of-zero-tolerance-for-female-genital-mutilation,"This initiative has supported national strategies leading to declines in prevalence, such as in Egypt where reported FGM rates among girls aged 0-14 fell from 74% in 1995 to under 10% by 2021","This initiative has supported national strategies leading to declines in prevalence, such as in Egypt where reported FGM rates among girls aged 0-14 fell from 74% in 1995 to under 10% by 2021",false-cause,false-cause,True,anti,anti,True,flag,flag,191
mohel,"conferring lifelong protection when performed neonatally, as evidenced by lower HIV prevalence in circumcised populations","conferring lifelong protection when performed neonatally, as evidenced by lower HIV prevalence in circumcised populations",secundum-quid,over-extrapolation,False,pro,pro,True,flag,flag,121
mohel,"Mainstream portrayals tend to prioritize autonomy arguments against non-consensual procedures, reflecting institutional biases toward secular norms","Mainstream portrayals tend to prioritize autonomy arguments against non-consensual procedures, reflecting institutional biases toward secular norms",bulverism,bulverism,True,pro,pro,True,flag,possible issue,147
prevalence-of-circumcision,"Program evaluations confirm population-level HIV incidence declines correlating with VMMC scale-up, independent of confounding factors like antiretroviral therapy expansion.","Program evaluations confirm population-level HIV incidence declines correlating with VMMC scale-up, independent of confounding factors like antiretroviral therapy expansion.",false-cause,cum-hoc,False,pro,pro,True,flag,possible issue,173
prevalence-of-female-genital-mutilation,"Empirical data from repeated cross-sectional surveys underscore that while absolute numbers grow with demographics, targeted interventions have reduced type III procedures (infibulation) in some cohorts, highlighting causal links between education, legal enforcement, and attitude shifts over blanket prohibitions.","targeted interventions have reduced type III procedures (infibulation) in some cohorts, highlighting causal links between education, legal enforcement, and attitude shifts over blanket prohibitions",false-cause,cum-hoc,False,anti,anti,True,flag,possible issue,197
prevalence-of-female-genital-mutilation,"Recent declines in younger cohorts underscore campaign impacts, with under-15 prevalence below 5% in Uganda and Rwanda due to community-led initiatives, religious leader involvement, and enforcement of anti-FGM laws","Recent declines in younger cohorts underscore campaign impacts, with under-15 prevalence below 5% in Uganda and Rwanda due to community-led initiatives, religious leader involvement, and enforcement of anti-FGM laws",false-cause,false-cause,True,anti,anti,True,flag,flag,215
prohibition-of-female-circumcision-act-1985,"as evidenced by global health data showing FGM's complication rates far exceeding those of male circumcision (e.g., up to 15-30% acute issues in some FGM types versus under 1% for males in controlled settings)","as evidenced by global health data showing FGM's complication rates far exceeding those of male circumcision (e.g., up to 15-30% acute issues in some FGM types versus under 1% for males in controlled settings)",cherry-picking,suppressed-evidence,False,pro,pro,True,flag,possible issue,209
religion-and-circumcision,though source biases in academic and media analyses often skew toward cultural relativism over causal health outcomes,though source biases in academic and media analyses often skew toward cultural relativism over causal health outcomes,bulverism,bulverism,True,pro,pro,True,flag,possible issue,117
religious-views-on-female-genital-mutilation,"The notion that FGM is intrinsically linked to Islam lacks empirical support, as the practice shows higher rates among animist and Christian populations in certain African regions compared to many Muslim-majority areas.","The notion that FGM is intrinsically linked to Islam lacks empirical support, as the practice shows higher rates among animist and Christian populations in certain African regions compared to many Muslim-majority areas.",cherry-picking,cherry-picking,True,neutral,neutral,True,flag,flag,219
restoration-device,"This gap reflects broader institutional hesitancy toward patient-driven interventions countering routine circumcision, where formal studies remain scarce.","This gap reflects broader institutional hesitancy toward patient-driven interventions countering routine circumcision, where formal studies remain scarce.",bulverism,bulverism,True,anti,anti,True,flag,possible issue,154
restoration-device,"trace their efficacy to the empirical validation of tissue expansion rates averaging 0.5-1 cm per month under 500-1000 grams of force, as reported in practitioner forums and device testing","trace their efficacy to the empirical validation of tissue expansion rates averaging 0.5-1 cm per month under 500-1000 grams of force, as reported in practitioner forums and device testing",inconsistency,inconsistency,True,anti,anti,True,flag,flag,188
ulwaluko,yet empirical persistence underscores their adaptive fit within enduring Xhosa social fabrics,yet empirical persistence underscores their adaptive fit within enduring Xhosa social fabrics,appeal-to-tradition,appeal-to-tradition,True,pro,pro,True,flag,possible issue,93
ulwaluko,"Empirical audits reveal that core ritual elements under qualified custodians exhibit fewer failures, with escalated risks tracing primarily to modern encroachments such as fee-based, unregulated schools rather than inherent procedural flaws.","Empirical audits reveal that core ritual elements under qualified custodians exhibit fewer failures, with escalated risks tracing primarily to modern encroachments such as fee-based, unregulated schools rather than inherent procedural flaws.",inconsistency,inconsistency,True,pro,pro,True,flag,flag,241
ulwaluko,"Data from Mthatha-based research underscores low overt gay participation not as coerced rejection but as practical incompatibility, with initiates navigating dual lives post-ritual, suggesting cultural fit drives outcomes over institutional barriers.","Data from Mthatha-based research underscores low overt gay participation not as coerced rejection but as practical incompatibility, with initiates navigating dual lives post-ritual, suggesting cultural fit drives outcomes over institutional barriers.",non-sequitur,non-sequitur,True,pro,pro,True,flag,flag,250
ulwaluko,"Implementation has yielded measurable safety improvements, with reported deaths in the Eastern Cape dropping from 453 between 2006 and 2011—amid widespread non-compliance—to 11 out of 10,794 initiates in the 2022 winter season, attributable to stricter licensing and health interventions.","Implementation has yielded measurable safety improvements, with reported deaths in the Eastern Cape dropping from 453 between 2006 and 2011—amid widespread non-compliance—to 11 out of 10,794 initiates in the 2022 winter season, attributable to stricter licensing and health interventions.",cherry-picking,post-hoc,False,pro,pro,True,flag,flag,288
views-on-circumcision,"lower than the mortality risk associated with common pediatric surgeries like appendectomy, which exceeds 1% in infants under one year","Circumcision-related mortality is exceedingly rare, estimated at less than 1 in 500,000 procedures in developed settings, lower than the mortality risk associated with common pediatric surgeries like appendectomy",false-analogy,false-analogy,True,pro,pro,True,flag,possible issue,90
views-on-circumcision,undermining exaggerated characterizations of the procedure as inherently mutilative absent comparative data from other genital interventions,"report overall complication rates below 1%, predominantly minor and resolving without sequelae, undermining exaggerated characterizations of the procedure as inherently mutilative",irrelevant-conclusion,non-sequitur,False,pro,pro,True,flag,flag,83
views-on-circumcision,"with surveys indicating that adult circumcised men report satisfaction rates comparable to uncircumcised peers, suggesting that consent-based objections may not align with observed outcomes","with surveys indicating that adult circumcised men report satisfaction rates comparable to uncircumcised peers, suggesting that consent-based objections may not align with observed outcomes",irrelevant-conclusion,irrelevant-conclusion,True,pro,pro,True,flag,flag,189
views-on-circumcision,"This analogy persists despite fundamental disparities: FGM offers no established health benefits and entails severe complications including urinary issues and increased mortality risks, whereas voluntary medical male circumcision (VMMC) demonstrates empirical benefits such as reduced heterosexual HIV acquisition.","This analogy persists despite fundamental disparities: FGM offers no established health benefits and entails severe complications including urinary issues and increased mortality risks, whereas voluntary medical male circumcision (VMMC) demonstrates empirical benefits such as reduced heterosexual HIV acquisition.",secundum-quid,red-herring,False,pro,pro,True,flag,possible issue,314
women-unaffected-by-female-genital-cutting,"Type I (clitoridectomy, affecting ~80% of cases in some regions) involves minimal tissue removal analogous to hoodectomy in cosmetic procedures","Type I (clitoridectomy, affecting ~80% of cases in some regions) involves minimal tissue removal analogous to hoodectomy in cosmetic procedures",false-analogy,false-analogy,True,pro,pro,True,flag,flag,143
women-unaffected-by-female-genital-cutting,"Such distinctions reveal how source biases, including ethnocentric assumptions in academia, skew toward harm amplification over causal disaggregation of cultural versus procedural impacts.","Such distinctions reveal how source biases, including ethnocentric assumptions in academia, skew toward harm amplification over causal disaggregation of cultural versus procedural impacts.",bulverism,bulverism,True,pro,pro,True,flag,flag,188
women-unaffected-by-female-genital-cutting,"substantial proportions of women who have undergone the procedure express support for its continuation, indicating a lack of perceived personal detriment to well-being","substantial proportions of women who have undergone the procedure express support for its continuation, indicating a lack of perceived personal detriment to well-being",non-sequitur,non-sequitur,True,pro,pro,True,flag,flag,167
women-unaffected-by-female-genital-cutting,"Cohort studies report no procedure-independent elevation in physical morbidities, with adverse events more tied to social exclusion than anatomical changes (e.g., 16.6% recent gynecological events unrelated to FGC status).","Cohort studies report no procedure-independent elevation in physical morbidities, with adverse events more tied to social exclusion than anatomical changes (e.g., 16.6% recent gynecological events unrelated to FGC status).",unrepresentative-sample,unrepresentative-sample,True,pro,pro,True,flag,flag,222
