slug,r1_flags,r2_flags,r3_flags,r1_lean,r2_lean,r3_lean
ashley-montagu-resolution,4,2,2,even,pro,pro
brit-milah,3,2,2,pro,pro,pro
brit-shalom-naming-ceremony,0,0,0,none,none,none
children-act-1989-amendment-female-genital-mutilation-act-2019,0,1,2,none,even,anti
circumcision,4,2,4,pro,pro,pro
circumcision-and-hiv,1,0,1,pro,none,pro
circumcision-and-law,1,2,2,pro,pro,pro
circumcision-controversies,7,7,7,pro,pro,pro
circumcision-controversy-in-early-christianity,0,0,0,none,none,none
circumcision-in-africa,3,2,3,pro,pro,pro
circumcision-in-brunei,0,0,0,none,none,none
circumcision-in-china,0,0,0,none,none,none
circumcision-in-the-bible,0,0,0,none,none,none
circumcision-of-jesus,0,0,1,none,none,even
circumcision-surgical-procedure,0,0,0,none,none,none
clitoridectomy,1,1,1,anti,even,anti
cost-of-circumcision-surgery-in-chaozhou,0,0,0,none,none,none
cultural-views-on-circumcision-aesthetics,1,1,1,even,even,even
ethics-of-circumcision,6,12,10,pro,pro,pro
feast-of-the-circumcision-of-christ,0,0,0,none,none,none
female-genital-mutilation,3,3,7,pro,anti,anti
female-genital-mutilation-act-2003,2,2,5,anti,anti,anti
female-genital-mutilation-in-india,1,2,2,pro,pro,pro
female-genital-mutilation-in-new-zealand,2,2,2,anti,anti,anti
female-genital-mutilation-in-nigeria,2,2,3,even,even,anti
female-genital-mutilation-in-sudan,0,1,4,none,even,anti
female-genital-mutilation-in-the-gambia,1,0,2,anti,none,anti
female-genital-mutilation-in-the-united-kingdom,0,0,1,none,none,anti
female-genital-mutilation-in-the-united-states,2,1,3,anti,even,anti
female-genital-mutilation-laws-by-country,1,1,5,anti,anti,anti
forced-circumcision,3,1,3,anti,anti,anti
forced-circumcision-of-minors-in-south-korea,1,0,2,even,none,even
foreskin,1,1,2,pro,pro,pro
foreskin-man,0,0,2,none,none,pro
foreskin-restoration,0,0,0,none,none,none
gishiri-cutting,1,0,2,anti,none,anti
history-of-circumcision,0,0,0,none,none,none
holy-prepuce,0,0,0,none,none,none
infibulation,1,0,1,anti,none,even
international-day-of-zero-tolerance-for-female-genital-mutilation,1,0,2,anti,none,anti
khitan-circumcision,1,0,2,pro,none,pro
lipodermos,0,0,1,none,none,even
meatal-stenosis,1,0,1,anti,none,anti
mohel,2,2,2,pro,pro,pro
paraphimosis,0,0,0,none,none,none
penile-subincision,0,0,1,none,none,even
phimosis,1,0,0,pro,none,none
prevalence-of-circumcision,1,1,1,pro,pro,pro
prevalence-of-female-genital-mutilation,3,2,4,anti,even,anti
prohibition-of-female-circumcision-act-1985,4,1,1,anti,anti,pro
redundant-prepuce,0,0,1,none,none,pro
religion-and-circumcision,1,1,1,pro,even,pro
religious-views-on-female-genital-mutilation,2,0,3,anti,none,anti
restoration-device,2,0,3,anti,none,anti
stapler-circumcision,0,0,1,none,none,even
ulwaluko,5,3,5,pro,pro,pro
views-on-circumcision,4,1,4,pro,pro,pro
women-unaffected-by-female-genital-cutting,7,5,6,pro,pro,pro
