article,sentence_id,answer,by,reason
ashley-montagu-resolution,s0212,N,check-1,Main point is the cultural contrast with FGM (rite of passage; consent); the HIV correlation is one of several points
circumcision-and-hiv,s0251,N,check-1,Rests on voluntariness; consent; WHO endorsement and low complication rates; HIV is only the program context
circumcision-and-law,s0385,N,check-1,Legal deference to parents; the HIV figure is one example of 'modest aggregate benefits'
circumcision-in-africa,s0267,N,check-1,Point is assent and voluntariness in VMMC programs; HIV is the program aim; not the support
circumcision-in-africa,s0279,Y,check-1,Argues Western norms do not fit Africa because HIV epidemiology differs; no point left without the HIV benefit
circumcision-in-africa,s0280,N,check-1,Point is reported acceptance by men in surveys; a social fact that stands whether or not the benefit holds
circumcision-in-africa,s0281,N,check-1,Two points: voluntary informed consent and sustained protection; the consent point remains without the HIV claim
circumcision-in-africa,s0287,Y,check-1,Point is that autonomy claims should not outrank verifiable HIV transmission reductions; rests on the HIV claim
ethics-of-circumcision,s0136,N,check-1,Two points: overlooked HIV risk-benefit and parental welfare judgment over autonomy; the second remains
ethics-of-circumcision,s0301,N,check-1,Names UTI and penile cancer benefits; the UTI benefit remains without the cancer claim
khitan-circumcision,s0081,N,check-1,Religious endorsement; also cites UTIs (non-STI) alongside STDs
khitan-circumcision,s0198,N,check-1,Best-interests HIV benefit plus parental proxy consent and cultural rights; the consent point remains
mohel,s0224,N,check-1,About herpes risk from metzitzah b'peh in media coverage; not a benefit claim
views-on-circumcision,s0127,N,check-1,Parental prerogative argument citing UTI and HIV benefits; the UTI benefit remains
