reviewer,flag_row,slug,entry_id,favors,sentence_id,inventory_side,conflict,quote
r1,3,ashley-montagu-resolution,observational-interpretation,anti,s0038,none,"flag says anti, inventory says not an argument (not scored)","Empirical data from cohort studies, such as increased cesarean needs (OR 1.3-2.0) in cut women, underscored causal harms"
r1,5,brit-milah,secundum-quid,pro,s0006,none,"flag says pro, inventory says not an argument (not scored)","with empirical evidence indicating neonatal circumcision confers protections against urinary tract infections, penile cancer, and heterosexual HIV transmission"
r1,32,female-genital-mutilation,hasty-generalization,pro,s0020,anti,"flag says pro, inventory says anti","yet empirical comparisons reveal FGM's greater tissue loss (up to 80% in Type III) and zero net health gains, justifying the terminological distinction on harm-based grounds"
r1,34,female-genital-mutilation,irrelevant-conclusion,pro,s0322,anti,"flag says pro, inventory says anti","However, empirical evidence highlights fundamental differences in procedure, health outcomes, and functional impacts, rendering the practices non-equivalent in severity."
r1,35,female-genital-mutilation-act-2003,bulverism,anti,s0190,none,"flag says anti, inventory says not an argument (not scored)",with critics in media and academia—often exhibiting left-leaning biases toward multicultural tolerance—arguing that condemnation risks stigmatizing minority cultures
r1,36,female-genital-mutilation-act-2003,inconsistency,anti,s0205,none,"flag says anti, inventory says not an argument (not scored)",underscoring realism that unchecked migration without assimilation enforces de facto exemptions from universal prohibitions
r1,39,female-genital-mutilation-in-new-zealand,non-sequitur,anti,s0069,none,"flag says anti, inventory says not an argument (not scored)","empirical observations from obstetric surveys indicating rising encounters with FGM sequelae among migrant patients, underscoring causal links between selective immigration from FGM-endemic regions and sustained vulnerability"
r1,43,female-genital-mutilation-in-the-united-states,inconsistency,anti,s0069,none,"flag says anti, inventory says not an argument (not scored)","Empirical data from immigrant cohorts show that geographic isolation and community cohesion maintain prevalence levels akin to homelands, rather than inevitable assimilation-driven decline."
r1,47,forced-circumcision,persuasive-definition,anti,s0001,none,"flag says anti, inventory says not an argument (not scored)",encompassing procedures performed on infants incapable of consent
r1,52,infibulation,non-sequitur,anti,s0233,none,"flag says anti, inventory says not an argument (not scored)","UK NHS data recorded 37,615 FGM-affected women and girls accessing services cumulatively through March 2024, including Type III cases often performed clandestinely by healthcare providers to evade detection"
r1,53,international-day-of-zero-tolerance-for-female-genital-mutilation,false-cause,anti,s0137,none,"flag says anti, inventory says not an argument (not scored)","This initiative has supported national strategies leading to declines in prevalence, such as in Egypt where reported FGM rates among girls aged 0-14 fell from 74% in 1995 to under 10% by 2021"
r1,55,meatal-stenosis,inconsistency,anti,s0019,none,"flag says anti, inventory says not an argument (not scored)","Meatal stenosis primarily affects males, with an estimated global incidence of 8-10% among circumcised individuals."
r1,60,prevalence-of-female-genital-mutilation,false-cause,anti,s0006,none,"flag says anti, inventory says not an argument (not scored)","Empirical data from repeated cross-sectional surveys underscore that while absolute numbers grow with demographics, targeted interventions have reduced type III procedures (infibulation) in some cohorts, highlighting causal links between education, legal enforcement, and attitude shifts over blanket prohibitions."
r1,62,prevalence-of-female-genital-mutilation,false-cause,anti,s0172,none,"flag says anti, inventory says not an argument (not scored)","Recent declines in younger cohorts underscore campaign impacts, with under-15 prevalence below 5% in Uganda and Rwanda due to community-led initiatives, religious leader involvement, and enforcement of anti-FGM laws"
r1,63,prohibition-of-female-circumcision-act-1985,non-sequitur,anti,s0113,none,"flag says anti, inventory says not an argument (not scored)","The empirical record of zero convictions under the Act demonstrated its primarily symbolic function, with no deterrent effect evidenced in court outcomes."
r1,64,prohibition-of-female-circumcision-act-1985,false-cause,anti,s0121,none,"flag says anti, inventory says not an argument (not scored)","This approach contrasted with stricter enforcement of similar child welfare laws in non-cultural contexts, revealing a causal prioritization of multicultural harmony over consistent application of bodily integrity standards."
r1,65,prohibition-of-female-circumcision-act-1985,straw-man,anti,s0122,none,"flag says anti, inventory says not an argument (not scored)",Narratives attributing FGM persistence solely to socioeconomic factors like poverty have been overstated
r1,66,prohibition-of-female-circumcision-act-1985,cherry-picking,pro,s0142,anti,"flag says pro, inventory says anti","as evidenced by global health data showing FGM's complication rates far exceeding those of male circumcision (e.g., up to 15-30% acute issues in some FGM types versus under 1% for males in controlled settings)"
r1,67,religion-and-circumcision,bulverism,pro,s0005,none,"flag says pro, inventory says not an argument (not scored)",though source biases in academic and media analyses often skew toward cultural relativism over causal health outcomes
r1,70,restoration-device,bulverism,anti,s0009,none,"flag says anti, inventory says not an argument (not scored)","This gap reflects broader institutional hesitancy toward patient-driven interventions countering routine circumcision, where formal studies remain scarce."
r1,71,restoration-device,inconsistency,anti,s0046,none,"flag says anti, inventory says not an argument (not scored)","trace their efficacy to the empirical validation of tissue expansion rates averaging 0.5-1 cm per month under 500-1000 grams of force, as reported in practitioner forums and device testing"
r1,75,ulwaluko,non-sequitur,pro,s0167,none,"flag says pro, inventory says not an argument (not scored)","Data from Mthatha-based research underscores low overt gay participation not as coerced rejection but as practical incompatibility, with initiates navigating dual lives post-ritual, suggesting cultural fit drives outcomes over institutional barriers."
r1,76,ulwaluko,cherry-picking,pro,s0197,none,"flag says pro, inventory says not an argument (not scored)","Implementation has yielded measurable safety improvements, with reported deaths in the Eastern Cape dropping from 453 between 2006 and 2011—amid widespread non-compliance—to 11 out of 10,794 initiates in the 2022 winter season, attributable to stricter licensing and health interventions."
r1,86,women-unaffected-by-female-genital-cutting,inconsistency,pro,s0168,none,"flag says pro, inventory says not an argument (not scored)","Legal bans, such as Kenya's 2011 Prohibition of Female Genital Mutilation Act, have often driven the practice underground and spurred medicalization rather than cessation."
r2,1,ashley-montagu-resolution,appeal-to-motive,pro,s0013,none,"flag says pro, inventory says not an argument (not scored)","has faced critique for underemphasizing heritable population variances evident in later genomic studies, reflecting broader academic tendencies to prioritize nurture amid ideological pressures against hereditarianism"
r2,19,clitoridectomy,inconsistency,neutral,s0185,anti,neutral flag on an anti sentence,rates of extramarital sex and orgasm achievement remain comparable between cut and uncut women
r2,20,cultural-views-on-circumcision-aesthetics,inconsistency,neutral,s0124,pro,neutral flag on a pro sentence,"A 2019 systematic review of 29 studies published in Sexual Medicine found that in the overwhelming majority of studies, women expressed a preference for circumcised penises."
r2,36,female-genital-mutilation-act-2003,appeal-to-motive,anti,s0190,none,"flag says anti, inventory says not an argument (not scored)",with critics in media and academia—often exhibiting left-leaning biases toward multicultural tolerance—arguing that condemnation risks stigmatizing minority cultures
r2,37,female-genital-mutilation-act-2003,cum-hoc,anti,s0205,none,"flag says anti, inventory says not an argument (not scored)","yet data show unintegrated clusters—concentrated in areas like London boroughs with rates up to 47 per 1,000—perpetuate FGM through parallel social structures"
r2,38,female-genital-mutilation-in-india,inconsistency,pro,s0102,none,"flag says pro, inventory says not an argument (not scored)","These risks stem causally from procedural factors like lack of medical oversight, rather than inherent severity"
r2,41,female-genital-mutilation-in-new-zealand,cherry-picking,anti,s0138,none,"flag says anti, inventory says not an argument (not scored)","Downplaying views, prevalent in advocacy circles, rely on rarity claims but overlook how policy-driven inflows from non-assimilating sources inherently heighten odds, prioritizing volume over vetting efficacy."
r2,46,female-genital-mutilation-laws-by-country,cum-hoc,anti,s0265,none,"flag says anti, inventory says not an argument (not scored)","is countered by evidence that sustained universalist pressure correlates with attitude shifts, as in Burkina Faso's 92% support for bans by 2010 surveys post-2005 laws. [129] Ultimately, causal analysis favors universalism"
r2,47,forced-circumcision,inconsistency,anti,s0001,none,"flag says anti, inventory says not an argument (not scored)",encompassing procedures performed on infants incapable of consent
r2,54,prohibition-of-female-circumcision-act-1985,straw-man,anti,s0122,none,"flag says anti, inventory says not an argument (not scored)",Narratives attributing FGM persistence solely to socioeconomic factors like poverty have been overstated
r3,3,cultural-views-on-circumcision-aesthetics,inconsistency,neutral,s0124,pro,neutral flag on a pro sentence,"A 2019 systematic review of 29 studies published in Sexual Medicine found that in the overwhelming majority of studies, women expressed a preference for circumcised penises."
r3,4,redundant-prepuce,inconsistency,pro,s0056,none,"flag says pro, inventory says not an argument (not scored)",resulting in foreskin length that exceeds typical variation and more extensively covers the glans penis
r3,6,children-act-1989-amendment-female-genital-mutilation-act-2019,non-sequitur,anti,s0109,none,"flag says anti, inventory says not an argument (not scored)","Subsequent years showed variability, with 136 applications in 2020, 54 in 2021, and 71 in 2022, indicating a modest post-amendment uptick"
r3,7,children-act-1989-amendment-female-genital-mutilation-act-2019,post-hoc,anti,s0108,none,"flag says anti, inventory says not an argument (not scored)",reflecting an initial surge likely tied to expanded procedural access under section 8 proceedings
r3,8,meatal-stenosis,inconsistency,anti,s0047,none,"flag says anti, inventory says not an argument (not scored)","The condition is exceptionally rare in uncircumcised males, highlighting the causal role of surgical denudation of the prepuce in exposing vulnerable tissue to environmental irritants."
r3,10,foreskin-man,inconsistency,pro,s0137,none,"flag says pro, inventory says not an argument (not scored)","with its controversy ultimately contributing to the measure's failure at the polls on November 8, 2011"
r3,11,foreskin-man,post-hoc,pro,s0145,none,"flag says pro, inventory says not an argument (not scored)",as evidenced by the San Francisco ballot measure's defeat in November 2011 following backlash against its imagery
r3,13,female-genital-mutilation-in-the-gambia,cum-hoc,anti,s0054,none,"flag says anti, inventory says not an argument (not scored)","77% of those with no education report their daughters cut, versus 72% with primary and 68% with secondary or higher education, indicating that formal schooling disrupts transmission by challenging cultural justifications"
r3,14,female-genital-mutilation-in-new-zealand,inconsistency,anti,s0007,none,"flag says anti, inventory says not an argument (not scored)",This scarcity reflects effective legal deterrence and low cultural entrenchment
r3,15,female-genital-mutilation-in-new-zealand,non-sequitur,anti,s0069,none,"flag says anti, inventory says not an argument (not scored)",underscoring causal links between selective immigration from FGM-endemic regions and sustained vulnerability
r3,17,prohibition-of-female-circumcision-act-1985,suppressed-evidence,pro,s0142,anti,"flag says pro, inventory says anti","as evidenced by global health data showing FGM's complication rates far exceeding those of male circumcision (e.g., up to 15-30% acute issues in some FGM types versus under 1% for males in controlled settings)"
r3,23,women-unaffected-by-female-genital-cutting,inconsistency,pro,s0166,none,"flag says pro, inventory says not an argument (not scored)",indicating limited causal impact attributable to campaigns
r3,25,gishiri-cutting,cum-hoc,anti,s0198,none,"flag says anti, inventory says not an argument (not scored)","Demographic trends further contribute to decline, with successive Nigeria Demographic and Health Surveys (2003–2018) revealing an overall drop in female genital cutting prevalence from 25% to approximately 20% among women aged 15–49, correlated with rising female secondary education"
r3,29,religious-views-on-female-genital-mutilation,inconsistency,anti,s0199,none,"flag says anti, inventory says not an argument (not scored)","in Egypt, the share of girls aged 0-14 undergoing FGM fell from 74% in 2008 to under 10% in projections by 2020, with UNICEF attributing part of this 20-30% generational drop to religious leader advocacy"
r3,34,female-genital-mutilation-in-nigeria,inconsistency,neutral,s0017,anti,neutral flag on an anti sentence,"The absence of doctrinal causation is evident in FGM's uniform occurrence across animist, Muslim, and Christian populations"
r3,35,female-genital-mutilation-in-nigeria,false-cause,anti,s0159,none,"flag says anti, inventory says not an argument (not scored)","These initiatives have correlated with prevalence declines among older birth cohorts, dropping from 56.3% in the 1959–1963 cohort to 25.5% in the 1994–1998 cohort per Demographic and Health Survey data, reflecting heightened awareness from policy campaigns."
r3,38,ulwaluko,post-hoc,pro,s0197,none,"flag says pro, inventory says not an argument (not scored)","Implementation has yielded measurable safety improvements, with reported deaths in the Eastern Cape dropping from 453 between 2006 and 2011—amid widespread non-compliance—to 11 out of 10,794 initiates in the 2022 winter season, attributable to stricter licensing and health interventions."
r3,39,ulwaluko,non-sequitur,pro,s0167,none,"flag says pro, inventory says not an argument (not scored)","Data from Mthatha-based research underscores low overt gay participation not as coerced rejection but as practical incompatibility, with initiates navigating dual lives post-ritual, suggesting cultural fit drives outcomes over institutional barriers."
r3,43,religion-and-circumcision,bulverism,pro,s0005,none,"flag says pro, inventory says not an argument (not scored)",though source biases in academic and media analyses often skew toward cultural relativism over causal health outcomes
r3,44,female-genital-mutilation-in-the-united-kingdom,false-cause,anti,s0113,none,"flag says anti, inventory says not an argument (not scored)","These changes reflected causal links between lax prior enforcement—zero convictions from 1985 to 2014—and persistent cultural practices, prioritizing empirical deterrence over multicultural relativism."
r3,54,restoration-device,inconsistency,anti,s0057,none,"flag says anti, inventory says not an argument (not scored)",directing expansion along the penile shaft to regenerate mucosal-like skin
r3,55,restoration-device,inconsistency,anti,s0046,none,"flag says anti, inventory says not an argument (not scored)","trace their efficacy to the empirical validation of tissue expansion rates averaging 0.5-1 cm per month under 500-1000 grams of force, as reported in practitioner forums and device testing"
r3,56,restoration-device,bulverism,anti,s0009,none,"flag says anti, inventory says not an argument (not scored)","This gap reflects broader institutional hesitancy toward patient-driven interventions countering routine circumcision, where formal studies remain scarce."
r3,59,prevalence-of-female-genital-mutilation,false-cause,anti,s0172,none,"flag says anti, inventory says not an argument (not scored)","Recent declines in younger cohorts underscore campaign impacts, with under-15 prevalence below 5% in Uganda and Rwanda due to community-led initiatives, religious leader involvement, and enforcement of anti-FGM laws"
r3,60,prevalence-of-female-genital-mutilation,cum-hoc,anti,s0006,none,"flag says anti, inventory says not an argument (not scored)","targeted interventions have reduced type III procedures (infibulation) in some cohorts, highlighting causal links between education, legal enforcement, and attitude shifts over blanket prohibitions"
r3,61,female-genital-mutilation-in-the-united-states,inconsistency,anti,s0069,none,"flag says anti, inventory says not an argument (not scored)","Empirical data from immigrant cohorts show that geographic isolation and community cohesion maintain prevalence levels akin to homelands, rather than inevitable assimilation-driven decline."
r3,62,female-genital-mutilation-in-the-united-states,inconsistency,anti,s0215,none,"flag says anti, inventory says not an argument (not scored)",the paucity of documented cases post-2017 suggests potential deterrence effects from heightened awareness and legal risks
r3,63,female-genital-mutilation-in-the-united-states,tu-quoque,anti,s0211,none,"flag says anti, inventory says not an argument (not scored)","Sources advancing relativism, often from anthropological circles, exhibit selective application by condemning equivalent male practices less rigorously, revealing inconsistency rather than principled neutrality."
r3,67,international-day-of-zero-tolerance-for-female-genital-mutilation,false-cause,anti,s0137,none,"flag says anti, inventory says not an argument (not scored)","This initiative has supported national strategies leading to declines in prevalence, such as in Egypt where reported FGM rates among girls aged 0-14 fell from 74% in 1995 to under 10% by 2021"
r3,70,female-genital-mutilation-act-2003,bulverism,anti,s0190,none,"flag says anti, inventory says not an argument (not scored)",critics in media and academia—often exhibiting left-leaning biases toward multicultural tolerance—arguing that condemnation risks stigmatizing minority cultures
r3,71,female-genital-mutilation-act-2003,inconsistency,anti,s0205,none,"flag says anti, inventory says not an argument (not scored)","data show unintegrated clusters—concentrated in areas like London boroughs with rates up to 47 per 1,000—perpetuate FGM through parallel social structures"
r3,72,female-genital-mutilation-act-2003,false-cause,anti,s0247,none,"flag says anti, inventory says not an argument (not scored)",yet community-led education has demonstrably accelerated generational declines in UK-resident cohorts
r3,73,female-genital-mutilation-act-2003,inconsistency,anti,s0255,none,"flag says anti, inventory says not an argument (not scored)","Such measures underscore a relative weakness in the UK's hesitancy toward mandatory reporting or examinations, potentially limiting deterrence."
r3,76,clitoridectomy,false-cause,anti,s0174,none,"flag says anti, inventory says not an argument (not scored)",though enforcement of host-country bans has reduced incidence among second-generation communities
r3,77,female-genital-mutilation-in-india,inconsistency,pro,s0102,none,"flag says pro, inventory says not an argument (not scored)","These risks stem causally from procedural factors like lack of medical oversight, rather than inherent severity, as khatna aligns with WHO Type Ib cutting."
r3,79,brit-milah,over-extrapolation,pro,s0006,none,"flag says pro, inventory says not an argument (not scored)","with empirical evidence indicating neonatal circumcision confers protections against urinary tract infections, penile cancer, and heterosexual HIV transmission"
r3,102,female-genital-mutilation,bulverism,pro,s0072,none,"flag says pro, inventory says not an argument (not scored)",though data quality varies due to underreporting in biased self-reports from advocacy-influenced surveys
r3,105,female-genital-mutilation,straw-man,pro,s0171,none,"flag says pro, inventory says not an argument (not scored)",This pattern challenges assumptions of universal female victimhood
r3,106,female-genital-mutilation,inconsistency,anti,s0307,none,"flag says anti, inventory says not an argument (not scored)",underscoring that attitude shifts seldom override entrenched norms absent coercive measures
r3,108,female-genital-mutilation-in-sudan,false-cause,anti,s0004,none,"flag says anti, inventory says not an argument (not scored)",a modest decline observed since 2010 due to awareness campaigns
r3,112,female-genital-mutilation-laws-by-country,cum-hoc,anti,s0133,none,"flag says anti, inventory says not an argument (not scored)","Empirical data from UNICEF indicates higher persistence in such jurisdictions, with 4.3 million annual cases globally concentrated where legislation is weakest"
r3,114,female-genital-mutilation-laws-by-country,post-hoc,anti,s0262,none,"flag says anti, inventory says not an argument (not scored)","Universalist frameworks have driven binding instruments like the 2003 Maputo Protocol (African Union, 55 signatories), mandating bans while incorporating community sensitization, yielding prevalence drops (e.g., 25% reduction in Kenya from 1998-2014 per DHS surveys)"
r3,115,female-genital-mutilation-laws-by-country,cum-hoc,anti,s0265,none,"flag says anti, inventory says not an argument (not scored)",is countered by evidence that sustained universalist pressure correlates with attitude shifts
