q,slug,sentence_id,model_side
1,ashley-montagu-resolution,s0009,pro
2,ashley-montagu-resolution,s0013,none
3,ashley-montagu-resolution,s0017,none
4,ashley-montagu-resolution,s0024,none
5,ashley-montagu-resolution,s0034,none
6,ashley-montagu-resolution,s0037,none
7,ashley-montagu-resolution,s0038,none
8,ashley-montagu-resolution,s0045,anti
9,ashley-montagu-resolution,s0046,anti
10,ashley-montagu-resolution,s0050,anti
11,ashley-montagu-resolution,s0053,anti
12,ashley-montagu-resolution,s0066,anti
13,ashley-montagu-resolution,s0078,none
14,ashley-montagu-resolution,s0089,anti
15,ashley-montagu-resolution,s0097,anti
16,ashley-montagu-resolution,s0131,anti
17,ashley-montagu-resolution,s0134,anti
18,ashley-montagu-resolution,s0155,pro
19,ashley-montagu-resolution,s0156,pro
20,ashley-montagu-resolution,s0162,anti
21,ashley-montagu-resolution,s0176,pro
22,ashley-montagu-resolution,s0186,pro
23,ashley-montagu-resolution,s0188,pro
24,ashley-montagu-resolution,s0190,pro
25,ashley-montagu-resolution,s0203,pro
26,ashley-montagu-resolution,s0204,pro
27,ashley-montagu-resolution,s0206,pro
28,ashley-montagu-resolution,s0207,pro
29,ashley-montagu-resolution,s0209,pro
30,ashley-montagu-resolution,s0212,pro
31,ashley-montagu-resolution,s0213,pro
32,ashley-montagu-resolution,s0220,pro
33,ashley-montagu-resolution,s0222,pro
34,ashley-montagu-resolution,s0236,anti
35,ashley-montagu-resolution,s0242,pro
36,ashley-montagu-resolution,s0244,pro
37,ashley-montagu-resolution,s0246,none
38,brit-milah,s0006,none
39,brit-milah,s0008,anti
40,brit-milah,s0019,pro
41,brit-milah,s0099,none
42,brit-milah,s0133,pro
43,brit-milah,s0138,pro
44,brit-milah,s0205,none
45,brit-milah,s0222,anti
46,brit-milah,s0259,anti
47,brit-milah,s0260,anti
48,brit-milah,s0262,none
49,brit-milah,s0264,none
50,brit-milah,s0268,anti
51,brit-milah,s0272,anti
52,brit-milah,s0275,anti
53,brit-milah,s0279,anti
54,brit-milah,s0285,pro
55,brit-milah,s0290,pro
56,brit-milah,s0293,pro
57,brit-milah,s0295,none
58,brit-milah,s0300,none
59,brit-milah,s0304,none
60,brit-milah,s0308,pro
61,brit-milah,s0324,none
62,brit-milah,s0334,pro
63,brit-milah,s0363,anti
64,brit-shalom-naming-ceremony,s0043,none
65,brit-shalom-naming-ceremony,s0083,anti
66,brit-shalom-naming-ceremony,s0101,anti
67,brit-shalom-naming-ceremony,s0102,anti
68,brit-shalom-naming-ceremony,s0109,anti
69,children-act-1989-amendment-female-genital-mutilation-act-2019,s0055,none
70,children-act-1989-amendment-female-genital-mutilation-act-2019,s0083,anti
71,children-act-1989-amendment-female-genital-mutilation-act-2019,s0084,anti
72,children-act-1989-amendment-female-genital-mutilation-act-2019,s0108,none
73,children-act-1989-amendment-female-genital-mutilation-act-2019,s0109,none
74,children-act-1989-amendment-female-genital-mutilation-act-2019,s0141,anti
75,children-act-1989-amendment-female-genital-mutilation-act-2019,s0145,none
76,children-act-1989-amendment-female-genital-mutilation-act-2019,s0146,anti
77,circumcision,s0004,pro
78,circumcision,s0005,none
79,circumcision,s0006,none
80,circumcision,s0060,pro
81,circumcision,s0073,pro
82,circumcision,s0077,pro
83,circumcision,s0155,anti
84,circumcision,s0180,pro
85,circumcision,s0186,pro
86,circumcision,s0189,pro
87,circumcision,s0191,pro
88,circumcision,s0198,pro
89,circumcision,s0203,pro
90,circumcision,s0235,none
91,circumcision,s0260,none
92,circumcision,s0270,anti
93,circumcision,s0275,pro
94,circumcision,s0325,pro
95,circumcision,s0332,pro
96,circumcision,s0333,pro
97,circumcision,s0350,none
98,circumcision,s0367,anti
99,circumcision,s0373,anti
100,circumcision,s0379,anti
101,circumcision,s0395,none
102,circumcision,s0415,anti
103,circumcision,s0419,anti
104,circumcision,s0422,pro
105,circumcision,s0423,pro
106,circumcision,s0426,anti
107,circumcision,s0432,none
108,circumcision,s0433,pro
109,circumcision,s0459,pro
110,circumcision,s0461,none
111,circumcision,s0468,anti
112,circumcision,s0473,pro
113,circumcision,s0474,pro
114,circumcision-and-hiv,s0008,pro
115,circumcision-and-hiv,s0030,anti
116,circumcision-and-hiv,s0040,anti
117,circumcision-and-hiv,s0047,pro
118,circumcision-and-hiv,s0080,pro
119,circumcision-and-hiv,s0104,none
120,circumcision-and-hiv,s0167,pro
121,circumcision-and-hiv,s0199,anti
122,circumcision-and-hiv,s0210,anti
123,circumcision-and-hiv,s0217,anti
124,circumcision-and-hiv,s0220,anti
125,circumcision-and-hiv,s0232,pro
126,circumcision-and-hiv,s0233,pro
127,circumcision-and-hiv,s0236,anti
128,circumcision-and-hiv,s0243,anti
129,circumcision-and-hiv,s0252,pro
130,circumcision-and-law,s0001,none
131,circumcision-and-law,s0005,none
132,circumcision-and-law,s0007,pro
133,circumcision-and-law,s0052,anti
134,circumcision-and-law,s0066,pro
135,circumcision-and-law,s0077,pro
136,circumcision-and-law,s0087,anti
137,circumcision-and-law,s0090,none
138,circumcision-and-law,s0101,none
139,circumcision-and-law,s0102,pro
140,circumcision-and-law,s0104,anti
141,circumcision-and-law,s0106,pro
142,circumcision-and-law,s0113,pro
143,circumcision-and-law,s0117,pro
144,circumcision-and-law,s0157,none
145,circumcision-and-law,s0159,none
146,circumcision-and-law,s0178,none
147,circumcision-and-law,s0195,anti
148,circumcision-and-law,s0198,none
149,circumcision-and-law,s0226,none
150,circumcision-and-law,s0230,none
151,circumcision-and-law,s0236,anti
152,circumcision-and-law,s0243,none
153,circumcision-and-law,s0246,none
154,circumcision-and-law,s0287,none
155,circumcision-and-law,s0292,none
156,circumcision-and-law,s0295,none
157,circumcision-and-law,s0321,anti
158,circumcision-and-law,s0335,anti
159,circumcision-and-law,s0336,pro
160,circumcision-and-law,s0342,none
161,circumcision-and-law,s0344,none
162,circumcision-and-law,s0348,none
163,circumcision-and-law,s0355,pro
164,circumcision-and-law,s0357,none
165,circumcision-and-law,s0368,anti
166,circumcision-and-law,s0371,pro
167,circumcision-and-law,s0372,anti
168,circumcision-and-law,s0380,anti
169,circumcision-and-law,s0384,pro
170,circumcision-and-law,s0385,pro
171,circumcision-and-law,s0391,anti
172,circumcision-and-law,s0395,anti
173,circumcision-and-law,s0397,pro
174,circumcision-and-law,s0403,none
175,circumcision-and-law,s0412,anti
176,circumcision-controversies,s0001,none
177,circumcision-controversies,s0004,none
178,circumcision-controversies,s0054,anti
179,circumcision-controversies,s0073,pro
180,circumcision-controversies,s0077,anti
181,circumcision-controversies,s0085,pro
182,circumcision-controversies,s0091,pro
183,circumcision-controversies,s0100,pro
184,circumcision-controversies,s0101,pro
185,circumcision-controversies,s0103,pro
186,circumcision-controversies,s0105,pro
187,circumcision-controversies,s0107,pro
188,circumcision-controversies,s0108,pro
189,circumcision-controversies,s0112,pro
190,circumcision-controversies,s0118,pro
191,circumcision-controversies,s0122,pro
192,circumcision-controversies,s0126,pro
193,circumcision-controversies,s0128,pro
194,circumcision-controversies,s0143,none
195,circumcision-controversies,s0147,none
196,circumcision-controversies,s0150,none
197,circumcision-controversies,s0151,none
198,circumcision-controversies,s0155,anti
199,circumcision-controversies,s0165,pro
200,circumcision-controversies,s0177,anti
201,circumcision-controversies,s0184,pro
202,circumcision-controversies,s0208,anti
203,circumcision-controversies,s0215,pro
204,circumcision-controversies,s0218,pro
205,circumcision-controversies,s0223,pro
206,circumcision-controversies,s0226,pro
207,circumcision-controversy-in-early-christianity,s0088,anti
208,circumcision-in-africa,s0006,none
209,circumcision-in-africa,s0008,none
210,circumcision-in-africa,s0039,pro
211,circumcision-in-africa,s0044,none
212,circumcision-in-africa,s0079,pro
213,circumcision-in-africa,s0083,none
214,circumcision-in-africa,s0092,none
215,circumcision-in-africa,s0150,pro
216,circumcision-in-africa,s0154,pro
217,circumcision-in-africa,s0179,pro
218,circumcision-in-africa,s0187,pro
219,circumcision-in-africa,s0219,anti
220,circumcision-in-africa,s0253,pro
221,circumcision-in-africa,s0256,pro
222,circumcision-in-africa,s0257,none
223,circumcision-in-africa,s0268,anti
224,circumcision-in-africa,s0273,anti
225,circumcision-in-africa,s0275,pro
226,circumcision-in-africa,s0279,pro
227,circumcision-in-africa,s0282,pro
228,circumcision-in-africa,s0284,pro
229,circumcision-in-africa,s0285,pro
230,circumcision-in-africa,s0286,pro
231,circumcision-in-africa,s0287,pro
232,circumcision-in-brunei,s0050,pro
233,circumcision-in-china,s0016,none
234,circumcision-in-the-bible,s0086,anti
235,circumcision-of-jesus,s0075,none
236,circumcision-surgical-procedure,s0003,none
237,circumcision-surgical-procedure,s0062,anti
238,circumcision-surgical-procedure,s0122,none
239,circumcision-surgical-procedure,s0146,none
240,circumcision-surgical-procedure,s0165,none
241,circumcision-surgical-procedure,s0168,none
242,circumcision-surgical-procedure,s0176,none
243,circumcision-surgical-procedure,s0182,none
244,circumcision-surgical-procedure,s0183,none
245,circumcision-surgical-procedure,s0198,none
246,circumcision-surgical-procedure,s0229,none
247,circumcision-surgical-procedure,s0245,none
248,circumcision-surgical-procedure,s0298,anti
249,circumcision-surgical-procedure,s0308,anti
250,circumcision-surgical-procedure,s0309,pro
251,circumcision-surgical-procedure,s0312,anti
252,circumcision-surgical-procedure,s0314,pro
253,circumcision-surgical-procedure,s0323,anti
254,circumcision-surgical-procedure,s0327,anti
255,circumcision-surgical-procedure,s0336,anti
256,clitoridectomy,s0004,anti
257,clitoridectomy,s0008,anti
258,clitoridectomy,s0009,anti
259,clitoridectomy,s0051,none
260,clitoridectomy,s0055,anti
261,clitoridectomy,s0074,none
262,clitoridectomy,s0130,none
263,clitoridectomy,s0133,none
264,clitoridectomy,s0147,anti
265,clitoridectomy,s0174,none
266,clitoridectomy,s0184,anti
267,clitoridectomy,s0185,anti
268,clitoridectomy,s0186,anti
269,clitoridectomy,s0193,pro
270,clitoridectomy,s0194,anti
271,clitoridectomy,s0195,anti
272,clitoridectomy,s0201,pro
273,clitoridectomy,s0202,anti
274,clitoridectomy,s0203,anti
275,clitoridectomy,s0207,anti
276,clitoridectomy,s0212,anti
277,clitoridectomy,s0214,anti
278,clitoridectomy,s0223,none
279,clitoridectomy,s0226,anti
280,clitoridectomy,s0238,none
281,clitoridectomy,s0266,anti
282,cost-of-circumcision-surgery-in-chaozhou,s0160,none
283,cultural-views-on-circumcision-aesthetics,s0005,none
284,cultural-views-on-circumcision-aesthetics,s0042,anti
285,cultural-views-on-circumcision-aesthetics,s0079,anti
286,cultural-views-on-circumcision-aesthetics,s0108,anti
287,cultural-views-on-circumcision-aesthetics,s0124,pro
288,cultural-views-on-circumcision-aesthetics,s0131,none
289,ethics-of-circumcision,s0004,pro
290,ethics-of-circumcision,s0005,anti
291,ethics-of-circumcision,s0008,anti
292,ethics-of-circumcision,s0009,none
293,ethics-of-circumcision,s0010,anti
294,ethics-of-circumcision,s0018,pro
295,ethics-of-circumcision,s0020,anti
296,ethics-of-circumcision,s0024,pro
297,ethics-of-circumcision,s0036,anti
298,ethics-of-circumcision,s0047,pro
299,ethics-of-circumcision,s0061,pro
300,ethics-of-circumcision,s0064,pro
301,ethics-of-circumcision,s0072,pro
302,ethics-of-circumcision,s0073,pro
303,ethics-of-circumcision,s0075,pro
304,ethics-of-circumcision,s0076,pro
305,ethics-of-circumcision,s0078,none
306,ethics-of-circumcision,s0081,none
307,ethics-of-circumcision,s0087,pro
308,ethics-of-circumcision,s0090,none
309,ethics-of-circumcision,s0098,pro
310,ethics-of-circumcision,s0100,pro
311,ethics-of-circumcision,s0102,none
312,ethics-of-circumcision,s0104,pro
313,ethics-of-circumcision,s0105,pro
314,ethics-of-circumcision,s0106,pro
315,ethics-of-circumcision,s0108,pro
316,ethics-of-circumcision,s0110,pro
317,ethics-of-circumcision,s0114,none
318,ethics-of-circumcision,s0126,anti
319,ethics-of-circumcision,s0127,anti
320,ethics-of-circumcision,s0129,anti
321,ethics-of-circumcision,s0133,anti
322,ethics-of-circumcision,s0136,pro
323,ethics-of-circumcision,s0144,pro
324,ethics-of-circumcision,s0164,pro
325,ethics-of-circumcision,s0168,pro
326,ethics-of-circumcision,s0182,pro
327,ethics-of-circumcision,s0185,anti
328,ethics-of-circumcision,s0192,none
329,ethics-of-circumcision,s0198,pro
330,ethics-of-circumcision,s0201,pro
331,ethics-of-circumcision,s0214,pro
332,ethics-of-circumcision,s0219,none
333,ethics-of-circumcision,s0221,none
334,ethics-of-circumcision,s0224,pro
335,ethics-of-circumcision,s0225,pro
336,ethics-of-circumcision,s0233,pro
337,ethics-of-circumcision,s0237,pro
338,ethics-of-circumcision,s0241,pro
339,ethics-of-circumcision,s0242,pro
340,ethics-of-circumcision,s0245,pro
341,ethics-of-circumcision,s0246,pro
342,ethics-of-circumcision,s0247,pro
343,ethics-of-circumcision,s0256,anti
344,ethics-of-circumcision,s0274,anti
345,ethics-of-circumcision,s0277,anti
346,ethics-of-circumcision,s0285,anti
347,ethics-of-circumcision,s0301,pro
348,ethics-of-circumcision,s0302,pro
349,ethics-of-circumcision,s0305,pro
350,ethics-of-circumcision,s0322,pro
351,ethics-of-circumcision,s0327,anti
352,female-genital-mutilation,s0002,none
353,female-genital-mutilation,s0008,anti
354,female-genital-mutilation,s0009,anti
355,female-genital-mutilation,s0012,anti
356,female-genital-mutilation,s0014,none
357,female-genital-mutilation,s0017,anti
358,female-genital-mutilation,s0020,anti
359,female-genital-mutilation,s0056,anti
360,female-genital-mutilation,s0072,pro
361,female-genital-mutilation,s0073,none
362,female-genital-mutilation,s0075,anti
363,female-genital-mutilation,s0111,none
364,female-genital-mutilation,s0117,anti
365,female-genital-mutilation,s0125,anti
366,female-genital-mutilation,s0127,anti
367,female-genital-mutilation,s0138,anti
368,female-genital-mutilation,s0141,anti
369,female-genital-mutilation,s0147,anti
370,female-genital-mutilation,s0150,anti
371,female-genital-mutilation,s0157,none
372,female-genital-mutilation,s0171,pro
373,female-genital-mutilation,s0177,anti
374,female-genital-mutilation,s0185,anti
375,female-genital-mutilation,s0193,anti
376,female-genital-mutilation,s0210,anti
377,female-genital-mutilation,s0217,anti
378,female-genital-mutilation,s0218,anti
379,female-genital-mutilation,s0222,anti
380,female-genital-mutilation,s0224,anti
381,female-genital-mutilation,s0228,anti
382,female-genital-mutilation,s0236,none
383,female-genital-mutilation,s0240,anti
384,female-genital-mutilation,s0251,none
385,female-genital-mutilation,s0254,none
386,female-genital-mutilation,s0260,none
387,female-genital-mutilation,s0274,anti
388,female-genital-mutilation,s0279,none
389,female-genital-mutilation,s0307,none
390,female-genital-mutilation,s0309,pro
391,female-genital-mutilation,s0317,anti
392,female-genital-mutilation,s0318,anti
393,female-genital-mutilation,s0319,anti
394,female-genital-mutilation,s0321,pro
395,female-genital-mutilation,s0322,anti
396,female-genital-mutilation,s0326,anti
397,female-genital-mutilation,s0327,anti
398,female-genital-mutilation,s0328,anti
399,female-genital-mutilation,s0331,none
400,female-genital-mutilation,s0332,none
401,female-genital-mutilation,s0333,anti
402,female-genital-mutilation,s0336,none
403,female-genital-mutilation,s0340,anti
404,female-genital-mutilation,s0345,pro
405,female-genital-mutilation,s0347,none
406,female-genital-mutilation-act-2003,s0007,anti
407,female-genital-mutilation-act-2003,s0023,anti
408,female-genital-mutilation-act-2003,s0025,anti
409,female-genital-mutilation-act-2003,s0033,anti
410,female-genital-mutilation-act-2003,s0039,anti
411,female-genital-mutilation-act-2003,s0044,anti
412,female-genital-mutilation-act-2003,s0052,none
413,female-genital-mutilation-act-2003,s0057,anti
414,female-genital-mutilation-act-2003,s0058,anti
415,female-genital-mutilation-act-2003,s0066,anti
416,female-genital-mutilation-act-2003,s0112,none
417,female-genital-mutilation-act-2003,s0136,none
418,female-genital-mutilation-act-2003,s0155,none
419,female-genital-mutilation-act-2003,s0167,anti
420,female-genital-mutilation-act-2003,s0185,pro
421,female-genital-mutilation-act-2003,s0186,anti
422,female-genital-mutilation-act-2003,s0189,anti
423,female-genital-mutilation-act-2003,s0190,anti
424,female-genital-mutilation-act-2003,s0191,anti
425,female-genital-mutilation-act-2003,s0201,anti
426,female-genital-mutilation-act-2003,s0205,anti
427,female-genital-mutilation-act-2003,s0208,none
428,female-genital-mutilation-act-2003,s0247,none
429,female-genital-mutilation-act-2003,s0255,none
430,female-genital-mutilation-in-india,s0004,anti
431,female-genital-mutilation-in-india,s0016,anti
432,female-genital-mutilation-in-india,s0021,pro
433,female-genital-mutilation-in-india,s0082,none
434,female-genital-mutilation-in-india,s0100,anti
435,female-genital-mutilation-in-india,s0101,anti
436,female-genital-mutilation-in-india,s0102,pro
437,female-genital-mutilation-in-india,s0108,anti
438,female-genital-mutilation-in-india,s0109,pro
439,female-genital-mutilation-in-india,s0113,anti
440,female-genital-mutilation-in-india,s0129,none
441,female-genital-mutilation-in-india,s0155,anti
442,female-genital-mutilation-in-india,s0165,pro
443,female-genital-mutilation-in-india,s0183,anti
444,female-genital-mutilation-in-india,s0187,anti
445,female-genital-mutilation-in-india,s0197,none
446,female-genital-mutilation-in-india,s0200,anti
447,female-genital-mutilation-in-india,s0206,pro
448,female-genital-mutilation-in-india,s0208,pro
449,female-genital-mutilation-in-india,s0215,pro
450,female-genital-mutilation-in-india,s0232,pro
451,female-genital-mutilation-in-india,s0235,none
452,female-genital-mutilation-in-india,s0239,anti
453,female-genital-mutilation-in-india,s0240,anti
454,female-genital-mutilation-in-india,s0242,anti
455,female-genital-mutilation-in-india,s0243,anti
456,female-genital-mutilation-in-india,s0246,none
457,female-genital-mutilation-in-india,s0251,anti
458,female-genital-mutilation-in-india,s0254,anti
459,female-genital-mutilation-in-india,s0259,anti
460,female-genital-mutilation-in-india,s0260,anti
461,female-genital-mutilation-in-india,s0264,none
462,female-genital-mutilation-in-india,s0268,none
463,female-genital-mutilation-in-new-zealand,s0003,none
464,female-genital-mutilation-in-new-zealand,s0007,none
465,female-genital-mutilation-in-new-zealand,s0011,none
466,female-genital-mutilation-in-new-zealand,s0026,anti
467,female-genital-mutilation-in-new-zealand,s0028,anti
468,female-genital-mutilation-in-new-zealand,s0030,anti
469,female-genital-mutilation-in-new-zealand,s0036,anti
470,female-genital-mutilation-in-new-zealand,s0037,anti
471,female-genital-mutilation-in-new-zealand,s0048,none
472,female-genital-mutilation-in-new-zealand,s0068,anti
473,female-genital-mutilation-in-new-zealand,s0069,anti
474,female-genital-mutilation-in-new-zealand,s0087,anti
475,female-genital-mutilation-in-new-zealand,s0122,anti
476,female-genital-mutilation-in-new-zealand,s0126,anti
477,female-genital-mutilation-in-new-zealand,s0134,anti
478,female-genital-mutilation-in-new-zealand,s0138,anti
479,female-genital-mutilation-in-new-zealand,s0153,none
480,female-genital-mutilation-in-new-zealand,s0157,anti
481,female-genital-mutilation-in-nigeria,s0004,anti
482,female-genital-mutilation-in-nigeria,s0005,anti
483,female-genital-mutilation-in-nigeria,s0017,anti
484,female-genital-mutilation-in-nigeria,s0022,pro
485,female-genital-mutilation-in-nigeria,s0025,none
486,female-genital-mutilation-in-nigeria,s0060,anti
487,female-genital-mutilation-in-nigeria,s0110,anti
488,female-genital-mutilation-in-nigeria,s0136,none
489,female-genital-mutilation-in-nigeria,s0159,none
490,female-genital-mutilation-in-nigeria,s0168,none
491,female-genital-mutilation-in-nigeria,s0182,none
492,female-genital-mutilation-in-nigeria,s0186,none
493,female-genital-mutilation-in-nigeria,s0192,anti
494,female-genital-mutilation-in-nigeria,s0193,anti
495,female-genital-mutilation-in-nigeria,s0201,anti
496,female-genital-mutilation-in-nigeria,s0207,anti
497,female-genital-mutilation-in-nigeria,s0208,anti
498,female-genital-mutilation-in-sudan,s0004,none
499,female-genital-mutilation-in-sudan,s0029,none
500,female-genital-mutilation-in-sudan,s0031,none
501,female-genital-mutilation-in-sudan,s0047,none
502,female-genital-mutilation-in-sudan,s0050,none
503,female-genital-mutilation-in-sudan,s0052,pro
504,female-genital-mutilation-in-sudan,s0072,none
505,female-genital-mutilation-in-sudan,s0077,anti
506,female-genital-mutilation-in-sudan,s0096,pro
507,female-genital-mutilation-in-sudan,s0156,anti
508,female-genital-mutilation-in-sudan,s0165,pro
509,female-genital-mutilation-in-sudan,s0169,anti
510,female-genital-mutilation-in-sudan,s0171,anti
511,female-genital-mutilation-in-sudan,s0179,none
512,female-genital-mutilation-in-sudan,s0191,none
513,female-genital-mutilation-in-sudan,s0202,none
514,female-genital-mutilation-in-sudan,s0220,none
515,female-genital-mutilation-in-sudan,s0227,none
516,female-genital-mutilation-in-sudan,s0229,pro
517,female-genital-mutilation-in-sudan,s0232,none
518,female-genital-mutilation-in-sudan,s0248,none
519,female-genital-mutilation-in-sudan,s0264,pro
520,female-genital-mutilation-in-sudan,s0267,anti
521,female-genital-mutilation-in-sudan,s0270,none
522,female-genital-mutilation-in-sudan,s0278,none
523,female-genital-mutilation-in-sudan,s0282,none
524,female-genital-mutilation-in-sudan,s0284,anti
525,female-genital-mutilation-in-the-gambia,s0008,anti
526,female-genital-mutilation-in-the-gambia,s0017,pro
527,female-genital-mutilation-in-the-gambia,s0049,none
528,female-genital-mutilation-in-the-gambia,s0054,none
529,female-genital-mutilation-in-the-gambia,s0055,none
530,female-genital-mutilation-in-the-gambia,s0067,pro
531,female-genital-mutilation-in-the-gambia,s0160,none
532,female-genital-mutilation-in-the-united-kingdom,s0113,none
533,female-genital-mutilation-in-the-united-kingdom,s0204,anti
534,female-genital-mutilation-in-the-united-kingdom,s0214,none
535,female-genital-mutilation-in-the-united-states,s0003,anti
536,female-genital-mutilation-in-the-united-states,s0021,none
537,female-genital-mutilation-in-the-united-states,s0049,anti
538,female-genital-mutilation-in-the-united-states,s0069,none
539,female-genital-mutilation-in-the-united-states,s0121,none
540,female-genital-mutilation-in-the-united-states,s0148,anti
541,female-genital-mutilation-in-the-united-states,s0150,anti
542,female-genital-mutilation-in-the-united-states,s0151,anti
543,female-genital-mutilation-in-the-united-states,s0175,pro
544,female-genital-mutilation-in-the-united-states,s0183,pro
545,female-genital-mutilation-in-the-united-states,s0193,anti
546,female-genital-mutilation-in-the-united-states,s0198,anti
547,female-genital-mutilation-in-the-united-states,s0200,anti
548,female-genital-mutilation-in-the-united-states,s0210,anti
549,female-genital-mutilation-in-the-united-states,s0211,anti
550,female-genital-mutilation-in-the-united-states,s0215,none
551,female-genital-mutilation-in-the-united-states,s0216,anti
552,female-genital-mutilation-in-the-united-states,s0220,anti
553,female-genital-mutilation-laws-by-country,s0004,none
554,female-genital-mutilation-laws-by-country,s0023,none
555,female-genital-mutilation-laws-by-country,s0024,anti
556,female-genital-mutilation-laws-by-country,s0034,anti
557,female-genital-mutilation-laws-by-country,s0037,pro
558,female-genital-mutilation-laws-by-country,s0040,none
559,female-genital-mutilation-laws-by-country,s0043,anti
560,female-genital-mutilation-laws-by-country,s0048,anti
561,female-genital-mutilation-laws-by-country,s0049,anti
562,female-genital-mutilation-laws-by-country,s0087,anti
563,female-genital-mutilation-laws-by-country,s0107,none
564,female-genital-mutilation-laws-by-country,s0133,none
565,female-genital-mutilation-laws-by-country,s0250,anti
566,female-genital-mutilation-laws-by-country,s0251,none
567,female-genital-mutilation-laws-by-country,s0255,anti
568,female-genital-mutilation-laws-by-country,s0258,pro
569,female-genital-mutilation-laws-by-country,s0259,pro
570,female-genital-mutilation-laws-by-country,s0260,anti
571,female-genital-mutilation-laws-by-country,s0261,anti
572,female-genital-mutilation-laws-by-country,s0262,none
573,female-genital-mutilation-laws-by-country,s0265,none
574,female-genital-mutilation-laws-by-country,s0266,anti
575,female-genital-mutilation-laws-by-country,s0271,anti
576,female-genital-mutilation-laws-by-country,s0272,anti
577,female-genital-mutilation-laws-by-country,s0275,anti
578,female-genital-mutilation-laws-by-country,s0294,none
579,female-genital-mutilation-laws-by-country,s0309,anti
580,female-genital-mutilation-laws-by-country,s0311,none
581,female-genital-mutilation-laws-by-country,s0312,anti
582,forced-circumcision,s0001,none
583,forced-circumcision,s0009,anti
584,forced-circumcision,s0010,anti
585,forced-circumcision,s0018,anti
586,forced-circumcision,s0028,none
587,forced-circumcision,s0049,anti
588,forced-circumcision,s0053,anti
589,forced-circumcision,s0141,anti
590,forced-circumcision,s0147,anti
591,forced-circumcision,s0160,none
592,forced-circumcision,s0161,none
593,forced-circumcision,s0162,none
594,forced-circumcision,s0169,none
595,forced-circumcision,s0172,none
596,forced-circumcision,s0185,pro
597,forced-circumcision,s0188,anti
598,forced-circumcision,s0193,anti
599,forced-circumcision,s0220,none
600,forced-circumcision,s0221,none
601,forced-circumcision,s0231,anti
602,forced-circumcision,s0238,pro
603,forced-circumcision,s0241,none
604,forced-circumcision,s0243,none
605,forced-circumcision,s0247,anti
606,forced-circumcision,s0250,anti
607,forced-circumcision,s0265,pro
608,forced-circumcision,s0277,anti
609,forced-circumcision,s0278,pro
610,forced-circumcision,s0282,none
611,forced-circumcision,s0286,anti
612,forced-circumcision-of-minors-in-south-korea,s0004,anti
613,forced-circumcision-of-minors-in-south-korea,s0009,none
614,forced-circumcision-of-minors-in-south-korea,s0012,none
615,forced-circumcision-of-minors-in-south-korea,s0013,none
616,forced-circumcision-of-minors-in-south-korea,s0018,none
617,forced-circumcision-of-minors-in-south-korea,s0021,anti
618,foreskin,s0010,anti
619,foreskin,s0079,pro
620,foreskin,s0135,none
621,foreskin,s0166,pro
622,foreskin,s0197,pro
623,foreskin,s0207,anti
624,foreskin,s0261,anti
625,foreskin,s0268,pro
626,foreskin,s0270,pro
627,foreskin,s0277,pro
628,foreskin,s0278,pro
629,foreskin,s0279,pro
630,foreskin,s0283,pro
631,foreskin,s0285,anti
632,foreskin,s0287,anti
633,foreskin,s0290,anti
634,foreskin,s0292,anti
635,foreskin,s0294,anti
636,foreskin-man,s0011,anti
637,foreskin-man,s0033,anti
638,foreskin-man,s0045,none
639,foreskin-man,s0056,none
640,foreskin-man,s0077,anti
641,foreskin-man,s0098,none
642,foreskin-man,s0100,anti
643,foreskin-man,s0119,pro
644,foreskin-man,s0137,none
645,foreskin-man,s0140,pro
646,foreskin-man,s0142,none
647,foreskin-man,s0143,none
648,foreskin-man,s0145,pro
649,foreskin-man,s0158,none
650,foreskin-restoration,s0046,none
651,foreskin-restoration,s0104,none
652,foreskin-restoration,s0202,anti
653,foreskin-restoration,s0208,none
654,foreskin-restoration,s0209,none
655,foreskin-restoration,s0217,none
656,foreskin-restoration,s0265,anti
657,foreskin-restoration,s0267,pro
658,foreskin-restoration,s0269,anti
659,foreskin-restoration,s0288,none
660,gishiri-cutting,s0067,anti
661,gishiri-cutting,s0084,pro
662,gishiri-cutting,s0121,anti
663,gishiri-cutting,s0123,anti
664,gishiri-cutting,s0133,anti
665,gishiri-cutting,s0137,anti
666,gishiri-cutting,s0141,anti
667,gishiri-cutting,s0151,anti
668,gishiri-cutting,s0153,anti
669,gishiri-cutting,s0175,none
670,gishiri-cutting,s0198,none
671,history-of-circumcision,s0059,none
672,history-of-circumcision,s0128,none
673,history-of-circumcision,s0200,pro
674,history-of-circumcision,s0207,anti
675,history-of-circumcision,s0215,none
676,history-of-circumcision,s0216,none
677,infibulation,s0003,anti
678,infibulation,s0116,pro
679,infibulation,s0144,anti
680,infibulation,s0147,anti
681,infibulation,s0158,none
682,infibulation,s0166,pro
683,infibulation,s0174,anti
684,infibulation,s0176,anti
685,infibulation,s0178,anti
686,infibulation,s0181,anti
687,infibulation,s0187,anti
688,infibulation,s0189,anti
689,infibulation,s0192,anti
690,infibulation,s0193,anti
691,infibulation,s0196,none
692,infibulation,s0211,anti
693,infibulation,s0227,none
694,infibulation,s0233,none
695,infibulation,s0237,none
696,infibulation,s0239,anti
697,infibulation,s0240,anti
698,infibulation,s0248,anti
699,international-day-of-zero-tolerance-for-female-genital-mutilation,s0002,anti
700,international-day-of-zero-tolerance-for-female-genital-mutilation,s0014,anti
701,international-day-of-zero-tolerance-for-female-genital-mutilation,s0017,none
702,international-day-of-zero-tolerance-for-female-genital-mutilation,s0020,anti
703,international-day-of-zero-tolerance-for-female-genital-mutilation,s0021,none
704,international-day-of-zero-tolerance-for-female-genital-mutilation,s0029,anti
705,international-day-of-zero-tolerance-for-female-genital-mutilation,s0047,anti
706,international-day-of-zero-tolerance-for-female-genital-mutilation,s0054,anti
707,international-day-of-zero-tolerance-for-female-genital-mutilation,s0057,none
708,international-day-of-zero-tolerance-for-female-genital-mutilation,s0097,none
709,international-day-of-zero-tolerance-for-female-genital-mutilation,s0104,pro
710,international-day-of-zero-tolerance-for-female-genital-mutilation,s0108,pro
711,international-day-of-zero-tolerance-for-female-genital-mutilation,s0109,none
712,international-day-of-zero-tolerance-for-female-genital-mutilation,s0116,anti
713,international-day-of-zero-tolerance-for-female-genital-mutilation,s0124,anti
714,international-day-of-zero-tolerance-for-female-genital-mutilation,s0128,anti
715,international-day-of-zero-tolerance-for-female-genital-mutilation,s0137,none
716,international-day-of-zero-tolerance-for-female-genital-mutilation,s0147,none
717,international-day-of-zero-tolerance-for-female-genital-mutilation,s0164,anti
718,international-day-of-zero-tolerance-for-female-genital-mutilation,s0165,anti
719,international-day-of-zero-tolerance-for-female-genital-mutilation,s0182,none
720,international-day-of-zero-tolerance-for-female-genital-mutilation,s0223,none
721,international-day-of-zero-tolerance-for-female-genital-mutilation,s0233,none
722,international-day-of-zero-tolerance-for-female-genital-mutilation,s0236,none
723,international-day-of-zero-tolerance-for-female-genital-mutilation,s0238,none
724,international-day-of-zero-tolerance-for-female-genital-mutilation,s0239,none
725,international-day-of-zero-tolerance-for-female-genital-mutilation,s0251,anti
726,international-day-of-zero-tolerance-for-female-genital-mutilation,s0252,anti
727,khitan-circumcision,s0006,pro
728,khitan-circumcision,s0066,none
729,khitan-circumcision,s0079,none
730,khitan-circumcision,s0093,none
731,khitan-circumcision,s0122,anti
732,khitan-circumcision,s0146,pro
733,khitan-circumcision,s0174,none
734,khitan-circumcision,s0185,none
735,khitan-circumcision,s0187,none
736,khitan-circumcision,s0189,none
737,khitan-circumcision,s0192,none
738,khitan-circumcision,s0199,none
739,khitan-circumcision,s0206,pro
740,khitan-circumcision,s0207,pro
741,khitan-circumcision,s0209,pro
742,khitan-circumcision,s0210,pro
743,khitan-circumcision,s0221,none
744,lipodermos,s0016,none
745,meatal-stenosis,s0019,anti
746,meatal-stenosis,s0047,anti
747,meatal-stenosis,s0088,none
748,meatal-stenosis,s0092,none
749,meatal-stenosis,s0167,pro
750,meatal-stenosis,s0170,anti
751,mohel,s0036,none
752,mohel,s0062,pro
753,mohel,s0116,pro
754,mohel,s0122,pro
755,mohel,s0128,pro
756,mohel,s0130,pro
757,mohel,s0134,pro
758,mohel,s0136,pro
759,mohel,s0140,pro
760,mohel,s0144,anti
761,mohel,s0147,anti
762,mohel,s0152,anti
763,mohel,s0163,anti
764,mohel,s0167,anti
765,mohel,s0171,anti
766,mohel,s0231,pro
767,paraphimosis,s0003,none
768,paraphimosis,s0070,none
769,paraphimosis,s0176,none
770,paraphimosis,s0195,none
771,paraphimosis,s0204,pro
772,penile-subincision,s0097,anti
773,penile-subincision,s0126,anti
774,penile-subincision,s0129,pro
775,penile-subincision,s0131,anti
776,penile-subincision,s0132,anti
777,penile-subincision,s0138,none
778,penile-subincision,s0141,anti
779,penile-subincision,s0143,none
780,penile-subincision,s0147,none
781,penile-subincision,s0150,anti
782,phimosis,s0150,none
783,phimosis,s0156,none
784,phimosis,s0205,none
785,phimosis,s0214,anti
786,phimosis,s0232,none
787,phimosis,s0265,pro
788,phimosis,s0280,anti
789,phimosis,s0283,anti
790,phimosis,s0322,none
791,prevalence-of-circumcision,s0008,none
792,prevalence-of-circumcision,s0048,none
793,prevalence-of-circumcision,s0058,pro
794,prevalence-of-circumcision,s0095,pro
795,prevalence-of-circumcision,s0114,none
796,prevalence-of-circumcision,s0122,none
797,prevalence-of-female-genital-mutilation,s0006,none
798,prevalence-of-female-genital-mutilation,s0027,pro
799,prevalence-of-female-genital-mutilation,s0030,pro
800,prevalence-of-female-genital-mutilation,s0034,anti
801,prevalence-of-female-genital-mutilation,s0035,pro
802,prevalence-of-female-genital-mutilation,s0078,none
803,prevalence-of-female-genital-mutilation,s0079,none
804,prevalence-of-female-genital-mutilation,s0082,none
805,prevalence-of-female-genital-mutilation,s0099,none
806,prevalence-of-female-genital-mutilation,s0104,none
807,prevalence-of-female-genital-mutilation,s0163,none
808,prevalence-of-female-genital-mutilation,s0172,none
809,prevalence-of-female-genital-mutilation,s0179,none
810,prevalence-of-female-genital-mutilation,s0188,anti
811,prohibition-of-female-circumcision-act-1985,s0032,anti
812,prohibition-of-female-circumcision-act-1985,s0035,anti
813,prohibition-of-female-circumcision-act-1985,s0049,pro
814,prohibition-of-female-circumcision-act-1985,s0056,anti
815,prohibition-of-female-circumcision-act-1985,s0070,none
816,prohibition-of-female-circumcision-act-1985,s0113,none
817,prohibition-of-female-circumcision-act-1985,s0121,anti
818,prohibition-of-female-circumcision-act-1985,s0122,none
819,prohibition-of-female-circumcision-act-1985,s0124,none
820,prohibition-of-female-circumcision-act-1985,s0126,pro
821,prohibition-of-female-circumcision-act-1985,s0128,anti
822,prohibition-of-female-circumcision-act-1985,s0138,anti
823,prohibition-of-female-circumcision-act-1985,s0139,anti
824,prohibition-of-female-circumcision-act-1985,s0142,anti
825,redundant-prepuce,s0033,none
826,redundant-prepuce,s0056,none
827,redundant-prepuce,s0083,none
828,redundant-prepuce,s0085,none
829,redundant-prepuce,s0093,none
830,redundant-prepuce,s0099,none
831,redundant-prepuce,s0101,pro
832,redundant-prepuce,s0151,none
833,religion-and-circumcision,s0005,pro
834,religion-and-circumcision,s0041,pro
835,religion-and-circumcision,s0090,none
836,religion-and-circumcision,s0109,none
837,religion-and-circumcision,s0164,none
838,religion-and-circumcision,s0171,none
839,religion-and-circumcision,s0183,anti
840,religion-and-circumcision,s0188,pro
841,religion-and-circumcision,s0189,anti
842,religion-and-circumcision,s0195,none
843,religion-and-circumcision,s0198,anti
844,religion-and-circumcision,s0199,pro
845,religion-and-circumcision,s0203,pro
846,religion-and-circumcision,s0207,pro
847,religion-and-circumcision,s0210,pro
848,religion-and-circumcision,s0211,pro
849,religion-and-circumcision,s0223,pro
850,religion-and-circumcision,s0227,pro
851,religious-views-on-female-genital-mutilation,s0001,none
852,religious-views-on-female-genital-mutilation,s0005,none
853,religious-views-on-female-genital-mutilation,s0016,none
854,religious-views-on-female-genital-mutilation,s0024,anti
855,religious-views-on-female-genital-mutilation,s0035,none
856,religious-views-on-female-genital-mutilation,s0037,none
857,religious-views-on-female-genital-mutilation,s0072,pro
858,religious-views-on-female-genital-mutilation,s0074,pro
859,religious-views-on-female-genital-mutilation,s0075,pro
860,religious-views-on-female-genital-mutilation,s0077,anti
861,religious-views-on-female-genital-mutilation,s0100,none
862,religious-views-on-female-genital-mutilation,s0106,anti
863,religious-views-on-female-genital-mutilation,s0127,anti
864,religious-views-on-female-genital-mutilation,s0129,anti
865,religious-views-on-female-genital-mutilation,s0131,none
866,religious-views-on-female-genital-mutilation,s0148,anti
867,religious-views-on-female-genital-mutilation,s0199,none
868,religious-views-on-female-genital-mutilation,s0200,anti
869,religious-views-on-female-genital-mutilation,s0201,anti
870,restoration-device,s0008,none
871,restoration-device,s0009,none
872,restoration-device,s0021,anti
873,restoration-device,s0046,none
874,restoration-device,s0057,none
875,restoration-device,s0066,none
876,restoration-device,s0124,none
877,restoration-device,s0151,none
878,restoration-device,s0160,none
879,restoration-device,s0187,none
880,restoration-device,s0199,none
881,restoration-device,s0224,none
882,restoration-device,s0257,none
883,restoration-device,s0270,none
884,stapler-circumcision,s0005,none
885,stapler-circumcision,s0104,none
886,stapler-circumcision,s0124,none
887,stapler-circumcision,s0209,none
888,ulwaluko,s0004,anti
889,ulwaluko,s0085,pro
890,ulwaluko,s0097,pro
891,ulwaluko,s0130,pro
892,ulwaluko,s0136,pro
893,ulwaluko,s0147,pro
894,ulwaluko,s0167,none
895,ulwaluko,s0169,none
896,ulwaluko,s0178,anti
897,ulwaluko,s0190,none
898,ulwaluko,s0197,pro
899,ulwaluko,s0207,pro
900,ulwaluko,s0229,none
901,views-on-circumcision,s0006,anti
902,views-on-circumcision,s0009,pro
903,views-on-circumcision,s0010,anti
904,views-on-circumcision,s0060,none
905,views-on-circumcision,s0079,pro
906,views-on-circumcision,s0091,pro
907,views-on-circumcision,s0098,pro
908,views-on-circumcision,s0101,pro
909,views-on-circumcision,s0108,anti
910,views-on-circumcision,s0113,pro
911,views-on-circumcision,s0114,none
912,views-on-circumcision,s0122,pro
913,views-on-circumcision,s0125,pro
914,views-on-circumcision,s0126,pro
915,views-on-circumcision,s0127,pro
916,views-on-circumcision,s0128,pro
917,views-on-circumcision,s0136,pro
918,views-on-circumcision,s0146,none
919,views-on-circumcision,s0158,none
920,views-on-circumcision,s0182,anti
921,views-on-circumcision,s0184,pro
922,views-on-circumcision,s0188,pro
923,women-unaffected-by-female-genital-cutting,s0018,none
924,women-unaffected-by-female-genital-cutting,s0020,none
925,women-unaffected-by-female-genital-cutting,s0028,pro
926,women-unaffected-by-female-genital-cutting,s0029,pro
927,women-unaffected-by-female-genital-cutting,s0032,pro
928,women-unaffected-by-female-genital-cutting,s0033,pro
929,women-unaffected-by-female-genital-cutting,s0049,none
930,women-unaffected-by-female-genital-cutting,s0069,pro
931,women-unaffected-by-female-genital-cutting,s0073,pro
932,women-unaffected-by-female-genital-cutting,s0080,pro
933,women-unaffected-by-female-genital-cutting,s0082,pro
934,women-unaffected-by-female-genital-cutting,s0085,pro
935,women-unaffected-by-female-genital-cutting,s0100,pro
936,women-unaffected-by-female-genital-cutting,s0111,pro
937,women-unaffected-by-female-genital-cutting,s0112,pro
938,women-unaffected-by-female-genital-cutting,s0113,pro
939,women-unaffected-by-female-genital-cutting,s0126,pro
940,women-unaffected-by-female-genital-cutting,s0127,pro
941,women-unaffected-by-female-genital-cutting,s0132,pro
942,women-unaffected-by-female-genital-cutting,s0134,pro
943,women-unaffected-by-female-genital-cutting,s0139,pro
944,women-unaffected-by-female-genital-cutting,s0147,pro
945,women-unaffected-by-female-genital-cutting,s0152,pro
946,women-unaffected-by-female-genital-cutting,s0159,none
947,women-unaffected-by-female-genital-cutting,s0164,none
948,women-unaffected-by-female-genital-cutting,s0166,none
949,women-unaffected-by-female-genital-cutting,s0168,none
950,women-unaffected-by-female-genital-cutting,s0170,none
951,women-unaffected-by-female-genital-cutting,s0176,none
952,women-unaffected-by-female-genital-cutting,s0177,pro
953,women-unaffected-by-female-genital-cutting,s0183,pro
954,women-unaffected-by-female-genital-cutting,s0185,anti
955,women-unaffected-by-female-genital-cutting,s0186,anti
956,women-unaffected-by-female-genital-cutting,s0187,none
957,women-unaffected-by-female-genital-cutting,s0188,pro
