article,sentence_id,points_step5,points_after_pass2,points_after_pass3,pass3_flags
ashley-montagu-resolution,s0009,3,2,2,0
ashley-montagu-resolution,s0042,3,3,3,0
ashley-montagu-resolution,s0046,3,3,3,0
ashley-montagu-resolution,s0067,3,3,3,0
ashley-montagu-resolution,s0147,3,3,3,0
ashley-montagu-resolution,s0153,3,3,3,0
ashley-montagu-resolution,s0155,3,3,3,0
ashley-montagu-resolution,s0156,3,3,3,0
ashley-montagu-resolution,s0163,3,3,3,0
ashley-montagu-resolution,s0166,3,3,3,0
ashley-montagu-resolution,s0176,1,1,1,0
ashley-montagu-resolution,s0177,3,3,3,0
ashley-montagu-resolution,s0183,3,3,3,0
ashley-montagu-resolution,s0185,3,3,3,0
ashley-montagu-resolution,s0186,3,3,3,0
ashley-montagu-resolution,s0188,3,3,3,0
ashley-montagu-resolution,s0189,3,3,3,0
ashley-montagu-resolution,s0193,3,3,3,0
ashley-montagu-resolution,s0194,3,3,3,0
ashley-montagu-resolution,s0196,3,3,3,0
ashley-montagu-resolution,s0197,3,3,3,0
ashley-montagu-resolution,s0198,3,3,3,0
ashley-montagu-resolution,s0199,3,3,3,0
ashley-montagu-resolution,s0201,3,3,3,0
ashley-montagu-resolution,s0202,3,3,3,0
ashley-montagu-resolution,s0203,3,3,3,0
ashley-montagu-resolution,s0204,2,2,2,0
ashley-montagu-resolution,s0207,3,3,3,0
ashley-montagu-resolution,s0208,3,3,3,0
ashley-montagu-resolution,s0209,3,3,3,0
ashley-montagu-resolution,s0211,3,3,3,0
ashley-montagu-resolution,s0212,3,3,3,0
ashley-montagu-resolution,s0213,3,3,3,0
ashley-montagu-resolution,s0215,3,3,3,0
ashley-montagu-resolution,s0216,3,3,3,0
ashley-montagu-resolution,s0217,3,3,3,0
ashley-montagu-resolution,s0218,3,3,3,0
ashley-montagu-resolution,s0220,3,3,3,0
ashley-montagu-resolution,s0222,3,3,3,0
ashley-montagu-resolution,s0242,3,3,3,0
ashley-montagu-resolution,s0244,3,3,3,0
brit-milah,s0019,3,3,3,0
brit-milah,s0020,3,3,3,0
brit-milah,s0044,3,3,3,0
brit-milah,s0076,3,3,3,0
brit-milah,s0077,3,3,3,0
brit-milah,s0091,3,3,3,0
brit-milah,s0129,3,3,3,0
brit-milah,s0130,3,3,3,0
brit-milah,s0138,0,0,0,0
brit-milah,s0167,3,3,3,0
brit-milah,s0174,3,3,3,0
brit-milah,s0207,3,3,3,0
brit-milah,s0208,3,3,3,0
brit-milah,s0209,3,3,3,0
brit-milah,s0211,3,3,3,0
brit-milah,s0212,3,3,3,0
brit-milah,s0213,3,3,3,0
brit-milah,s0215,3,3,3,0
brit-milah,s0216,3,3,3,0
brit-milah,s0218,3,3,3,0
brit-milah,s0219,3,3,3,0
brit-milah,s0220,3,3,3,0
brit-milah,s0255,3,3,3,0
brit-milah,s0256,3,3,3,0
brit-milah,s0264,3,3,3,0
brit-milah,s0271,3,3,3,0
brit-milah,s0283,3,3,3,0
brit-milah,s0285,3,3,3,0
brit-milah,s0286,3,3,3,0
brit-milah,s0289,3,3,3,0
brit-milah,s0290,3,3,3,0
brit-milah,s0291,3,3,3,0
brit-milah,s0293,1,1,1,0
brit-milah,s0316,3,3,3,0
brit-milah,s0330,3,3,3,0
brit-milah,s0331,3,3,3,0
brit-milah,s0334,3,3,3,0
brit-milah,s0335,3,3,3,0
brit-milah,s0339,3,3,3,0
brit-shalom-naming-ceremony,s0030,3,3,3,0
brit-shalom-naming-ceremony,s0032,3,3,3,0
brit-shalom-naming-ceremony,s0037,3,3,3,0
brit-shalom-naming-ceremony,s0038,3,3,3,0
brit-shalom-naming-ceremony,s0040,3,3,3,0
brit-shalom-naming-ceremony,s0092,3,3,3,0
brit-shalom-naming-ceremony,s0093,3,3,3,0
brit-shalom-naming-ceremony,s0095,3,3,3,0
brit-shalom-naming-ceremony,s0096,3,3,3,0
brit-shalom-naming-ceremony,s0098,3,3,3,0
brit-shalom-naming-ceremony,s0099,3,3,3,0
brit-shalom-naming-ceremony,s0100,3,3,3,0
brit-shalom-naming-ceremony,s0103,3,3,3,0
brit-shalom-naming-ceremony,s0108,3,3,3,0
brit-shalom-naming-ceremony,s0119,3,3,3,0
brit-shalom-naming-ceremony,s0120,3,3,3,0
circumcision,s0038,3,3,3,0
circumcision,s0059,3,3,3,0
circumcision,s0060,0,0,0,0
circumcision,s0063,3,3,3,0
circumcision,s0064,3,3,3,0
circumcision,s0067,3,3,3,0
circumcision,s0070,3,3,3,0
circumcision,s0074,3,3,3,0
circumcision,s0077,3,3,3,0
circumcision,s0081,3,3,3,0
circumcision,s0082,3,3,3,0
circumcision,s0083,3,3,3,0
circumcision,s0114,3,3,3,0
circumcision,s0115,3,3,3,0
circumcision,s0116,3,3,3,0
circumcision,s0117,3,3,3,0
circumcision,s0125,3,3,3,0
circumcision,s0126,3,3,3,0
circumcision,s0127,3,3,3,0
circumcision,s0132,3,3,3,0
circumcision,s0140,3,3,3,0
circumcision,s0142,3,3,3,0
circumcision,s0143,3,3,3,0
circumcision,s0144,3,3,3,0
circumcision,s0145,3,3,3,0
circumcision,s0146,3,3,3,0
circumcision,s0148,3,3,3,0
circumcision,s0150,3,3,3,0
circumcision,s0151,3,3,3,0
circumcision,s0152,3,3,3,0
circumcision,s0158,3,3,3,0
circumcision,s0160,3,3,3,0
circumcision,s0161,3,3,3,0
circumcision,s0162,3,3,3,0
circumcision,s0165,3,3,3,0
circumcision,s0166,3,3,3,0
circumcision,s0171,3,3,3,0
circumcision,s0172,3,3,3,0
circumcision,s0180,2,2,2,0
circumcision,s0181,3,2,2,0
circumcision,s0183,3,3,3,0
circumcision,s0186,3,3,3,0
circumcision,s0187,3,3,3,0
circumcision,s0188,3,3,3,0
circumcision,s0191,3,3,3,0
circumcision,s0192,3,3,3,0
circumcision,s0193,3,3,3,0
circumcision,s0194,3,3,3,0
circumcision,s0195,3,3,3,0
circumcision,s0196,3,3,3,0
circumcision,s0197,3,3,3,0
circumcision,s0198,3,3,3,0
circumcision,s0203,3,3,3,0
circumcision,s0204,3,3,3,0
circumcision,s0205,3,3,3,0
circumcision,s0209,3,3,3,0
circumcision,s0210,3,3,3,0
circumcision,s0211,3,3,3,0
circumcision,s0212,3,3,3,0
circumcision,s0213,3,3,3,0
circumcision,s0214,3,3,3,0
circumcision,s0216,3,3,3,0
circumcision,s0217,3,3,3,0
circumcision,s0220,3,3,3,0
circumcision,s0221,3,3,3,0
circumcision,s0222,3,3,3,0
circumcision,s0223,3,3,3,0
circumcision,s0226,3,3,3,0
circumcision,s0253,3,3,3,0
circumcision,s0256,3,3,3,0
circumcision,s0257,3,3,3,0
circumcision,s0258,3,3,3,0
circumcision,s0262,3,3,3,0
circumcision,s0263,3,3,3,0
circumcision,s0275,3,3,3,0
circumcision,s0278,3,3,3,0
circumcision,s0279,3,3,3,0
circumcision,s0290,3,3,3,0
circumcision,s0323,3,3,3,0
circumcision,s0324,3,3,3,0
circumcision,s0325,3,3,3,0
circumcision,s0328,3,3,3,0
circumcision,s0329,3,3,3,0
circumcision,s0331,3,3,3,0
circumcision,s0332,3,3,3,0
circumcision,s0333,1,1,1,0
circumcision,s0363,3,3,3,0
circumcision,s0364,3,3,3,0
circumcision,s0369,3,3,3,0
circumcision,s0370,3,3,3,0
circumcision,s0387,3,3,3,0
circumcision,s0388,3,3,3,0
circumcision,s0402,3,3,3,0
circumcision,s0413,3,3,3,0
circumcision,s0414,3,3,3,0
circumcision,s0422,3,3,3,0
circumcision,s0423,3,3,3,0
circumcision,s0424,3,3,3,0
circumcision,s0439,3,3,3,0
circumcision,s0440,3,3,3,0
circumcision,s0441,3,3,3,0
circumcision,s0442,3,3,3,0
circumcision,s0444,3,3,3,0
circumcision,s0446,3,3,3,0
circumcision,s0448,3,3,3,0
circumcision,s0449,3,3,3,0
circumcision,s0450,3,3,3,0
circumcision,s0452,3,3,3,0
circumcision,s0453,3,3,3,0
circumcision,s0454,3,3,3,0
circumcision,s0457,3,3,3,0
circumcision,s0458,3,3,3,0
circumcision,s0459,0,0,0,0
circumcision-and-hiv,s0001,3,3,3,0
circumcision-and-hiv,s0002,3,3,3,0
circumcision-and-hiv,s0003,3,3,3,0
circumcision-and-hiv,s0005,3,3,3,0
circumcision-and-hiv,s0007,3,3,3,0
circumcision-and-hiv,s0008,3,3,3,0
circumcision-and-hiv,s0012,3,3,3,0
circumcision-and-hiv,s0015,3,3,3,0
circumcision-and-hiv,s0016,3,3,3,0
circumcision-and-hiv,s0019,3,3,3,0
circumcision-and-hiv,s0020,3,3,3,0
circumcision-and-hiv,s0023,3,3,3,0
circumcision-and-hiv,s0024,3,3,3,0
circumcision-and-hiv,s0026,3,3,3,0
circumcision-and-hiv,s0027,3,3,3,0
circumcision-and-hiv,s0033,3,3,3,0
circumcision-and-hiv,s0034,3,3,3,0
circumcision-and-hiv,s0035,3,3,3,0
circumcision-and-hiv,s0039,3,3,3,0
circumcision-and-hiv,s0042,3,3,3,0
circumcision-and-hiv,s0043,3,3,3,0
circumcision-and-hiv,s0044,3,3,3,0
circumcision-and-hiv,s0047,3,3,3,0
circumcision-and-hiv,s0048,3,3,3,0
circumcision-and-hiv,s0049,3,3,3,0
circumcision-and-hiv,s0053,3,3,3,0
circumcision-and-hiv,s0056,3,3,3,0
circumcision-and-hiv,s0058,3,3,3,0
circumcision-and-hiv,s0066,3,3,3,0
circumcision-and-hiv,s0074,3,3,3,0
circumcision-and-hiv,s0076,3,3,3,0
circumcision-and-hiv,s0077,3,3,3,0
circumcision-and-hiv,s0084,3,3,3,0
circumcision-and-hiv,s0085,3,3,3,0
circumcision-and-hiv,s0086,3,3,3,0
circumcision-and-hiv,s0088,3,3,3,0
circumcision-and-hiv,s0090,3,3,3,0
circumcision-and-hiv,s0091,3,3,3,0
circumcision-and-hiv,s0093,3,3,3,0
circumcision-and-hiv,s0095,3,3,3,0
circumcision-and-hiv,s0096,3,3,3,0
circumcision-and-hiv,s0098,3,3,3,0
circumcision-and-hiv,s0099,3,3,3,0
circumcision-and-hiv,s0103,3,3,3,0
circumcision-and-hiv,s0128,3,3,3,0
circumcision-and-hiv,s0131,3,3,3,0
circumcision-and-hiv,s0137,3,3,3,0
circumcision-and-hiv,s0138,3,3,3,0
circumcision-and-hiv,s0139,3,3,3,0
circumcision-and-hiv,s0147,3,3,3,0
circumcision-and-hiv,s0148,3,3,3,0
circumcision-and-hiv,s0151,3,3,3,0
circumcision-and-hiv,s0152,3,3,3,0
circumcision-and-hiv,s0154,3,3,3,0
circumcision-and-hiv,s0155,3,3,3,0
circumcision-and-hiv,s0156,3,3,3,0
circumcision-and-hiv,s0159,3,3,3,0
circumcision-and-hiv,s0160,3,3,3,0
circumcision-and-hiv,s0164,3,3,3,0
circumcision-and-hiv,s0165,3,3,3,0
circumcision-and-hiv,s0167,3,3,3,0
circumcision-and-hiv,s0170,3,3,3,0
circumcision-and-hiv,s0175,3,3,3,0
circumcision-and-hiv,s0177,3,3,3,0
circumcision-and-hiv,s0178,3,3,3,0
circumcision-and-hiv,s0179,3,3,3,0
circumcision-and-hiv,s0182,3,3,3,0
circumcision-and-hiv,s0183,3,3,3,0
circumcision-and-hiv,s0186,3,3,3,0
circumcision-and-hiv,s0189,3,3,3,0
circumcision-and-hiv,s0191,3,3,3,0
circumcision-and-hiv,s0194,3,3,3,0
circumcision-and-hiv,s0200,3,3,3,0
circumcision-and-hiv,s0224,3,3,3,0
circumcision-and-hiv,s0225,3,3,3,0
circumcision-and-hiv,s0226,3,3,3,0
circumcision-and-hiv,s0227,3,3,3,0
circumcision-and-hiv,s0229,3,3,3,0
circumcision-and-hiv,s0230,3,3,3,0
circumcision-and-hiv,s0231,3,3,3,0
circumcision-and-hiv,s0232,2,2,2,0
circumcision-and-hiv,s0233,3,2,2,0
circumcision-and-hiv,s0234,3,2,2,0
circumcision-and-hiv,s0245,3,3,3,0
circumcision-and-hiv,s0246,3,3,3,0
circumcision-and-hiv,s0247,3,3,3,0
circumcision-and-hiv,s0249,3,3,3,0
circumcision-and-hiv,s0250,3,3,3,0
circumcision-and-hiv,s0251,3,3,3,0
circumcision-and-hiv,s0252,2,2,2,0
circumcision-and-hiv,s0256,3,3,3,0
circumcision-and-hiv,s0259,3,3,3,0
circumcision-and-hiv,s0260,3,3,3,0
circumcision-and-hiv,s0261,3,3,3,0
circumcision-and-hiv,s0263,3,3,3,0
circumcision-and-hiv,s0264,3,3,3,0
circumcision-and-hiv,s0268,3,3,3,0
circumcision-and-hiv,s0269,3,3,3,0
circumcision-and-hiv,s0272,3,3,3,0
circumcision-and-hiv,s0273,3,3,3,0
circumcision-and-hiv,s0274,3,3,3,0
circumcision-and-hiv,s0276,3,3,3,0
circumcision-and-hiv,s0277,3,3,3,0
circumcision-and-hiv,s0278,3,3,3,0
circumcision-and-law,s0003,3,3,3,0
circumcision-and-law,s0007,2,2,2,0
circumcision-and-law,s0066,3,3,3,0
circumcision-and-law,s0067,3,3,3,0
circumcision-and-law,s0070,3,3,3,0
circumcision-and-law,s0077,3,3,3,0
circumcision-and-law,s0078,3,3,3,0
circumcision-and-law,s0083,3,3,3,0
circumcision-and-law,s0095,3,3,3,0
circumcision-and-law,s0102,2,2,1,1
circumcision-and-law,s0113,0,0,0,0
circumcision-and-law,s0117,3,3,3,0
circumcision-and-law,s0131,3,3,3,0
circumcision-and-law,s0132,3,3,3,0
circumcision-and-law,s0205,3,3,3,0
circumcision-and-law,s0261,3,3,3,0
circumcision-and-law,s0327,3,3,3,0
circumcision-and-law,s0336,3,3,3,0
circumcision-and-law,s0346,3,3,3,0
circumcision-and-law,s0355,3,3,3,0
circumcision-and-law,s0376,3,3,3,0
circumcision-and-law,s0385,3,3,3,0
circumcision-and-law,s0394,3,3,3,0
circumcision-and-law,s0397,3,3,3,0
circumcision-and-law,s0398,3,3,3,0
circumcision-controversies,s0002,3,3,3,0
circumcision-controversies,s0036,3,3,3,0
circumcision-controversies,s0037,3,3,3,0
circumcision-controversies,s0038,3,3,3,0
circumcision-controversies,s0040,3,3,3,0
circumcision-controversies,s0041,3,3,3,0
circumcision-controversies,s0042,3,3,3,0
circumcision-controversies,s0044,3,3,3,0
circumcision-controversies,s0045,3,3,3,0
circumcision-controversies,s0046,3,3,3,0
circumcision-controversies,s0047,3,3,3,0
circumcision-controversies,s0049,3,3,3,0
circumcision-controversies,s0050,3,3,3,0
circumcision-controversies,s0053,3,3,3,0
circumcision-controversies,s0057,3,3,3,0
circumcision-controversies,s0059,3,2,2,0
circumcision-controversies,s0061,3,3,3,0
circumcision-controversies,s0062,3,3,3,0
circumcision-controversies,s0063,3,3,3,0
circumcision-controversies,s0065,3,3,3,0
circumcision-controversies,s0066,3,3,3,0
circumcision-controversies,s0067,3,3,3,0
circumcision-controversies,s0070,3,3,3,0
circumcision-controversies,s0072,3,3,3,0
circumcision-controversies,s0073,0,0,0,0
circumcision-controversies,s0085,2,2,2,0
circumcision-controversies,s0086,3,3,3,0
circumcision-controversies,s0087,3,3,3,0
circumcision-controversies,s0088,3,3,3,0
circumcision-controversies,s0089,3,3,3,0
circumcision-controversies,s0090,3,3,3,0
circumcision-controversies,s0091,3,3,3,0
circumcision-controversies,s0092,3,3,3,0
circumcision-controversies,s0093,3,3,3,0
circumcision-controversies,s0097,3,3,2,1
circumcision-controversies,s0099,3,2,2,0
circumcision-controversies,s0100,3,3,3,0
circumcision-controversies,s0101,1,1,1,0
circumcision-controversies,s0103,2,2,2,0
circumcision-controversies,s0104,3,3,2,1
circumcision-controversies,s0105,2,2,2,0
circumcision-controversies,s0107,0,0,0,0
circumcision-controversies,s0108,0,0,0,0
circumcision-controversies,s0109,3,3,3,0
circumcision-controversies,s0110,3,3,3,0
circumcision-controversies,s0112,3,3,3,0
circumcision-controversies,s0113,3,3,3,0
circumcision-controversies,s0114,3,3,3,0
circumcision-controversies,s0115,3,3,3,0
circumcision-controversies,s0116,3,3,3,0
circumcision-controversies,s0117,3,3,3,0
circumcision-controversies,s0118,0,0,0,0
circumcision-controversies,s0120,3,2,2,0
circumcision-controversies,s0121,3,2,2,0
circumcision-controversies,s0122,2,2,2,0
circumcision-controversies,s0124,3,3,3,0
circumcision-controversies,s0125,3,3,3,0
circumcision-controversies,s0126,2,2,2,0
circumcision-controversies,s0127,3,3,3,0
circumcision-controversies,s0128,2,1,1,0
circumcision-controversies,s0156,3,3,3,0
circumcision-controversies,s0157,3,3,3,0
circumcision-controversies,s0161,3,3,3,0
circumcision-controversies,s0165,3,3,3,0
circumcision-controversies,s0192,3,3,3,0
circumcision-controversies,s0209,3,3,3,0
circumcision-controversies,s0211,3,3,3,0
circumcision-controversies,s0212,3,3,3,0
circumcision-controversies,s0213,3,3,3,0
circumcision-controversies,s0215,3,3,3,0
circumcision-controversies,s0216,3,3,3,0
circumcision-controversies,s0219,3,3,3,0
circumcision-controversies,s0223,3,3,3,0
circumcision-controversies,s0225,3,2,2,0
circumcision-controversies,s0226,3,2,2,0
circumcision-controversies,s0229,3,3,3,0
circumcision-controversy-in-early-christianity,s0070,3,3,3,0
circumcision-controversy-in-early-christianity,s0071,3,3,3,0
circumcision-controversy-in-early-christianity,s0075,3,3,3,0
circumcision-controversy-in-early-christianity,s0076,3,3,3,0
circumcision-controversy-in-early-christianity,s0077,3,3,3,0
circumcision-controversy-in-early-christianity,s0079,3,3,3,0
circumcision-controversy-in-early-christianity,s0080,3,3,3,0
circumcision-controversy-in-early-christianity,s0081,3,3,3,0
circumcision-controversy-in-early-christianity,s0117,3,3,3,0
circumcision-controversy-in-early-christianity,s0145,3,3,3,0
circumcision-in-africa,s0005,3,3,3,0
circumcision-in-africa,s0030,3,3,3,0
circumcision-in-africa,s0039,3,3,3,0
circumcision-in-africa,s0138,3,3,3,0
circumcision-in-africa,s0150,3,3,3,0
circumcision-in-africa,s0151,3,3,3,0
circumcision-in-africa,s0154,0,0,0,0
circumcision-in-africa,s0169,3,3,3,0
circumcision-in-africa,s0170,3,3,3,0
circumcision-in-africa,s0171,3,3,3,0
circumcision-in-africa,s0172,3,3,3,0
circumcision-in-africa,s0175,3,3,3,0
circumcision-in-africa,s0179,3,3,3,0
circumcision-in-africa,s0183,3,3,3,0
circumcision-in-africa,s0187,3,3,3,0
circumcision-in-africa,s0194,3,3,3,0
circumcision-in-africa,s0205,3,3,3,0
circumcision-in-africa,s0209,3,3,3,0
circumcision-in-africa,s0210,3,3,3,0
circumcision-in-africa,s0211,3,3,3,0
circumcision-in-africa,s0212,3,3,3,0
circumcision-in-africa,s0214,3,3,3,0
circumcision-in-africa,s0215,3,3,3,0
circumcision-in-africa,s0216,3,3,3,0
circumcision-in-africa,s0217,3,3,3,0
circumcision-in-africa,s0220,3,3,3,0
circumcision-in-africa,s0221,3,3,3,0
circumcision-in-africa,s0223,3,3,3,0
circumcision-in-africa,s0224,3,3,3,0
circumcision-in-africa,s0225,3,3,3,0
circumcision-in-africa,s0227,3,3,3,0
circumcision-in-africa,s0228,3,3,3,0
circumcision-in-africa,s0229,3,3,3,0
circumcision-in-africa,s0231,3,3,3,0
circumcision-in-africa,s0232,3,3,3,0
circumcision-in-africa,s0233,3,3,3,0
circumcision-in-africa,s0237,3,3,3,0
circumcision-in-africa,s0240,3,3,3,0
circumcision-in-africa,s0253,3,3,3,0
circumcision-in-africa,s0256,3,3,3,0
circumcision-in-africa,s0267,3,3,3,0
circumcision-in-africa,s0275,3,3,3,0
circumcision-in-africa,s0276,3,3,3,0
circumcision-in-africa,s0277,3,3,3,0
circumcision-in-africa,s0279,3,3,3,0
circumcision-in-africa,s0280,3,3,3,0
circumcision-in-africa,s0281,3,3,3,0
circumcision-in-africa,s0282,2,2,2,0
circumcision-in-africa,s0284,3,2,2,0
circumcision-in-africa,s0285,1,1,1,0
circumcision-in-africa,s0286,1,0,0,0
circumcision-in-africa,s0287,3,3,3,0
circumcision-in-brunei,s0049,3,3,3,0
circumcision-in-brunei,s0050,3,3,3,0
circumcision-in-brunei,s0052,3,3,3,0
circumcision-in-brunei,s0053,3,3,3,0
circumcision-in-china,s0060,3,3,3,0
circumcision-surgical-procedure,s0004,3,3,3,0
circumcision-surgical-procedure,s0005,3,3,3,0
circumcision-surgical-procedure,s0020,3,3,3,0
circumcision-surgical-procedure,s0034,3,3,3,0
circumcision-surgical-procedure,s0035,3,3,3,0
circumcision-surgical-procedure,s0036,3,3,3,0
circumcision-surgical-procedure,s0038,3,3,3,0
circumcision-surgical-procedure,s0039,3,3,3,0
circumcision-surgical-procedure,s0041,3,3,3,0
circumcision-surgical-procedure,s0042,3,3,3,0
circumcision-surgical-procedure,s0043,3,3,3,0
circumcision-surgical-procedure,s0045,3,3,3,0
circumcision-surgical-procedure,s0046,3,3,3,0
circumcision-surgical-procedure,s0047,3,3,3,0
circumcision-surgical-procedure,s0063,3,3,3,0
circumcision-surgical-procedure,s0092,3,3,3,0
circumcision-surgical-procedure,s0264,3,3,3,0
circumcision-surgical-procedure,s0270,3,3,3,0
circumcision-surgical-procedure,s0271,3,3,3,0
circumcision-surgical-procedure,s0278,3,3,3,0
circumcision-surgical-procedure,s0282,3,3,3,0
circumcision-surgical-procedure,s0309,3,3,3,0
circumcision-surgical-procedure,s0321,3,3,3,0
circumcision-surgical-procedure,s0322,3,3,3,0
circumcision-surgical-procedure,s0325,3,3,3,0
circumcision-surgical-procedure,s0329,3,3,3,0
circumcision-surgical-procedure,s0330,3,3,3,0
circumcision-surgical-procedure,s0331,3,3,3,0
circumcision-surgical-procedure,s0333,3,3,3,0
cost-of-circumcision-surgery-in-chaozhou,s0026,3,3,3,0
cultural-views-on-circumcision-aesthetics,s0003,3,3,3,0
cultural-views-on-circumcision-aesthetics,s0020,3,3,3,0
cultural-views-on-circumcision-aesthetics,s0021,3,3,3,0
cultural-views-on-circumcision-aesthetics,s0030,3,3,3,0
cultural-views-on-circumcision-aesthetics,s0031,3,3,3,0
cultural-views-on-circumcision-aesthetics,s0032,3,3,3,0
cultural-views-on-circumcision-aesthetics,s0034,3,3,3,0
cultural-views-on-circumcision-aesthetics,s0035,3,3,3,0
cultural-views-on-circumcision-aesthetics,s0036,3,3,3,0
cultural-views-on-circumcision-aesthetics,s0049,3,3,3,0
cultural-views-on-circumcision-aesthetics,s0050,3,3,3,0
cultural-views-on-circumcision-aesthetics,s0055,3,3,3,0
cultural-views-on-circumcision-aesthetics,s0086,3,3,3,0
cultural-views-on-circumcision-aesthetics,s0099,3,3,3,0
cultural-views-on-circumcision-aesthetics,s0100,3,3,3,0
cultural-views-on-circumcision-aesthetics,s0102,3,3,3,0
cultural-views-on-circumcision-aesthetics,s0103,3,3,3,0
cultural-views-on-circumcision-aesthetics,s0105,3,3,3,0
cultural-views-on-circumcision-aesthetics,s0106,3,3,3,0
cultural-views-on-circumcision-aesthetics,s0117,3,3,3,0
cultural-views-on-circumcision-aesthetics,s0121,3,3,3,0
cultural-views-on-circumcision-aesthetics,s0122,3,3,3,0
cultural-views-on-circumcision-aesthetics,s0124,1,1,1,0
cultural-views-on-circumcision-aesthetics,s0125,3,2,2,0
cultural-views-on-circumcision-aesthetics,s0126,3,2,2,0
ethics-of-circumcision,s0004,3,3,3,0
ethics-of-circumcision,s0014,3,3,3,0
ethics-of-circumcision,s0018,3,3,3,0
ethics-of-circumcision,s0024,1,1,1,0
ethics-of-circumcision,s0027,3,3,3,0
ethics-of-circumcision,s0038,3,3,3,0
ethics-of-circumcision,s0040,3,3,3,0
ethics-of-circumcision,s0042,3,3,3,0
ethics-of-circumcision,s0043,3,3,3,0
ethics-of-circumcision,s0044,3,3,3,0
ethics-of-circumcision,s0046,3,3,3,0
ethics-of-circumcision,s0047,3,3,3,0
ethics-of-circumcision,s0049,3,3,3,0
ethics-of-circumcision,s0050,3,3,3,0
ethics-of-circumcision,s0051,3,3,3,0
ethics-of-circumcision,s0053,3,3,3,0
ethics-of-circumcision,s0054,3,3,3,0
ethics-of-circumcision,s0060,3,3,3,0
ethics-of-circumcision,s0061,3,3,3,0
ethics-of-circumcision,s0064,3,3,3,0
ethics-of-circumcision,s0067,3,3,3,0
ethics-of-circumcision,s0068,3,3,3,0
ethics-of-circumcision,s0069,3,3,3,0
ethics-of-circumcision,s0071,3,3,3,0
ethics-of-circumcision,s0072,2,2,2,0
ethics-of-circumcision,s0073,3,3,3,0
ethics-of-circumcision,s0075,3,3,3,0
ethics-of-circumcision,s0076,2,2,2,0
ethics-of-circumcision,s0085,3,3,3,0
ethics-of-circumcision,s0087,3,3,3,0
ethics-of-circumcision,s0088,3,3,3,0
ethics-of-circumcision,s0094,3,3,3,0
ethics-of-circumcision,s0095,3,3,2,1
ethics-of-circumcision,s0096,3,3,3,0
ethics-of-circumcision,s0098,3,3,3,0
ethics-of-circumcision,s0099,3,3,3,0
ethics-of-circumcision,s0100,2,2,2,0
ethics-of-circumcision,s0103,3,3,3,0
ethics-of-circumcision,s0104,3,3,3,0
ethics-of-circumcision,s0105,1,1,1,0
ethics-of-circumcision,s0106,0,0,0,0
ethics-of-circumcision,s0107,3,2,1,1
ethics-of-circumcision,s0108,3,2,2,0
ethics-of-circumcision,s0110,2,2,2,0
ethics-of-circumcision,s0111,3,2,2,0
ethics-of-circumcision,s0113,3,3,3,0
ethics-of-circumcision,s0117,3,3,3,0
ethics-of-circumcision,s0118,3,3,3,0
ethics-of-circumcision,s0120,3,3,3,0
ethics-of-circumcision,s0123,3,3,3,0
ethics-of-circumcision,s0124,3,3,3,0
ethics-of-circumcision,s0127,3,3,3,0
ethics-of-circumcision,s0130,3,3,3,0
ethics-of-circumcision,s0133,3,3,3,0
ethics-of-circumcision,s0136,3,3,3,0
ethics-of-circumcision,s0143,3,3,3,0
ethics-of-circumcision,s0144,3,3,3,0
ethics-of-circumcision,s0147,3,3,3,0
ethics-of-circumcision,s0148,3,3,3,0
ethics-of-circumcision,s0149,3,3,3,0
ethics-of-circumcision,s0151,3,3,3,0
ethics-of-circumcision,s0152,3,3,3,0
ethics-of-circumcision,s0153,3,3,3,0
ethics-of-circumcision,s0155,3,3,3,0
ethics-of-circumcision,s0156,3,3,3,0
ethics-of-circumcision,s0158,3,3,3,0
ethics-of-circumcision,s0159,3,3,3,0
ethics-of-circumcision,s0160,3,3,3,0
ethics-of-circumcision,s0161,3,3,3,0
ethics-of-circumcision,s0162,3,3,3,0
ethics-of-circumcision,s0163,3,3,3,0
ethics-of-circumcision,s0164,1,1,1,0
ethics-of-circumcision,s0168,1,1,1,0
ethics-of-circumcision,s0170,3,3,3,0
ethics-of-circumcision,s0171,3,3,3,0
ethics-of-circumcision,s0172,3,3,3,0
ethics-of-circumcision,s0174,3,3,3,0
ethics-of-circumcision,s0175,3,3,3,0
ethics-of-circumcision,s0176,3,3,3,0
ethics-of-circumcision,s0178,3,3,3,0
ethics-of-circumcision,s0179,3,3,3,0
ethics-of-circumcision,s0181,3,3,3,0
ethics-of-circumcision,s0182,3,3,3,0
ethics-of-circumcision,s0198,0,0,0,0
ethics-of-circumcision,s0200,3,3,3,0
ethics-of-circumcision,s0201,0,0,0,0
ethics-of-circumcision,s0207,3,3,3,0
ethics-of-circumcision,s0208,3,3,3,0
ethics-of-circumcision,s0210,3,3,3,0
ethics-of-circumcision,s0211,3,3,3,0
ethics-of-circumcision,s0212,3,3,3,0
ethics-of-circumcision,s0214,2,2,2,0
ethics-of-circumcision,s0215,3,2,2,0
ethics-of-circumcision,s0233,3,3,3,0
ethics-of-circumcision,s0237,3,3,3,0
ethics-of-circumcision,s0238,3,3,3,0
ethics-of-circumcision,s0239,3,3,3,0
ethics-of-circumcision,s0241,3,3,3,0
ethics-of-circumcision,s0242,2,2,2,0
ethics-of-circumcision,s0243,3,3,3,0
ethics-of-circumcision,s0245,3,3,3,0
ethics-of-circumcision,s0246,3,3,3,0
ethics-of-circumcision,s0247,1,0,0,0
ethics-of-circumcision,s0248,3,3,3,0
ethics-of-circumcision,s0249,3,3,3,0
ethics-of-circumcision,s0250,3,3,3,0
ethics-of-circumcision,s0251,3,3,3,0
ethics-of-circumcision,s0252,3,3,3,0
ethics-of-circumcision,s0254,3,3,3,0
ethics-of-circumcision,s0255,3,3,3,0
ethics-of-circumcision,s0259,3,3,3,0
ethics-of-circumcision,s0264,3,3,3,0
ethics-of-circumcision,s0267,3,3,3,0
ethics-of-circumcision,s0268,3,3,3,0
ethics-of-circumcision,s0301,3,3,3,0
ethics-of-circumcision,s0302,0,0,0,0
ethics-of-circumcision,s0304,3,3,3,0
ethics-of-circumcision,s0306,3,3,3,0
ethics-of-circumcision,s0307,3,3,3,0
ethics-of-circumcision,s0309,3,3,3,0
ethics-of-circumcision,s0310,3,3,3,0
ethics-of-circumcision,s0311,3,2,2,0
ethics-of-circumcision,s0317,3,3,3,0
ethics-of-circumcision,s0318,3,3,3,0
forced-circumcision,s0173,3,3,3,0
forced-circumcision,s0175,3,3,3,0
forced-circumcision,s0177,3,3,3,0
forced-circumcision,s0179,3,3,3,0
forced-circumcision,s0185,3,3,3,0
forced-circumcision,s0191,3,3,3,0
forced-circumcision,s0199,3,3,3,0
forced-circumcision,s0200,3,3,3,0
forced-circumcision,s0201,3,3,3,0
forced-circumcision,s0205,3,3,3,0
forced-circumcision,s0209,3,3,3,0
forced-circumcision,s0213,3,3,3,0
forced-circumcision,s0235,3,3,3,0
forced-circumcision,s0237,3,3,3,0
forced-circumcision,s0238,3,3,3,0
forced-circumcision,s0259,3,3,3,0
forced-circumcision,s0260,3,3,3,0
forced-circumcision,s0261,3,3,3,0
forced-circumcision,s0263,3,3,3,0
forced-circumcision,s0264,3,3,3,0
forced-circumcision,s0265,3,3,3,0
forced-circumcision,s0266,3,3,3,0
forced-circumcision,s0267,3,3,3,0
forced-circumcision,s0268,3,3,3,0
forced-circumcision,s0269,3,3,3,0
forced-circumcision,s0270,3,3,3,0
forced-circumcision,s0271,3,3,3,0
forced-circumcision,s0274,3,3,3,0
forced-circumcision,s0275,3,3,3,0
forced-circumcision,s0278,3,3,3,0
foreskin,s0009,3,3,3,0
foreskin,s0077,3,3,3,0
foreskin,s0079,0,0,0,0
foreskin,s0080,3,3,3,0
foreskin,s0157,3,3,3,0
foreskin,s0160,3,3,3,0
foreskin,s0161,3,3,3,0
foreskin,s0163,3,3,3,0
foreskin,s0164,3,3,3,0
foreskin,s0166,2,2,2,0
foreskin,s0167,3,2,2,0
foreskin,s0176,3,3,3,0
foreskin,s0183,3,3,3,0
foreskin,s0185,3,3,3,0
foreskin,s0187,3,3,3,0
foreskin,s0188,3,3,3,0
foreskin,s0189,3,3,3,0
foreskin,s0191,3,3,3,0
foreskin,s0192,3,3,3,0
foreskin,s0193,3,3,3,0
foreskin,s0195,3,3,3,0
foreskin,s0196,3,3,3,0
foreskin,s0197,3,3,3,0
foreskin,s0203,3,3,3,0
foreskin,s0204,3,3,3,0
foreskin,s0209,3,3,3,0
foreskin,s0268,3,3,3,0
foreskin,s0269,3,3,3,0
foreskin,s0270,3,3,3,0
foreskin,s0271,3,3,3,0
foreskin,s0273,3,3,3,0
foreskin,s0274,3,3,3,0
foreskin,s0275,3,3,3,0
foreskin,s0277,3,3,3,0
foreskin,s0278,3,3,3,0
foreskin,s0279,3,3,3,0
foreskin,s0280,3,3,3,0
foreskin,s0282,3,3,3,0
foreskin,s0283,3,3,3,0
foreskin,s0289,3,3,3,0
foreskin-man,s0075,3,3,3,0
foreskin-man,s0082,3,3,3,0
foreskin-man,s0084,3,3,3,0
foreskin-man,s0085,3,3,3,0
foreskin-man,s0088,3,3,3,0
foreskin-man,s0092,3,3,3,0
foreskin-man,s0096,3,3,3,0
foreskin-man,s0106,3,3,3,0
foreskin-man,s0119,3,3,3,0
foreskin-man,s0120,3,3,3,0
foreskin-man,s0125,3,3,3,0
foreskin-restoration,s0011,3,3,3,0
foreskin-restoration,s0267,3,3,3,0
foreskin-restoration,s0268,3,3,3,0
history-of-circumcision,s0071,3,3,3,0
history-of-circumcision,s0110,3,3,3,0
history-of-circumcision,s0177,3,3,3,0
history-of-circumcision,s0178,3,3,3,0
history-of-circumcision,s0179,3,3,3,0
history-of-circumcision,s0182,3,3,3,0
history-of-circumcision,s0190,3,3,3,0
history-of-circumcision,s0191,3,3,3,0
history-of-circumcision,s0192,3,3,3,0
history-of-circumcision,s0193,3,3,3,0
history-of-circumcision,s0195,3,3,3,0
history-of-circumcision,s0197,3,3,3,0
history-of-circumcision,s0199,3,3,3,0
history-of-circumcision,s0200,3,3,3,0
history-of-circumcision,s0201,3,3,3,0
history-of-circumcision,s0204,3,3,3,0
khitan-circumcision,s0006,2,2,2,0
khitan-circumcision,s0007,3,3,3,0
khitan-circumcision,s0081,3,3,3,0
khitan-circumcision,s0126,3,3,3,0
khitan-circumcision,s0146,3,3,3,0
khitan-circumcision,s0147,3,3,3,0
khitan-circumcision,s0148,3,3,3,0
khitan-circumcision,s0150,3,3,3,0
khitan-circumcision,s0151,3,3,3,0
khitan-circumcision,s0153,3,3,3,0
khitan-circumcision,s0154,3,3,3,0
khitan-circumcision,s0156,3,3,3,0
khitan-circumcision,s0157,3,3,3,0
khitan-circumcision,s0180,3,3,3,0
khitan-circumcision,s0181,3,3,3,0
khitan-circumcision,s0182,3,3,3,0
khitan-circumcision,s0185,3,3,3,0
khitan-circumcision,s0198,3,3,3,0
khitan-circumcision,s0199,3,3,3,0
khitan-circumcision,s0201,3,3,3,0
khitan-circumcision,s0202,3,3,3,0
khitan-circumcision,s0203,3,3,3,0
khitan-circumcision,s0205,3,3,3,0
khitan-circumcision,s0206,3,3,3,0
khitan-circumcision,s0207,2,2,2,0
khitan-circumcision,s0209,3,3,3,0
khitan-circumcision,s0210,3,3,3,0
khitan-circumcision,s0229,3,3,3,0
khitan-circumcision,s0230,3,3,3,0
meatal-stenosis,s0004,3,3,3,0
meatal-stenosis,s0151,3,3,3,0
meatal-stenosis,s0158,3,3,3,0
meatal-stenosis,s0165,3,3,3,0
meatal-stenosis,s0166,3,3,3,0
meatal-stenosis,s0167,3,3,3,0
mohel,s0004,3,3,3,0
mohel,s0016,3,3,3,0
mohel,s0068,3,3,3,0
mohel,s0084,3,3,3,0
mohel,s0100,3,3,3,0
mohel,s0116,3,3,3,0
mohel,s0118,3,3,3,0
mohel,s0119,3,3,3,0
mohel,s0121,3,3,3,0
mohel,s0122,0,0,0,0
mohel,s0124,3,3,3,0
mohel,s0125,3,3,3,0
mohel,s0127,3,3,3,0
mohel,s0128,3,3,3,0
mohel,s0130,3,3,3,0
mohel,s0131,3,3,3,0
mohel,s0134,3,3,3,0
mohel,s0136,3,3,3,0
mohel,s0138,3,3,3,0
mohel,s0139,3,3,3,0
mohel,s0140,3,3,3,0
mohel,s0158,3,3,3,0
mohel,s0159,3,3,3,0
mohel,s0172,3,3,3,0
mohel,s0182,3,3,3,0
mohel,s0224,3,3,3,0
mohel,s0225,3,3,3,0
mohel,s0226,3,3,3,0
mohel,s0229,3,3,3,0
mohel,s0230,3,3,3,0
mohel,s0231,0,0,0,0
paraphimosis,s0112,3,3,3,0
paraphimosis,s0173,3,3,3,0
paraphimosis,s0174,3,3,3,0
paraphimosis,s0181,3,3,3,0
paraphimosis,s0203,3,3,3,0
paraphimosis,s0204,3,3,3,0
penile-subincision,s0092,3,3,3,0
penile-subincision,s0094,3,3,3,0
penile-subincision,s0096,3,3,3,0
penile-subincision,s0116,3,3,3,0
penile-subincision,s0123,3,3,3,0
penile-subincision,s0129,3,3,3,0
penile-subincision,s0139,3,3,3,0
phimosis,s0075,3,3,3,0
phimosis,s0142,3,3,3,0
phimosis,s0155,3,3,3,0
phimosis,s0156,3,3,3,0
phimosis,s0206,3,3,3,0
phimosis,s0209,3,3,3,0
phimosis,s0246,3,3,3,0
phimosis,s0261,3,3,3,0
phimosis,s0262,3,3,3,0
phimosis,s0265,2,2,2,0
phimosis,s0266,3,3,3,0
phimosis,s0272,3,3,3,0
phimosis,s0274,3,3,3,0
phimosis,s0276,3,3,3,0
phimosis,s0287,3,3,3,0
prevalence-of-circumcision,s0053,3,3,3,0
prevalence-of-circumcision,s0054,3,3,3,0
prevalence-of-circumcision,s0057,3,3,3,0
prevalence-of-circumcision,s0058,0,0,0,0
prevalence-of-circumcision,s0090,3,3,3,0
prevalence-of-circumcision,s0095,3,3,3,0
prevalence-of-circumcision,s0098,3,3,3,0
redundant-prepuce,s0096,3,3,3,0
redundant-prepuce,s0101,3,3,3,0
redundant-prepuce,s0106,3,3,3,0
redundant-prepuce,s0163,3,3,3,0
religion-and-circumcision,s0187,3,3,3,0
religion-and-circumcision,s0188,3,3,3,0
religion-and-circumcision,s0199,3,3,3,0
religion-and-circumcision,s0203,3,3,3,0
religion-and-circumcision,s0208,3,3,3,0
religion-and-circumcision,s0210,3,3,3,0
religion-and-circumcision,s0211,3,3,3,0
religion-and-circumcision,s0214,3,3,3,0
religion-and-circumcision,s0216,3,3,3,0
religion-and-circumcision,s0217,3,3,3,0
religion-and-circumcision,s0218,3,3,3,0
religion-and-circumcision,s0219,3,3,3,0
religion-and-circumcision,s0223,3,3,3,0
religion-and-circumcision,s0225,3,3,3,0
religion-and-circumcision,s0227,3,3,3,0
stapler-circumcision,s0005,3,3,3,0
stapler-circumcision,s0104,3,3,3,0
stapler-circumcision,s0127,3,3,3,0
stapler-circumcision,s0139,3,3,3,0
stapler-circumcision,s0145,3,3,3,0
stapler-circumcision,s0209,3,3,3,0
stapler-circumcision,s0211,3,3,3,0
ulwaluko,s0040,3,3,3,0
ulwaluko,s0050,3,3,3,0
ulwaluko,s0081,3,3,3,0
ulwaluko,s0083,3,3,3,0
ulwaluko,s0085,2,2,2,0
ulwaluko,s0097,0,0,0,0
ulwaluko,s0099,3,3,3,0
ulwaluko,s0100,3,3,3,0
ulwaluko,s0102,3,3,3,0
ulwaluko,s0103,3,3,3,0
ulwaluko,s0109,3,3,3,0
ulwaluko,s0110,3,3,3,0
ulwaluko,s0122,3,3,3,0
ulwaluko,s0130,2,2,2,0
ulwaluko,s0131,3,2,2,0
ulwaluko,s0144,3,3,3,0
ulwaluko,s0147,0,0,0,0
ulwaluko,s0153,3,3,3,0
ulwaluko,s0154,3,2,2,0
ulwaluko,s0176,3,3,3,0
ulwaluko,s0177,3,3,3,0
ulwaluko,s0181,3,3,3,0
ulwaluko,s0182,3,3,3,0
ulwaluko,s0183,3,3,3,0
ulwaluko,s0185,3,3,3,0
ulwaluko,s0189,3,3,3,0
ulwaluko,s0207,3,3,3,0
views-on-circumcision,s0003,3,3,3,0
views-on-circumcision,s0005,3,3,3,0
views-on-circumcision,s0066,3,3,3,0
views-on-circumcision,s0069,3,3,3,0
views-on-circumcision,s0070,3,3,3,0
views-on-circumcision,s0071,3,3,3,0
views-on-circumcision,s0073,3,3,3,0
views-on-circumcision,s0074,3,3,3,0
views-on-circumcision,s0075,3,3,3,0
views-on-circumcision,s0077,3,3,3,0
views-on-circumcision,s0078,3,3,3,0
views-on-circumcision,s0079,3,3,3,0
views-on-circumcision,s0080,3,3,3,0
views-on-circumcision,s0082,3,3,3,0
views-on-circumcision,s0083,3,3,3,0
views-on-circumcision,s0084,3,3,3,0
views-on-circumcision,s0086,3,3,3,0
views-on-circumcision,s0087,3,3,3,0
views-on-circumcision,s0089,3,3,3,0
views-on-circumcision,s0090,3,3,3,0
views-on-circumcision,s0091,1,1,1,0
views-on-circumcision,s0093,3,3,3,0
views-on-circumcision,s0094,3,3,3,0
views-on-circumcision,s0095,3,3,3,0
views-on-circumcision,s0097,3,3,3,0
views-on-circumcision,s0098,1,1,0,1
views-on-circumcision,s0099,3,3,3,0
views-on-circumcision,s0101,3,3,3,0
views-on-circumcision,s0102,3,3,3,0
views-on-circumcision,s0104,3,3,3,0
views-on-circumcision,s0105,3,3,3,0
views-on-circumcision,s0113,3,3,3,0
views-on-circumcision,s0119,3,3,3,0
views-on-circumcision,s0121,3,3,3,0
views-on-circumcision,s0122,3,3,3,0
views-on-circumcision,s0123,3,3,2,1
views-on-circumcision,s0125,0,0,0,0
views-on-circumcision,s0126,2,2,2,0
views-on-circumcision,s0127,3,3,3,0
views-on-circumcision,s0128,3,2,2,0
views-on-circumcision,s0129,3,3,3,0
views-on-circumcision,s0131,3,3,3,0
views-on-circumcision,s0132,3,3,3,0
views-on-circumcision,s0133,3,3,3,0
views-on-circumcision,s0135,3,3,3,0
views-on-circumcision,s0136,3,3,2,1
views-on-circumcision,s0137,3,3,3,0
views-on-circumcision,s0155,3,3,3,0
views-on-circumcision,s0168,3,3,3,0
views-on-circumcision,s0171,3,3,3,0
views-on-circumcision,s0172,3,3,3,0
views-on-circumcision,s0178,3,3,3,0
views-on-circumcision,s0179,3,3,3,0
views-on-circumcision,s0184,1,1,1,0
views-on-circumcision,s0188,3,3,3,0
views-on-circumcision,s0190,3,3,3,0
views-on-circumcision,s0191,3,3,3,0
