item,article,sentence_id
h0001,ashley-montagu-resolution,s0042
h0002,ashley-montagu-resolution,s0046
h0003,ashley-montagu-resolution,s0153
h0004,ashley-montagu-resolution,s0155
h0005,ashley-montagu-resolution,s0156
h0006,ashley-montagu-resolution,s0163
h0007,ashley-montagu-resolution,s0177
h0008,ashley-montagu-resolution,s0183
h0009,ashley-montagu-resolution,s0185
h0010,ashley-montagu-resolution,s0186
h0011,ashley-montagu-resolution,s0189
h0012,ashley-montagu-resolution,s0196
h0013,ashley-montagu-resolution,s0197
h0014,ashley-montagu-resolution,s0198
h0015,ashley-montagu-resolution,s0199
h0016,ashley-montagu-resolution,s0201
h0017,ashley-montagu-resolution,s0202
h0018,ashley-montagu-resolution,s0203
h0019,ashley-montagu-resolution,s0207
h0020,ashley-montagu-resolution,s0208
h0021,ashley-montagu-resolution,s0209
h0022,ashley-montagu-resolution,s0222
h0023,ashley-montagu-resolution,s0242
h0024,ashley-montagu-resolution,s0244
h0025,brit-milah,s0019
h0026,brit-milah,s0020
h0027,brit-milah,s0130
h0028,brit-milah,s0167
h0029,brit-milah,s0174
h0030,brit-milah,s0207
h0031,brit-milah,s0208
h0032,brit-milah,s0209
h0033,brit-milah,s0211
h0034,brit-milah,s0212
h0035,brit-milah,s0213
h0036,brit-milah,s0215
h0037,brit-milah,s0216
h0038,brit-milah,s0218
h0039,brit-milah,s0219
h0040,brit-milah,s0220
h0041,brit-milah,s0271
h0042,brit-milah,s0289
h0043,brit-milah,s0290
h0044,brit-milah,s0291
h0045,brit-milah,s0316
h0046,brit-shalom-naming-ceremony,s0103
h0047,circumcision,s0038
h0048,circumcision,s0059
h0049,circumcision,s0063
h0050,circumcision,s0064
h0051,circumcision,s0067
h0052,circumcision,s0070
h0053,circumcision,s0074
h0054,circumcision,s0077
h0055,circumcision,s0081
h0056,circumcision,s0082
h0057,circumcision,s0083
h0058,circumcision,s0114
h0059,circumcision,s0115
h0060,circumcision,s0125
h0061,circumcision,s0126
h0062,circumcision,s0127
h0063,circumcision,s0132
h0064,circumcision,s0140
h0065,circumcision,s0142
h0066,circumcision,s0143
h0067,circumcision,s0144
h0068,circumcision,s0145
h0069,circumcision,s0146
h0070,circumcision,s0148
h0071,circumcision,s0150
h0072,circumcision,s0151
h0073,circumcision,s0152
h0074,circumcision,s0158
h0075,circumcision,s0160
h0076,circumcision,s0161
h0077,circumcision,s0162
h0078,circumcision,s0165
h0079,circumcision,s0166
h0080,circumcision,s0171
h0081,circumcision,s0172
h0082,circumcision,s0183
h0083,circumcision,s0186
h0084,circumcision,s0187
h0085,circumcision,s0188
h0086,circumcision,s0191
h0087,circumcision,s0192
h0088,circumcision,s0193
h0089,circumcision,s0194
h0090,circumcision,s0195
h0091,circumcision,s0196
h0092,circumcision,s0197
h0093,circumcision,s0198
h0094,circumcision,s0203
h0095,circumcision,s0204
h0096,circumcision,s0205
h0097,circumcision,s0209
h0098,circumcision,s0210
h0099,circumcision,s0211
h0100,circumcision,s0212
h0101,circumcision,s0213
h0102,circumcision,s0214
h0103,circumcision,s0216
h0104,circumcision,s0217
h0105,circumcision,s0220
h0106,circumcision,s0221
h0107,circumcision,s0222
h0108,circumcision,s0223
h0109,circumcision,s0226
h0110,circumcision,s0253
h0111,circumcision,s0256
h0112,circumcision,s0257
h0113,circumcision,s0258
h0114,circumcision,s0262
h0115,circumcision,s0275
h0116,circumcision,s0278
h0117,circumcision,s0279
h0118,circumcision,s0323
h0119,circumcision,s0324
h0120,circumcision,s0325
h0121,circumcision,s0328
h0122,circumcision,s0329
h0123,circumcision,s0331
h0124,circumcision,s0332
h0125,circumcision,s0363
h0126,circumcision,s0364
h0127,circumcision,s0369
h0128,circumcision,s0370
h0129,circumcision,s0387
h0130,circumcision,s0388
h0131,circumcision,s0402
h0132,circumcision,s0414
h0133,circumcision,s0439
h0134,circumcision,s0440
h0135,circumcision,s0441
h0136,circumcision,s0442
h0137,circumcision,s0444
h0138,circumcision,s0446
h0139,circumcision,s0448
h0140,circumcision,s0449
h0141,circumcision,s0450
h0142,circumcision,s0452
h0143,circumcision,s0453
h0144,circumcision,s0454
h0145,circumcision,s0457
h0146,circumcision-and-hiv,s0001
h0147,circumcision-and-hiv,s0002
h0148,circumcision-and-hiv,s0003
h0149,circumcision-and-hiv,s0005
h0150,circumcision-and-hiv,s0007
h0151,circumcision-and-hiv,s0008
h0152,circumcision-and-hiv,s0012
h0153,circumcision-and-hiv,s0015
h0154,circumcision-and-hiv,s0016
h0155,circumcision-and-hiv,s0019
h0156,circumcision-and-hiv,s0020
h0157,circumcision-and-hiv,s0023
h0158,circumcision-and-hiv,s0024
h0159,circumcision-and-hiv,s0026
h0160,circumcision-and-hiv,s0027
h0161,circumcision-and-hiv,s0033
h0162,circumcision-and-hiv,s0034
h0163,circumcision-and-hiv,s0035
h0164,circumcision-and-hiv,s0039
h0165,circumcision-and-hiv,s0042
h0166,circumcision-and-hiv,s0043
h0167,circumcision-and-hiv,s0044
h0168,circumcision-and-hiv,s0047
h0169,circumcision-and-hiv,s0048
h0170,circumcision-and-hiv,s0049
h0171,circumcision-and-hiv,s0053
h0172,circumcision-and-hiv,s0056
h0173,circumcision-and-hiv,s0058
h0174,circumcision-and-hiv,s0066
h0175,circumcision-and-hiv,s0074
h0176,circumcision-and-hiv,s0076
h0177,circumcision-and-hiv,s0077
h0178,circumcision-and-hiv,s0084
h0179,circumcision-and-hiv,s0085
h0180,circumcision-and-hiv,s0086
h0181,circumcision-and-hiv,s0088
h0182,circumcision-and-hiv,s0090
h0183,circumcision-and-hiv,s0091
h0184,circumcision-and-hiv,s0093
h0185,circumcision-and-hiv,s0095
h0186,circumcision-and-hiv,s0096
h0187,circumcision-and-hiv,s0098
h0188,circumcision-and-hiv,s0099
h0189,circumcision-and-hiv,s0103
h0190,circumcision-and-hiv,s0128
h0191,circumcision-and-hiv,s0131
h0192,circumcision-and-hiv,s0137
h0193,circumcision-and-hiv,s0138
h0194,circumcision-and-hiv,s0139
h0195,circumcision-and-hiv,s0147
h0196,circumcision-and-hiv,s0148
h0197,circumcision-and-hiv,s0151
h0198,circumcision-and-hiv,s0152
h0199,circumcision-and-hiv,s0154
h0200,circumcision-and-hiv,s0155
h0201,circumcision-and-hiv,s0156
h0202,circumcision-and-hiv,s0159
h0203,circumcision-and-hiv,s0160
h0204,circumcision-and-hiv,s0164
h0205,circumcision-and-hiv,s0165
h0206,circumcision-and-hiv,s0167
h0207,circumcision-and-hiv,s0170
h0208,circumcision-and-hiv,s0175
h0209,circumcision-and-hiv,s0177
h0210,circumcision-and-hiv,s0178
h0211,circumcision-and-hiv,s0179
h0212,circumcision-and-hiv,s0182
h0213,circumcision-and-hiv,s0183
h0214,circumcision-and-hiv,s0186
h0215,circumcision-and-hiv,s0189
h0216,circumcision-and-hiv,s0191
h0217,circumcision-and-hiv,s0194
h0218,circumcision-and-hiv,s0200
h0219,circumcision-and-hiv,s0224
h0220,circumcision-and-hiv,s0225
h0221,circumcision-and-hiv,s0226
h0222,circumcision-and-hiv,s0227
h0223,circumcision-and-hiv,s0229
h0224,circumcision-and-hiv,s0230
h0225,circumcision-and-hiv,s0231
h0226,circumcision-and-hiv,s0245
h0227,circumcision-and-hiv,s0246
h0228,circumcision-and-hiv,s0247
h0229,circumcision-and-hiv,s0249
h0230,circumcision-and-hiv,s0250
h0231,circumcision-and-hiv,s0256
h0232,circumcision-and-hiv,s0259
h0233,circumcision-and-hiv,s0260
h0234,circumcision-and-hiv,s0261
h0235,circumcision-and-hiv,s0263
h0236,circumcision-and-hiv,s0264
h0237,circumcision-and-hiv,s0268
h0238,circumcision-and-hiv,s0269
h0239,circumcision-and-hiv,s0272
h0240,circumcision-and-hiv,s0273
h0241,circumcision-and-hiv,s0274
h0242,circumcision-and-hiv,s0276
h0243,circumcision-and-hiv,s0277
h0244,circumcision-and-hiv,s0278
h0245,circumcision-and-law,s0003
h0246,circumcision-and-law,s0077
h0247,circumcision-and-law,s0205
h0248,circumcision-and-law,s0327
h0249,circumcision-and-law,s0376
h0250,circumcision-and-law,s0394
h0251,circumcision-and-law,s0397
h0252,circumcision-and-law,s0398
h0253,circumcision-controversies,s0002
h0254,circumcision-controversies,s0036
h0255,circumcision-controversies,s0037
h0256,circumcision-controversies,s0038
h0257,circumcision-controversies,s0040
h0258,circumcision-controversies,s0041
h0259,circumcision-controversies,s0042
h0260,circumcision-controversies,s0044
h0261,circumcision-controversies,s0045
h0262,circumcision-controversies,s0046
h0263,circumcision-controversies,s0047
h0264,circumcision-controversies,s0049
h0265,circumcision-controversies,s0050
h0266,circumcision-controversies,s0053
h0267,circumcision-controversies,s0057
h0268,circumcision-controversies,s0061
h0269,circumcision-controversies,s0062
h0270,circumcision-controversies,s0063
h0271,circumcision-controversies,s0065
h0272,circumcision-controversies,s0066
h0273,circumcision-controversies,s0067
h0274,circumcision-controversies,s0070
h0275,circumcision-controversies,s0072
h0276,circumcision-controversies,s0086
h0277,circumcision-controversies,s0087
h0278,circumcision-controversies,s0088
h0279,circumcision-controversies,s0089
h0280,circumcision-controversies,s0090
h0281,circumcision-controversies,s0091
h0282,circumcision-controversies,s0092
h0283,circumcision-controversies,s0093
h0284,circumcision-controversies,s0112
h0285,circumcision-controversies,s0113
h0286,circumcision-controversies,s0114
h0287,circumcision-controversies,s0115
h0288,circumcision-controversies,s0116
h0289,circumcision-controversies,s0117
h0290,circumcision-controversies,s0124
h0291,circumcision-controversies,s0125
h0292,circumcision-controversies,s0127
h0293,circumcision-controversies,s0157
h0294,circumcision-controversies,s0192
h0295,circumcision-controversies,s0209
h0296,circumcision-controversies,s0211
h0297,circumcision-controversies,s0212
h0298,circumcision-controversies,s0213
h0299,circumcision-controversies,s0215
h0300,circumcision-controversies,s0223
h0301,circumcision-controversies,s0229
h0302,circumcision-in-africa,s0005
h0303,circumcision-in-africa,s0039
h0304,circumcision-in-africa,s0138
h0305,circumcision-in-africa,s0151
h0306,circumcision-in-africa,s0169
h0307,circumcision-in-africa,s0170
h0308,circumcision-in-africa,s0171
h0309,circumcision-in-africa,s0172
h0310,circumcision-in-africa,s0175
h0311,circumcision-in-africa,s0179
h0312,circumcision-in-africa,s0183
h0313,circumcision-in-africa,s0187
h0314,circumcision-in-africa,s0194
h0315,circumcision-in-africa,s0205
h0316,circumcision-in-africa,s0209
h0317,circumcision-in-africa,s0210
h0318,circumcision-in-africa,s0211
h0319,circumcision-in-africa,s0212
h0320,circumcision-in-africa,s0214
h0321,circumcision-in-africa,s0215
h0322,circumcision-in-africa,s0216
h0323,circumcision-in-africa,s0217
h0324,circumcision-in-africa,s0220
h0325,circumcision-in-africa,s0221
h0326,circumcision-in-africa,s0223
h0327,circumcision-in-africa,s0224
h0328,circumcision-in-africa,s0225
h0329,circumcision-in-africa,s0227
h0330,circumcision-in-africa,s0228
h0331,circumcision-in-africa,s0229
h0332,circumcision-in-africa,s0231
h0333,circumcision-in-africa,s0232
h0334,circumcision-in-africa,s0233
h0335,circumcision-in-africa,s0237
h0336,circumcision-in-africa,s0240
h0337,circumcision-in-africa,s0253
h0338,circumcision-in-africa,s0256
h0339,circumcision-in-africa,s0275
h0340,circumcision-in-africa,s0276
h0341,circumcision-in-africa,s0277
h0342,circumcision-in-brunei,s0049
h0343,circumcision-in-brunei,s0050
h0344,circumcision-in-brunei,s0052
h0345,circumcision-in-brunei,s0053
h0346,circumcision-in-china,s0060
h0347,circumcision-surgical-procedure,s0004
h0348,circumcision-surgical-procedure,s0005
h0349,circumcision-surgical-procedure,s0020
h0350,circumcision-surgical-procedure,s0034
h0351,circumcision-surgical-procedure,s0035
h0352,circumcision-surgical-procedure,s0036
h0353,circumcision-surgical-procedure,s0038
h0354,circumcision-surgical-procedure,s0039
h0355,circumcision-surgical-procedure,s0041
h0356,circumcision-surgical-procedure,s0042
h0357,circumcision-surgical-procedure,s0043
h0358,circumcision-surgical-procedure,s0045
h0359,circumcision-surgical-procedure,s0046
h0360,circumcision-surgical-procedure,s0047
h0361,circumcision-surgical-procedure,s0063
h0362,circumcision-surgical-procedure,s0264
h0363,circumcision-surgical-procedure,s0270
h0364,circumcision-surgical-procedure,s0271
h0365,circumcision-surgical-procedure,s0278
h0366,circumcision-surgical-procedure,s0282
h0367,circumcision-surgical-procedure,s0309
h0368,circumcision-surgical-procedure,s0321
h0369,circumcision-surgical-procedure,s0322
h0370,circumcision-surgical-procedure,s0325
h0371,circumcision-surgical-procedure,s0329
h0372,circumcision-surgical-procedure,s0330
h0373,circumcision-surgical-procedure,s0331
h0374,circumcision-surgical-procedure,s0333
h0375,cultural-views-on-circumcision-aesthetics,s0099
h0376,cultural-views-on-circumcision-aesthetics,s0102
h0377,ethics-of-circumcision,s0004
h0378,ethics-of-circumcision,s0014
h0379,ethics-of-circumcision,s0018
h0380,ethics-of-circumcision,s0038
h0381,ethics-of-circumcision,s0040
h0382,ethics-of-circumcision,s0042
h0383,ethics-of-circumcision,s0043
h0384,ethics-of-circumcision,s0044
h0385,ethics-of-circumcision,s0046
h0386,ethics-of-circumcision,s0047
h0387,ethics-of-circumcision,s0049
h0388,ethics-of-circumcision,s0050
h0389,ethics-of-circumcision,s0051
h0390,ethics-of-circumcision,s0053
h0391,ethics-of-circumcision,s0054
h0392,ethics-of-circumcision,s0060
h0393,ethics-of-circumcision,s0061
h0394,ethics-of-circumcision,s0064
h0395,ethics-of-circumcision,s0067
h0396,ethics-of-circumcision,s0068
h0397,ethics-of-circumcision,s0069
h0398,ethics-of-circumcision,s0071
h0399,ethics-of-circumcision,s0073
h0400,ethics-of-circumcision,s0075
h0401,ethics-of-circumcision,s0096
h0402,ethics-of-circumcision,s0103
h0403,ethics-of-circumcision,s0104
h0404,ethics-of-circumcision,s0113
h0405,ethics-of-circumcision,s0117
h0406,ethics-of-circumcision,s0118
h0407,ethics-of-circumcision,s0120
h0408,ethics-of-circumcision,s0123
h0409,ethics-of-circumcision,s0124
h0410,ethics-of-circumcision,s0127
h0411,ethics-of-circumcision,s0130
h0412,ethics-of-circumcision,s0133
h0413,ethics-of-circumcision,s0143
h0414,ethics-of-circumcision,s0144
h0415,ethics-of-circumcision,s0147
h0416,ethics-of-circumcision,s0148
h0417,ethics-of-circumcision,s0149
h0418,ethics-of-circumcision,s0151
h0419,ethics-of-circumcision,s0152
h0420,ethics-of-circumcision,s0153
h0421,ethics-of-circumcision,s0155
h0422,ethics-of-circumcision,s0156
h0423,ethics-of-circumcision,s0170
h0424,ethics-of-circumcision,s0171
h0425,ethics-of-circumcision,s0172
h0426,ethics-of-circumcision,s0174
h0427,ethics-of-circumcision,s0175
h0428,ethics-of-circumcision,s0176
h0429,ethics-of-circumcision,s0178
h0430,ethics-of-circumcision,s0179
h0431,ethics-of-circumcision,s0181
h0432,ethics-of-circumcision,s0182
h0433,ethics-of-circumcision,s0200
h0434,ethics-of-circumcision,s0207
h0435,ethics-of-circumcision,s0208
h0436,ethics-of-circumcision,s0210
h0437,ethics-of-circumcision,s0211
h0438,ethics-of-circumcision,s0212
h0439,ethics-of-circumcision,s0233
h0440,ethics-of-circumcision,s0237
h0441,ethics-of-circumcision,s0238
h0442,ethics-of-circumcision,s0239
h0443,ethics-of-circumcision,s0241
h0444,ethics-of-circumcision,s0243
h0445,ethics-of-circumcision,s0245
h0446,ethics-of-circumcision,s0246
h0447,ethics-of-circumcision,s0248
h0448,ethics-of-circumcision,s0249
h0449,ethics-of-circumcision,s0250
h0450,ethics-of-circumcision,s0251
h0451,ethics-of-circumcision,s0252
h0452,ethics-of-circumcision,s0254
h0453,ethics-of-circumcision,s0255
h0454,ethics-of-circumcision,s0259
h0455,ethics-of-circumcision,s0264
h0456,ethics-of-circumcision,s0267
h0457,ethics-of-circumcision,s0268
h0458,ethics-of-circumcision,s0304
h0459,ethics-of-circumcision,s0306
h0460,ethics-of-circumcision,s0307
h0461,ethics-of-circumcision,s0310
h0462,ethics-of-circumcision,s0317
h0463,ethics-of-circumcision,s0318
h0464,forced-circumcision,s0173
h0465,forced-circumcision,s0175
h0466,forced-circumcision,s0177
h0467,forced-circumcision,s0179
h0468,forced-circumcision,s0185
h0469,forced-circumcision,s0191
h0470,forced-circumcision,s0199
h0471,forced-circumcision,s0200
h0472,forced-circumcision,s0201
h0473,forced-circumcision,s0259
h0474,forced-circumcision,s0260
h0475,forced-circumcision,s0261
h0476,forced-circumcision,s0263
h0477,forced-circumcision,s0264
h0478,forced-circumcision,s0265
h0479,forced-circumcision,s0274
h0480,forced-circumcision,s0275
h0481,forced-circumcision,s0278
h0482,foreskin,s0009
h0483,foreskin,s0077
h0484,foreskin,s0080
h0485,foreskin,s0157
h0486,foreskin,s0160
h0487,foreskin,s0161
h0488,foreskin,s0163
h0489,foreskin,s0164
h0490,foreskin,s0176
h0491,foreskin,s0183
h0492,foreskin,s0185
h0493,foreskin,s0187
h0494,foreskin,s0188
h0495,foreskin,s0189
h0496,foreskin,s0191
h0497,foreskin,s0192
h0498,foreskin,s0193
h0499,foreskin,s0195
h0500,foreskin,s0196
h0501,foreskin,s0197
h0502,foreskin,s0203
h0503,foreskin,s0204
h0504,foreskin,s0209
h0505,foreskin,s0268
h0506,foreskin,s0269
h0507,foreskin,s0270
h0508,foreskin,s0271
h0509,foreskin,s0273
h0510,foreskin,s0274
h0511,foreskin,s0275
h0512,foreskin,s0277
h0513,foreskin,s0278
h0514,foreskin,s0279
h0515,foreskin,s0280
h0516,foreskin,s0282
h0517,foreskin,s0283
h0518,foreskin,s0289
h0519,foreskin-man,s0075
h0520,foreskin-man,s0084
h0521,foreskin-man,s0085
h0522,foreskin-man,s0088
h0523,foreskin-man,s0092
h0524,foreskin-man,s0096
h0525,foreskin-man,s0119
h0526,foreskin-man,s0120
h0527,foreskin-man,s0125
h0528,foreskin-restoration,s0011
h0529,foreskin-restoration,s0267
h0530,foreskin-restoration,s0268
h0531,history-of-circumcision,s0177
h0532,history-of-circumcision,s0178
h0533,history-of-circumcision,s0179
h0534,history-of-circumcision,s0182
h0535,history-of-circumcision,s0190
h0536,history-of-circumcision,s0191
h0537,history-of-circumcision,s0192
h0538,history-of-circumcision,s0193
h0539,history-of-circumcision,s0195
h0540,history-of-circumcision,s0197
h0541,history-of-circumcision,s0199
h0542,history-of-circumcision,s0200
h0543,history-of-circumcision,s0201
h0544,history-of-circumcision,s0204
h0545,khitan-circumcision,s0007
h0546,khitan-circumcision,s0126
h0547,khitan-circumcision,s0146
h0548,khitan-circumcision,s0147
h0549,khitan-circumcision,s0148
h0550,khitan-circumcision,s0150
h0551,khitan-circumcision,s0151
h0552,khitan-circumcision,s0153
h0553,khitan-circumcision,s0154
h0554,khitan-circumcision,s0156
h0555,khitan-circumcision,s0157
h0556,khitan-circumcision,s0201
h0557,khitan-circumcision,s0202
h0558,khitan-circumcision,s0203
h0559,khitan-circumcision,s0205
h0560,khitan-circumcision,s0206
h0561,khitan-circumcision,s0210
h0562,khitan-circumcision,s0229
h0563,khitan-circumcision,s0230
h0564,meatal-stenosis,s0004
h0565,meatal-stenosis,s0151
h0566,meatal-stenosis,s0158
h0567,meatal-stenosis,s0165
h0568,meatal-stenosis,s0166
h0569,meatal-stenosis,s0167
h0570,mohel,s0016
h0571,mohel,s0100
h0572,mohel,s0116
h0573,mohel,s0118
h0574,mohel,s0119
h0575,mohel,s0121
h0576,mohel,s0124
h0577,mohel,s0125
h0578,mohel,s0127
h0579,mohel,s0128
h0580,mohel,s0130
h0581,mohel,s0131
h0582,mohel,s0134
h0583,mohel,s0136
h0584,mohel,s0138
h0585,mohel,s0139
h0586,mohel,s0140
h0587,mohel,s0230
h0588,paraphimosis,s0112
h0589,paraphimosis,s0173
h0590,paraphimosis,s0174
h0591,paraphimosis,s0181
h0592,paraphimosis,s0203
h0593,paraphimosis,s0204
h0594,phimosis,s0075
h0595,phimosis,s0142
h0596,phimosis,s0155
h0597,phimosis,s0156
h0598,phimosis,s0206
h0599,phimosis,s0209
h0600,phimosis,s0246
h0601,phimosis,s0261
h0602,phimosis,s0262
h0603,phimosis,s0266
h0604,phimosis,s0272
h0605,phimosis,s0274
h0606,phimosis,s0276
h0607,phimosis,s0287
h0608,prevalence-of-circumcision,s0053
h0609,prevalence-of-circumcision,s0054
h0610,prevalence-of-circumcision,s0057
h0611,prevalence-of-circumcision,s0090
h0612,prevalence-of-circumcision,s0095
h0613,prevalence-of-circumcision,s0098
h0614,redundant-prepuce,s0096
h0615,redundant-prepuce,s0101
h0616,redundant-prepuce,s0106
h0617,redundant-prepuce,s0163
h0618,religion-and-circumcision,s0214
h0619,religion-and-circumcision,s0216
h0620,religion-and-circumcision,s0217
h0621,religion-and-circumcision,s0218
h0622,religion-and-circumcision,s0219
h0623,religion-and-circumcision,s0223
h0624,religion-and-circumcision,s0225
h0625,religion-and-circumcision,s0227
h0626,stapler-circumcision,s0005
h0627,stapler-circumcision,s0104
h0628,stapler-circumcision,s0127
h0629,stapler-circumcision,s0139
h0630,stapler-circumcision,s0145
h0631,stapler-circumcision,s0209
h0632,stapler-circumcision,s0211
h0633,ulwaluko,s0144
h0634,views-on-circumcision,s0003
h0635,views-on-circumcision,s0005
h0636,views-on-circumcision,s0069
h0637,views-on-circumcision,s0070
h0638,views-on-circumcision,s0071
h0639,views-on-circumcision,s0073
h0640,views-on-circumcision,s0074
h0641,views-on-circumcision,s0075
h0642,views-on-circumcision,s0077
h0643,views-on-circumcision,s0078
h0644,views-on-circumcision,s0079
h0645,views-on-circumcision,s0080
h0646,views-on-circumcision,s0082
h0647,views-on-circumcision,s0083
h0648,views-on-circumcision,s0084
h0649,views-on-circumcision,s0086
h0650,views-on-circumcision,s0087
h0651,views-on-circumcision,s0089
h0652,views-on-circumcision,s0090
h0653,views-on-circumcision,s0093
h0654,views-on-circumcision,s0094
h0655,views-on-circumcision,s0095
h0656,views-on-circumcision,s0097
h0657,views-on-circumcision,s0099
h0658,views-on-circumcision,s0101
h0659,views-on-circumcision,s0102
h0660,views-on-circumcision,s0104
h0661,views-on-circumcision,s0105
h0662,views-on-circumcision,s0113
h0663,views-on-circumcision,s0119
h0664,views-on-circumcision,s0121
h0665,views-on-circumcision,s0122
h0666,views-on-circumcision,s0188
h0667,views-on-circumcision,s0190
