article,sentence_id,topic_group,points_left,reviewers,primary_family,families,primary_tie_broken,entries,entry_names,text
ashley-montagu-resolution,s0176,male,1,R1|R3,presumption,presumption|statistics,yes,R1: secundum-quid; R3: over-extrapolation,R1: Secundum quid; R3: Over-extrapolation,"Key limitations stemmed from evidentiary and framing challenges: the resolution's categorical condemnation overlooked systematic reviews documenting net health benefits for neonatal male circumcision, including 50-60% reductions in heterosexual HIV acquisition and lower urinary tract infection risks in infancy."
ashley-montagu-resolution,s0204,male,2,R2,weak_induction,weak_induction,no,R2: suppressed-evidence,R2: Suppressed evidence,"Overall, evidence-based assessments conclude that benefits outweigh risks for infant male circumcision."
brit-milah,s0138,male,0,R1|R2|R3,relevance,relevance,no,R1: non-sequitur; R2: non-sequitur; R3: non-sequitur,R1: Non sequitur; R2: Non sequitur; R3: Non sequitur,"While some evidence suggests unmitigated neonatal pain may heighten responses to later vaccinations, the procedure's brevity and rapid healing—typically within one week—limit long-term sequelae in healthy infants. [65] [66]"
brit-milah,s0293,male,1,R1|R2,relevance,relevance,no,R1: straw-man; R2: straw-man,R1: Straw man; R2: Straw man,"These positions counter activist claims of net harm by prioritizing randomized and cohort data over anecdotal or ideological critiques, acknowledging procedure safety improves with trained practitioners. [126]"
circumcision,s0060,male,0,R1|R2|R3,presumption,presumption,no,R1: inconsistency; R2: inconsistency; R3: inconsistency,R1: Inconsistency; R2: Inconsistency; R3: Inconsistency,"Neonatal circumcision in the first week enables near-painless outcomes under optimal blocks, given lower pre-phimosis sensitivity. [39]"
circumcision,s0180,male,2,R1,presumption,presumption,no,R1: double-standard,R1: Double standard,"Neonatal or childhood circumcision reduces the risk of invasive penile cancer, with a meta-analysis of case-control studies showing an odds ratio of 0.33 (95% CI 0.13–0.83) for men circumcised before adulthood versus uncircumcised men. [4]"
circumcision,s0333,male,1,R1|R3,relevance,relevance|presumption,yes,R1: appeal-to-authority; R3: inconsistency,R1: Appeal to authority (illegitimate); R3: Inconsistency,"While critics highlight limited absolute risk reductions in low-prevalence areas, systematic reviews confirm overall net benefits without harm to sexual function or sensitivity."
circumcision,s0459,male,0,R1|R2|R3,presumption,presumption,no,R1: double-standard; R2: double-standard; R3: double-standard,R1: Double standard; R2: Double standard; R3: Double standard,"Anti-circumcision claims often use observational data, contrasting RCT strength and highlighting the value of causal over correlative evidence. [251] [245]"
circumcision-and-hiv,s0232,male,2,R3,relevance,relevance,no,R3: non-sequitur,R3: Non sequitur,"These results hold despite potential underreporting biases in self-reported behaviors, as HIV incidence trends in circumcised cohorts remained 50–60% lower than expected without compensation.00360-0/fulltext)"
circumcision-and-hiv,s0252,male,2,R1,relevance,relevance,no,R1: straw-man,R1: Straw man,"Critics' reliance on selective or low-quality data is contrasted with the robustness of RCT evidence, underscoring VMMC's role in causal reduction of female-to-male transmission in high-prevalence heterosexual epidemics."
circumcision-and-law,s0007,male,2,R2,relevance,relevance,no,R2: poisoning-the-well,R2: Poisoning the well,"These cases highlight causal trade-offs: while religious communities argue continuity of tradition outweighs deferred consent, critics invoke first-principles of non-maleficence, noting irreversible alteration without immediate medical necessity, amid source biases in advocacy-driven research that often amplify risks or understate cultural contexts."
circumcision-and-law,s0102,male,2,R3,relevance,relevance,no,R3: irrelevant-conclusion,R3: Irrelevant conclusion,"Medical performance is often mandated in countries with immigrant Muslim populations, where prevalence can exceed 20% in urban areas, but secular opposition has fueled debates framing it as a violation of autonomy, despite empirical data showing low complication rates (under 1% for trained providers) and no long-term functional deficits in peer-reviewed studies."
circumcision-and-law,s0113,male,0,R1|R2|R3,relevance,relevance,no,R1: appeal-to-the-people; R2: non-sequitur; R3: non-sequitur,R1: Appeal to the people; R2: Non sequitur; R3: Non sequitur,"These variations underscore a pattern where empirical risk assessments favor regulated access over bans, countering advocacy from sources like secular NGOs that amplify rare complications without proportional context."
circumcision-controversies,s0073,male,0,R1|R2|R3,causal,causal,no,R1: post-hoc; R2: post-hoc; R3: post-hoc,R1: Post hoc ergo propter hoc; R2: Post hoc ergo propter hoc; R3: Post hoc ergo propter hoc,"In high-risk African settings, VMMC interventions have demonstrated epidemiological causality through time-series declines in incidence post-uptake, exceeding expectations from behavioral interventions alone, whereas low-prevalence contexts like Europe show minimal marginal gains due to already subdued transmission dynamics. [56]"
circumcision-controversies,s0085,male,2,R3,relevance,relevance,no,R3: non-sequitur,R3: Non sequitur,"However, Meissner's corpuscle density in the foreskin decreases significantly with age—often by up to 90% by middle age—particularly after puberty when sexual activity increases, questioning their primary role in adult sexual pleasure."
circumcision-controversies,s0101,male,1,R1|R2,weak_induction,weak_induction,no,R1: false-analogy; R2: false-analogy,R1: False analogy; R2: False analogy,"In the case of neonatal circumcision, parental decisions reflect similar reasoning, supported by empirical data indicating limited decisional regret; a 2024 study in a U.S. pediatric urology clinic found that while approximately 20% of parents reported moderate regret—comparable to rates for other elective pediatric surgeries—strong remorse was infrequent, and most affirmed the choice aligned with family values or health considerations."
circumcision-controversies,s0103,male,2,R3,weak_induction,weak_induction,no,R3: false-analogy,R3: False analogy,"Societal utility further bolsters parental discretion in circumcision, as the procedure contributes to population-level reductions in sexually transmitted infections, analogous to herd immunity dynamics observed in vaccination programs."
circumcision-controversies,s0105,male,2,R1,presumption,presumption,no,R1: secundum-quid,R1: Secundum quid,"These effects extend to broader public health gains, including decreased healthcare burdens from preventable infections, justifying proxy interventions where net benefits accrue to dependents and society despite the child's inability to consent."
circumcision-controversies,s0107,male,0,R1|R2|R3,relevance,relevance,no,R1: straw-man; R2: non-sequitur; R3: non-sequitur,R1: Straw man; R2: Non sequitur; R3: Non sequitur,"Infant claims to bodily autonomy falter on grounds of incompetence, as neonates lack capacity for rational deliberation or foresight, rendering absolute deferral to adulthood philosophically incoherent and practically suboptimal."
circumcision-controversies,s0108,male,0,R1|R2|R3,relevance,relevance,no,R1: non-sequitur; R2: non-sequitur; R3: non-sequitur,R1: Non sequitur; R2: Non sequitur; R3: Non sequitur,"Adult foreskin restoration procedures, intended as reversals, yield inconsistent functional outcomes with potential complications like scarring or sensory deficits, and demand remains negligible—less than 1% of circumcised men pursue non-therapeutic reversals—suggesting widespread acceptance rather than latent dissatisfaction. [71]"
circumcision-controversies,s0118,male,0,R1|R2|R3,presumption,presumption|statistics,no,R1: secundum-quid; R2: over-extrapolation; R3: inconsistency,R1: Secundum quid; R2: Over-extrapolation; R3: Inconsistency,"In low-prevalence contexts, these benefits accrue cumulatively over lifetime exposure, outweighing surgical risks when discounting deontological objections and focusing on empirical causality."
circumcision-controversies,s0122,male,2,R3,presumption,presumption,no,R3: far-fetched-hypothesis,R3: Far-fetched hypothesis,"Removal aligns the anatomy with contemporary sanitary realities, reducing these mismatches without invoking adaptive foresight, as natural selection operates on reproductive fitness, not post-hoc hygiene optimality."
circumcision-controversies,s0126,male,2,R2,presumption,presumption,no,R2: double-standard,R2: Double standard,"One study suggesting reduced penile sensitivity in circumcised groups relied on retrospective self-reports prone to recall bias and did not isolate causation from confounding factors like age or partner dynamics, failing to demonstrate downstream impacts on pleasure or function. [79]"
circumcision-controversies,s0128,male,2,R1,statistics,statistics,no,R1: mcnamara-fallacy,R1: McNamara fallacy,"Prioritizing observable utilities over subjective proxies, the procedure's net causal effect favors reduced disease transmission over unsubstantiated pleasure deficits."
circumcision-in-africa,s0154,male,0,R1|R2|R3,relevance,relevance,no,R1: non-sequitur; R2: non-sequitur; R3: non-sequitur,R1: Non sequitur; R2: Non sequitur; R3: Non sequitur,"Empirical data from these programs confirm sustained HIV incidence reductions of 40-60% in high-burden settings, without evidence of behavioral risk compensation.00102-9/fulltext) Complications in VMMC remain low at under 2%, far below traditional methods, supporting their causal role in averting infections amid ongoing HIV epidemics."
circumcision-in-africa,s0282,male,2,R3,relevance,relevance,no,R3: genetic-fallacy,R3: Genetic fallacy,"Such positions, advanced by advocacy groups rather than peer-reviewed consensus, risk undermining combination prevention strategies, potentially elevating HIV incidence in high-burden regions."
circumcision-in-africa,s0285,male,1,R1|R2,weak_induction,weak_induction,no,R1: nut-picking; R2: nut-picking,R1: Nut-picking; R2: Nut-picking,"In 2012, intactivists coordinated negative Amazon reviews to demote a book synthesizing evidence for circumcision's role in HIV control, illustrating ideological efforts to suppress data-driven discourse over scientific merit. [132]"
circumcision-in-africa,s0286,male,1,R1|R3,relevance,relevance,no,R1: circumstantial-ad-hominem; R3: circumstantial-ad-hominem,R1: Circumstantial ad hominem; R3: Circumstantial ad hominem,"These actions, from sources with apparent conflicts tied to advocacy rather than epidemiological expertise, contrast with African-led implementation, where VMMC integration with education and testing has correlated with incidence declines, such as a 30–40% drop in modeled HIV cases in high-uptake areas by 2017. [127]"
cultural-views-on-circumcision-aesthetics,s0124,male,1,R2|R3,presumption,presumption,no,R2: inconsistency; R3: inconsistency,R2: Inconsistency; R3: Inconsistency,"A 2019 systematic review of 29 studies published in Sexual Medicine found that in the overwhelming majority of studies, women expressed a preference for circumcised penises."
ethics-of-circumcision,s0024,male,1,R2|R3,relevance,relevance,no,R2: appeal-to-tradition; R3: appeal-to-tradition,R2: Appeal to tradition; R3: Appeal to tradition,"These ceremonies, predating European contact by centuries and documented in ethnographic accounts from the 19th century onward, involved ritual seclusion, scarification, and oral traditions, with practitioners selected for ancestral knowledge; while modern analyses note elevated risks in unregulated contexts, historical continuity in experienced communal hands suggests adaptive safety mechanisms, such as herbal antiseptics, enabling generational persistence."
ethics-of-circumcision,s0072,male,2,R3,presumption,presumption,no,R3: inconsistency,R3: Inconsistency,"For instance, modeling for a cohort of 1,000 circumcised newborns projected prevention of approximately 100-200 UTIs in infancy alone (given a baseline 1% incidence reduced to 0.1%), alongside lifetime reductions in penile cancer (3-22 cases averted per 100,000) and certain STIs, against 2-10 minor adverse events per 1,000 procedures. [44]"
ethics-of-circumcision,s0076,male,2,R2,presumption,presumption,no,R2: double-standard,R2: Double standard,"These findings counter unsubstantiated assertions of harm, as lower-quality self-report studies showing differences often suffer from recall bias or confounding factors like cultural attitudes, whereas objective measures (e.g., histological sensitivity assessments) indicate preserved or enhanced penile nerve density in circumcised men."
ethics-of-circumcision,s0100,male,2,R2,relevance,relevance,no,R2: straw-man,R2: Straw man,"This framework privileges verifiable causal benefits—such as infection risk mitigation—over hypothetical future regrets, which surveys indicate affect a minority of parents regardless of choice."
ethics-of-circumcision,s0105,male,1,R1|R3,presumption,presumption|statistics,yes,R1: secundum-quid; R3: over-extrapolation,R1: Secundum quid; R3: Over-extrapolation,"These causal data from high-quality RCTs and meta-analyses establish an empirical threshold where harms—primarily acute pain and rare complications—do not predominate, precluding classification as net harm absent context-specific override (e.g., negligible HIV risk environments still yield marginal gains from non-HIV outcomes)."
ethics-of-circumcision,s0106,male,0,R1|R2|R3,weak_induction,weak_induction,no,R1: false-analogy; R2: false-analogy; R3: false-analogy,R1: False analogy; R2: False analogy; R3: False analogy,"Critiques framing infant circumcision as inherently non-therapeutic, thus presumptively harmful, falter against precedents in preventive pediatric medicine, where procedures like heel-stick blood sampling for newborn metabolic screening inflict comparable or greater procedural pain yet are standard due to utility in averting conditions like phenylketonuria, which untreated causes intellectual disability in 1:10,000-15,000 births. [67]"
ethics-of-circumcision,s0110,male,2,R2,relevance,relevance,no,R2: straw-man,R2: Straw man,"Slippery slope arguments equating male circumcision to female genital mutilation (FGM) lack evidential parity, as FGM confers no documented health benefits and correlates with increased risks of urinary issues, sexual dysfunction, and obstetric complications (e.g., postpartum hemorrhage odds ratio 1.3-1.55), per WHO classifications of Types I-III. [70] [71]"
ethics-of-circumcision,s0164,male,1,R2|R3,relevance,relevance,no,R2: non-sequitur; R3: non-sequitur,R2: Non sequitur; R3: Non sequitur,"Reports of adult regret over neonatal circumcision remain infrequent, with reversal procedures sought by only a small minority—estimated at around 3 per 1,000 adult males in the U.S.—implying broad acceptance within these cultural milieus."
ethics-of-circumcision,s0168,male,1,R2|R3,relevance,relevance,no,R2: genetic-fallacy; R3: appeal-to-tradition,R2: Genetic fallacy; R3: Appeal to tradition,"This environmental causality underscores how cultural persistence can embody practical responses to historical exigencies, validating continuity where no overriding harm is empirically demonstrated."
ethics-of-circumcision,s0198,male,0,R1|R2|R3,weak_induction,weak_induction|statistics,no,R1: relative-risk-framing; R2: false-analogy; R3: false-analogy,R1: Relative-risk framing (absolute risk left out); R2: False analogy; R3: False analogy,"However, this framing overlooks its preventive classification in contexts analogous to vaccines, where interventions target rare but severe outcomes with net benefits; for instance, systematic reviews affirm circumcision reduces UTI risk by 90% in infancy and heterosexual HIV acquisition by 50-60% based on randomized controlled trials (RCTs) in high-prevalence settings, benefits that scale population-wide despite low baseline risks. [1] [125]"
ethics-of-circumcision,s0201,male,0,R1|R2|R3,relevance,relevance,no,R1: straw-man; R2: guilt-by-association; R3: non-sequitur,R1: Straw man; R2: Guilt by association; R3: Non sequitur,"Lower circumcision prevalence in Europe (typically under 20%, except among immigrant Muslim populations) is often cited as evidence of non-necessity, yet this reflects historical and cultural norms—such as post-World War II abandonment in the UK and bans linked to anti-Jewish sentiments in antiquity—rather than superior medical outcomes; European nations exhibit comparable disease rates to high-circumcision regions when adjusted for hygiene and behavior, and some analyses urge reconsideration given universal benefits like reduced human papillomavirus (HPV) persistence. [128] [129]"
ethics-of-circumcision,s0214,male,2,R2,relevance,relevance,no,R2: relative-privation,R2: Relative privation,"The ethical calculus of circumcision pain weighs transient, mitigable distress against documented health gains, contrasting sharply with unanesthetized female genital cutting, where severe, unmanaged nociception correlates with chronic pelvic pain and dyspareunia in up to 30-50% of cases per cohort studies. [141]"
ethics-of-circumcision,s0242,male,2,R3,presumption,presumption,no,R3: double-standard,R3: Double standard,"Regret dynamics further complicate this: while direct studies on adult regret for neonatal non-circumcision are sparse, surveys indicate that uncircumcised men rarely seek later intervention absent acute issues like phimosis, implying deferred decisions may forfeit cumulative protections, such as a 10-fold UTI risk reduction in the first year of life achievable only through early intervention. [1]"
ethics-of-circumcision,s0247,male,1,R1|R2,presumption,presumption,no,R1: begging-the-question; R2: begging-the-question,R1: Begging the question; R2: Begging the question,"This evidence prioritizes causal efficacy over deferred choice, as adult uptake failures undermine preventive efficacy."
ethics-of-circumcision,s0302,male,0,R1|R2|R3,weak_induction,weak_induction,no,R1: argument-from-silence; R2: argument-from-ignorance; R3: argument-from-ignorance,R1: Argument from silence; R2: Argument from ignorance; R3: Argument from ignorance,"This contextual reading prioritizes verifiable health outcomes over absolutist interpretations of bodily integrity, as the UNCRC's silence on condemnation reflects an acknowledgment that proxy parental decisions can align with overall child welfare when risks are minimized through sterile procedures. [176] [177]"
foreskin,s0079,male,0,R1|R2|R3,presumption,presumption,no,R1: inconsistency; R2: inconsistency; R3: inconsistency,R1: Inconsistency; R2: Inconsistency; R3: Inconsistency,"The glans penis itself contains thousands of specialized nerve endings (around 4,000–8,000 axons/receptors), forming the primary site for erogenous sensation, which remains unaffected by circumcision."
foreskin,s0166,male,2,R3,presumption,presumption,no,R3: inconsistency,R3: Inconsistency,"Observational studies, including randomized trials in high-HIV-prevalence regions, demonstrate that the foreskin increases heterosexual HIV acquisition risk by enriching target cells (e.g., Langerhans cells) in its inner mucosa, with circumcision conferring 50-60% relative protection against infection; however, these findings derive largely from African cohorts and may attenuate in low-prevalence settings with condom use. [87] [88]"
khitan-circumcision,s0006,male,2,R1,presumption,presumption,no,R1: secundum-quid,R1: Secundum quid,"Empirical medical evidence indicates that male circumcision reduces risks of urinary tract infections in infancy, penile cancer, and heterosexual HIV acquisition by up to 60% in high-prevalence areas, with benefits outweighing rare complications like bleeding or adhesions when performed neonatally under sterile conditions. [3] [4]"
khitan-circumcision,s0207,male,2,R3,weak_induction,weak_induction,no,R3: cherry-picking,R3: Cherry-picking,"Complication rates for medically supervised male circumcision remain below 1% for serious adverse events, whereas FGC, predominantly non-sterile and non-clinical, correlates with morbidity rates exceeding 20% in untreated cases. [3]"
mohel,s0122,male,0,R1|R2|R3,presumption,presumption|statistics|causal,yes,R1: secundum-quid; R2: cum-hoc; R3: over-extrapolation,R1: Secundum quid; R2: Cum hoc ergo propter hoc; R3: Over-extrapolation,"Systematic reviews of these trials and observational data affirm the mechanism involves keratinization of the glans and reduced viral entry sites under the foreskin, conferring lifelong protection when performed neonatally, as evidenced by lower HIV prevalence in circumcised populations. [62]"
mohel,s0231,male,0,R1|R2|R3,relevance,relevance,no,R1: bulverism; R2: appeal-to-motive; R3: bulverism,R1: Bulverism; R2: Appeal to motive; R3: Bulverism,"Mainstream portrayals tend to prioritize autonomy arguments against non-consensual procedures, reflecting institutional biases toward secular norms, while underrepresenting the ritual's centrality to Jewish continuity amid declining circumcision rates among non-religious U.S. Jews (from 90% in the 1970s to about 70% by 2020)."
phimosis,s0265,male,2,R1,presumption,presumption,no,R1: inconsistency,R1: Inconsistency,"In contrast, European countries with low circumcision prevalence—such as Denmark (<1%), Germany (6.7%), and the United Kingdom (<20%)—report higher rates of phimosis requiring intervention, with systematic reviews indicating 1-5% of adult males affected, often linked to untreated physiological cases progressing to pathology. [81] [22]"
prevalence-of-circumcision,s0058,male,0,R1|R2|R3,causal,causal,no,R1: false-cause; R2: cum-hoc; R3: cum-hoc,R1: False cause; R2: Cum hoc ergo propter hoc; R3: Cum hoc ergo propter hoc,"Program evaluations confirm population-level HIV incidence declines correlating with VMMC scale-up, independent of confounding factors like antiretroviral therapy expansion."
ulwaluko,s0085,male,2,R1,relevance,relevance,no,R1: irrelevant-conclusion,R1: Irrelevant conclusion,"However, ethnographic accounts from initiated men consistently report enhanced self-perception and social integration post-rite, underscoring its perceived efficacy in identity solidification despite external debates. [5]"
ulwaluko,s0097,male,0,R1|R2|R3,relevance,relevance,no,R1: appeal-to-tradition; R2: appeal-to-tradition; R3: appeal-to-tradition,R1: Appeal to tradition; R2: Appeal to tradition; R3: Appeal to tradition,"While these values sustain cultural continuity—practiced by over 80% of Xhosa males as of recent surveys—they have drawn critique for entrenching hierarchical gender expectations, such as male primacy in provision, potentially at odds with egalitarian modern ideals, yet empirical persistence underscores their adaptive fit within enduring Xhosa social fabrics. [7]"
ulwaluko,s0130,male,2,R3,statistics,statistics,no,R3: over-extrapolation,R3: Over-extrapolation,"Empirical benefits of male circumcision, applicable to properly performed Ulwaluko, include a 60% reduction in heterosexual HIV acquisition risk for men, as established by randomized controlled trials in sub-Saharan Africa and endorsed by the World Health Organization for voluntary medical programs; South African data align with these findings, showing lower HIV incidence among circumcised males. [42] [43]"
ulwaluko,s0147,male,0,R1|R2|R3,presumption,presumption,no,R1: inconsistency; R2: no-true-scotsman; R3: inconsistency,R1: Inconsistency; R2: No true Scotsman; R3: Inconsistency,"Empirical audits reveal that core ritual elements under qualified custodians exhibit fewer failures, with escalated risks tracing primarily to modern encroachments such as fee-based, unregulated schools rather than inherent procedural flaws."
views-on-circumcision,s0091,male,1,R1|R3,weak_induction,weak_induction,no,R1: false-analogy; R3: false-analogy,R1: False analogy; R3: False analogy,"Circumcision-related mortality is exceedingly rare, estimated at less than 1 in 500,000 procedures in developed settings, lower than the mortality risk associated with common pediatric surgeries like appendectomy, which exceeds 1% in infants under one year. [56]"
views-on-circumcision,s0098,male,1,R1|R3,relevance,relevance,no,R1: irrelevant-conclusion; R3: non-sequitur,R1: Irrelevant conclusion; R3: Non sequitur,"Recent cohort studies from 2023 and 2024 in controlled clinical environments report overall complication rates below 1%, predominantly minor and resolving without sequelae, undermining exaggerated characterizations of the procedure as inherently mutilative absent comparative data from other genital interventions. [62] [63]"
views-on-circumcision,s0125,male,0,R1|R2|R3,relevance,relevance,no,R1: irrelevant-conclusion; R2: irrelevant-conclusion; R3: irrelevant-conclusion,R1: Irrelevant conclusion; R2: Irrelevant conclusion; R3: Irrelevant conclusion,"However, these initiatives have faced setbacks due to insufficient evidence of harm in population-level data, with surveys indicating that adult circumcised men report satisfaction rates comparable to uncircumcised peers, suggesting that consent-based objections may not align with observed outcomes."
views-on-circumcision,s0126,male,2,R2,relevance,relevance,no,R2: irrelevant-conclusion,R2: Irrelevant conclusion,"This tension highlights a reliance on deontological principles over consequentialist evaluations, where the absence of provable detriment challenges the urgency of prohibiting a procedure performed on millions without substantiated regret."
views-on-circumcision,s0184,male,1,R1|R3,relevance,relevance|presumption,yes,R1: secundum-quid; R3: red-herring,R1: Secundum quid; R3: Red herring,"This analogy persists despite fundamental disparities: FGM offers no established health benefits and entails severe complications including urinary issues and increased mortality risks, whereas voluntary medical male circumcision (VMMC) demonstrates empirical benefits such as reduced heterosexual HIV acquisition."
